item_id,Issue id,Summary,Description,Priority,Resolution,Status,Created,Resolved,text,is_severe_fixed_bug
HBASE-13540771,13540771,The description about hbase.hstore.comactionThreshold is not accurate,"In document hbase-default.xml， The  description about [hbase.hstore.comactionThreshold|http://hbase.hstore.comactionthreshold/] is not accurate，as follow：

!2023-06-20_221700.png!

Actually，hbase will run compaction when the number of store files greater than or equal to [hbase.hstore.comactionThreshold|http://hbase.hstore.comactionthreshold/], as follow

!2023-06-20_221821.png!

 ",Minor,Fixed,Resolved,20/Jun/23 14:24,05/Jul/23 14:40,"The description about hbase.hstore.comactionThreshold is not accurate. In document hbase-default.xml， The  description about [hbase.hstore.comactionThreshold|http://hbase.hstore.comactionthreshold/] is not accurate，as follow：

!2023-06-20_221700.png!

Actually，hbase will run compaction when the number of store files greater than or equal to [hbase.hstore.comactionThreshold|http://hbase.hstore.comactionthreshold/], as follow

!2023-06-20_221821.png!",0
HBASE-13282243,13282243,Flaky tests due to ZK client name resolution delays,"[~ndimiduk] and I ran into this issue (separately) and we noticed that there are some performance issues with name resolution in the Zookeeper client. Since we use ZK heavily in the unit tests, this often manifests as the following issues 

1. Test time outs starting the mini cluster (Master failed to start....)
2. InterruptedException (because the tests timeout)
3. Flaky tests because a subset of the cluster fails to start for whatever reason (replication tests especially because they spawn multiple clusters).
4. ConnectionLoss to znode /hbase/xyzz.. JVM pause?

I have strong feeling that this is a possible cause for many of our flaky tests in Jenkins. Luckily, it looks like the following workaround to switch to an IP address instead of hostname makes it much quicker. There are some related discussions in the ZK community (ZOOKEEPER-1666 and related jiras).


{code:java}
--- a/hbase-common/src/main/resources/hbase-default.xml
+++ b/hbase-common/src/main/resources/hbase-default.xml
@@ -72,7 +72,7 @@ possible configurations would overwhelm and obscure the important.
   </property>
   <property>
     <name>hbase.zookeeper.quorum</name>
-    <value>localhost</value>
+    <value>127.0.0.1</value>
     <description>Comma separated list of servers in the ZooKeeper ensemble
     (This config. should have been named hbase.zookeeper.ensemble).
     For example, ""host1.mydomain.com,host2.mydomain.com,host3.mydomain.com"".
{code}


Until we figure out the actual root cause and a dependency upgrade (if needed), we should consider making this hostname to IP switch for more stable builds.",Major,Fixed,Resolved,29/Jan/20 17:52,02/Feb/20 00:32,"Flaky tests due to ZK client name resolution delays. [~ndimiduk] and I ran into this issue (separately) and we noticed that there are some performance issues with name resolution in the Zookeeper client. Since we use ZK heavily in the unit tests, this often manifests as the following issues 

1. Test time outs starting the mini cluster (Master failed to start....)
2. InterruptedException (because the tests timeout)
3. Flaky tests because a subset of the cluster fails to start for whatever reason (replication tests especially because they spawn multiple clusters).
4. ConnectionLoss to znode /hbase/xyzz.. JVM pause?

I have strong feeling that this is a possible cause for many of our flaky tests in Jenkins. Luckily, it looks like the following workaround to switch to an IP address instead of hostname makes it much quicker. There are some related discussions in the ZK community (ZOOKEEPER-1666 and related jiras).


{code:java}
--- a/hbase-common/src/main/resources/hbase-default.xml
+++ b/hbase-common/src/main/resources/hbase-default.xml
@@ -72,7 +72,7 @@ possible configurations would overwhelm and obscure the important.
   </property>
   <property>
     <name>hbase.zookeeper.quorum</name>
-    <value>localhost</value>
+    <value>127.0.0.1</value>
     <description>Comma separated list of servers in the ZooKeeper ensemble
     (This config. should have been named hbase.zookeeper.ensemble).
     For example, ""host1.mydomain.com,host2.mydomain.com,host3.mydomain.com"".
{code}


Until we figure out the actual root cause and a dependency upgrade (if needed), we should consider making this hostname to IP switch for more stable builds.",0
HBASE-13550938,13550938,Upgrade BouncyCastle to fix CVE-2023-33201,"HBase has a dependency on BouncyCastle 1.70 which is vulnerable with [CVE-2023-33201|https://nvd.nist.gov/vuln/detail/CVE-2023-33201]

Advisory: [https://github.com/bcgit/bc-java/wiki/CVE-2023-33201]

This JIRA's goal is to fix the following:
 * Upgrade to v1.76, the latest version.
 ** This requires  bcprov-jdk15on to be replaced with bcprov-jdk18on
 ** See [https://www.bouncycastle.org/latest_releases.html]
 *** 
{quote}*Java Version Details* With the arrival of Java 15. jdk15 is not quite as unambiguous as it was. The *jdk18on* jars are compiled to work with *anything* from Java 1.8 up. They are also multi-release jars so do support some features that were introduced in Java 9, Java 11, and Java 15. If you have issues with multi-release jars see the jdk15to18 release jars below.

*Packaging Change (users of 1.70 or earlier):* BC 1.71 changed the jdk15on jars to jdk18on so the base has now moved to Java 8. For earlier JVMs, or containers/applications that cannot cope with multi-release jars, you should now use the jdk15to18 jars.
{quote}
 * Exclude bcprov-jdk15on from everywhere else to avoid conflicts with bcprov-jdk18on",Major,Fixed,Resolved,16/Sep/23 19:38,23/Sep/23 17:24,"Upgrade BouncyCastle to fix CVE-2023-33201. HBase has a dependency on BouncyCastle 1.70 which is vulnerable with [CVE-2023-33201|https://nvd.nist.gov/vuln/detail/CVE-2023-33201]

Advisory: [https://github.com/bcgit/bc-java/wiki/CVE-2023-33201]

This JIRA's goal is to fix the following:
 * Upgrade to v1.76, the latest version.
 ** This requires  bcprov-jdk15on to be replaced with bcprov-jdk18on
 ** See [https://www.bouncycastle.org/latest_releases.html]
 *** 
{quote}*Java Version Details* With the arrival of Java 15. jdk15 is not quite as unambiguous as it was. The *jdk18on* jars are compiled to work with *anything* from Java 1.8 up. They are also multi-release jars so do support some features that were introduced in Java 9, Java 11, and Java 15. If you have issues with multi-release jars see the jdk15to18 release jars below.

*Packaging Change (users of 1.70 or earlier):* BC 1.71 changed the jdk15on jars to jdk18on so the base has now moved to Java 8. For earlier JVMs, or containers/applications that cannot cope with multi-release jars, you should now use the jdk15to18 jars.
{quote}
 * Exclude bcprov-jdk15on from everywhere else to avoid conflicts with bcprov-jdk18on",0
HBASE-13576734,13576734,Refactoring Data Tiering Management for Improved Extensibility and Maintainability,"This Jira focuses on refactoring the Data Tiering Management module to enhance modularity and remove the Singleton pattern. The objective is to restructure the codebase for better separation of concerns and increased flexibility. This includes migrating away from the Singleton pattern in favor of a more modular approach, enabling easier integration of new data tiering types and handlers.",Major,,Open,22/Apr/24 10:24,,"Refactoring Data Tiering Management for Improved Extensibility and Maintainability. This Jira focuses on refactoring the Data Tiering Management module to enhance modularity and remove the Singleton pattern. The objective is to restructure the codebase for better separation of concerns and increased flexibility. This includes migrating away from the Singleton pattern in favor of a more modular approach, enabling easier integration of new data tiering types and handlers.",0
HBASE-13279574,13279574,Split failure may cause region hole and data loss when use zk assign,"to mock this case, I add a sleep code in SplitTransactionImpl.excute after the PONR and before openDaughters:
{code:java}
public PairOfSameType<Region> execute(final Server server,
      final RegionServerServices services, User user) throws IOException {
    this.server = server;
    this.rsServices = services;
    useZKForAssignment = server == null ? true :
      ConfigUtil.useZKForAssignment(server.getConfiguration());
    if (useCoordinatedStateManager(server)) {
      std =
          ((BaseCoordinatedStateManager) server.getCoordinatedStateManager())
              .getSplitTransactionCoordination().getDefaultDetails();
    }
    PairOfSameType<Region> regions = createDaughters(server, services, user);
    if (this.parent.getCoprocessorHost() != null) {
      if (user == null) {
        parent.getCoprocessorHost().preSplitAfterPONR();
      } else {
        try {
          user.getUGI().doAs(new PrivilegedExceptionAction<Void>() {
            @Override
            public Void run() throws Exception {
              parent.getCoprocessorHost().preSplitAfterPONR();
              return null;
            }
          });
        } catch (InterruptedException ie) {
          InterruptedIOException iioe = new InterruptedIOException();
          iioe.initCause(ie);
          throw iioe;
        }
      }
    }
    
    //sleep here!!!
    try {
      Thread.sleep(1000 * 60 * 60);
    } catch (InterruptedException e) {
      e.printStackTrace();
    }

    regions = stepsAfterPONR(server, services, regions, user);

    transition(SplitTransactionPhase.COMPLETED);

    return regions;
  }
{code}
so the split transaction will hang.

then i try to reproduce this problem:

1.Create a test table and move it into a test rsgroup, there is only 1 RS in the test group

2.Trigger a region split

3.The split transaction step after the PONR and sleep, regioninfo in meta has been updated

4.Kill the RS process to mock machine crash

5.ServerCrashProcedure cleanup SPLITING_NEW region, the daughter regions will be deleted

6.ServerCrashProcedure try to assign the parent region, because RS is down and assign fails, the region status is set to FAILED_OPEN and put back into regionsInTransition. But at this time, due to RS crash, the node of the region under ZK region-in-transition no longer exist

7.CatalogJanitor thread is blocked due to RIT

8.Switch active master

9.The CatalogJanitor thread on the new master executes normally and the parent region is cleaned up because split = true && offline = true in the meta table

10.We have a hole in the test table and loss data.

 

I modified the code when ServerCrashProcedure cleans up the child regions, it will update the parent regioninfo in the meta table, and this problem is no longer reproduced.


I will upload the patch later.",Critical,Fixed,Resolved,15/Jan/20 12:15,11/Feb/20 15:36,"Split failure may cause region hole and data loss when use zk assign. to mock this case, I add a sleep code in SplitTransactionImpl.excute after the PONR and before openDaughters:
{code:java}
public PairOfSameType<Region> execute(final Server server,
      final RegionServerServices services, User user) throws IOException {
    this.server = server;
    this.rsServices = services;
    useZKForAssignment = server == null ? true :
      ConfigUtil.useZKForAssignment(server.getConfiguration());
    if (useCoordinatedStateManager(server)) {
      std =
          ((BaseCoordinatedStateManager) server.getCoordinatedStateManager())
              .getSplitTransactionCoordination().getDefaultDetails();
    }
    PairOfSameType<Region> regions = createDaughters(server, services, user);
    if (this.parent.getCoprocessorHost() != null) {
      if (user == null) {
        parent.getCoprocessorHost().preSplitAfterPONR();
      } else {
        try {
          user.getUGI().doAs(new PrivilegedExceptionAction<Void>() {
            @Override
            public Void run() throws Exception {
              parent.getCoprocessorHost().preSplitAfterPONR();
              return null;
            }
          });
        } catch (InterruptedException ie) {
          InterruptedIOException iioe = new InterruptedIOException();
          iioe.initCause(ie);
          throw iioe;
        }
      }
    }
    
    //sleep here!!!
    try {
      Thread.sleep(1000 * 60 * 60);
    } catch (InterruptedException e) {
      e.printStackTrace();
    }

    regions = stepsAfterPONR(server, services, regions, user);

    transition(SplitTransactionPhase.COMPLETED);

    return regions;
  }
{code}
so the split transaction will hang.

then i try to reproduce this problem:

1.Create a test table and move it into a test rsgroup, there is only 1 RS in the test group

2.Trigger a region split

3.The split transaction step after the PONR and sleep, regioninfo in meta has been updated

4.Kill the RS process to mock machine crash

5.ServerCrashProcedure cleanup SPLITING_NEW region, the daughter regions will be deleted

6.ServerCrashProcedure try to assign the parent region, because RS is down and assign fails, the region status is set to FAILED_OPEN and put back into regionsInTransition. But at this time, due to RS crash, the node of the region under ZK region-in-transition no longer exist

7.CatalogJanitor thread is blocked due to RIT

8.Switch active master

9.The CatalogJanitor thread on the new master executes normally and the parent region is cleaned up because split = true && offline = true in the meta table

10.We have a hole in the test table and loss data.

 

I modified the code when ServerCrashProcedure cleans up the child regions, it will update the parent regioninfo in the meta table, and this problem is no longer reproduced.


I will upload the patch later.",1
HBASE-13285430,13285430,Remove deprecated setMaxVersions(int) from Scan,{{setMaxVersions(int)}} in {{Scan}} was deprecated back in 2.0.0 and should be removed for 3.0.0.,Minor,Fixed,Resolved,14/Feb/20 21:40,31/Mar/20 08:18,Remove deprecated setMaxVersions(int) from Scan. {{setMaxVersions(int)}} in {{Scan}} was deprecated back in 2.0.0 and should be removed for 3.0.0.,0
HBASE-13279975,13279975,Make sure HBaseClassTestRule doesn't suffer same issue as HBaseClassTestRuleChecker,"[~bharathv] pointed out on HBASE-23695 ([https://github.com/apache/hbase/pull/1052]) that HBaseClassTestRule suffers the same potential bug that I fixed in HBASE-23695 for HBaseClassTestRuleChecker. Make sure the fix is in both places.

 ",Minor,Fixed,Resolved,16/Jan/20 20:31,17/Jan/20 18:03,Make sure HBaseClassTestRule doesn't suffer same issue as HBaseClassTestRuleChecker. [~bharathv] pointed out on HBASE-23695 ([https://github.com/apache/hbase/pull/1052]) that HBaseClassTestRule suffers the same potential bug that I fixed in HBASE-23695 for HBaseClassTestRuleChecker. Make sure the fix is in both places.,0
HBASE-13409145,13409145,Introduce a region replication sink for sinking WAL edits to secondary replicas directly,"Without reading the WAL file.

This could decouple the dependency between WAL and replication a bit, and also it will have a much lower latency.",Major,Fixed,Resolved,29/Oct/21 16:01,02/Nov/21 02:16,"Introduce a region replication sink for sinking WAL edits to secondary replicas directly. Without reading the WAL file.

This could decouple the dependency between WAL and replication a bit, and also it will have a much lower latency.",0
HBASE-13538580,13538580,Skip submitting Split/Merge procedure when split/merge is disabled at table level,"*Scenario*

If split/merge is disabled at table level , master will submit a SplitTableRegionProcedure/MergeTableRegionsProcedure , and rollback it as execution fails during pre-checks .

*Improvement*

Master can check it early and no need to submit SplitTableRegionProcedure/MergeTableRegionsProcedure when split/merge switch is disabled at Table level.

*Steps*
{code:java}
create 'testCreateTableWithMergeDisableParameter', 'f1', {MERGE_ENABLED => false}
list_regions 'testCreateTableWithMergeDisableParameter'
merge_region 'd21cdc5d488e8036017696c46cffd9b1','6382c8f731a4f0379b6e98ece4b06e3e'
{code}
{code:java}
create 'testcreatetablewithsplitdisableparameter', 'f1', {SPLIT_ENABLED => false}
split 'testcreatetablewithsplitdisableparameter','30'{code}
 ",Minor,Fixed,Resolved,02/Jun/23 11:26,25/Sep/24 05:50,"Skip submitting Split/Merge procedure when split/merge is disabled at table level. *Scenario*

If split/merge is disabled at table level , master will submit a SplitTableRegionProcedure/MergeTableRegionsProcedure , and rollback it as execution fails during pre-checks .

*Improvement*

Master can check it early and no need to submit SplitTableRegionProcedure/MergeTableRegionsProcedure when split/merge switch is disabled at Table level.

*Steps*
{code:java}
create 'testCreateTableWithMergeDisableParameter', 'f1', {MERGE_ENABLED => false}
list_regions 'testCreateTableWithMergeDisableParameter'
merge_region 'd21cdc5d488e8036017696c46cffd9b1','6382c8f731a4f0379b6e98ece4b06e3e'
{code}
{code:java}
create 'testcreatetablewithsplitdisableparameter', 'f1', {SPLIT_ENABLED => false}
split 'testcreatetablewithsplitdisableparameter','30'{code}",0
HBASE-13433870,13433870,Expose meta lookup configs in HConstants,"This makes it easier for clients to set this config in an upgrade-compatible way. In other words, if a future release changes or removes these configs it will be clear to users because imports will break. Otherwise hbase may start silently ignoring these fields:
{code:java}
hbase.hconnection.meta.lookup.threads.max
hbase.hconnection.meta.lookup.threads.core{code}",Minor,,Open,15/Mar/22 12:37,,"Expose meta lookup configs in HConstants. This makes it easier for clients to set this config in an upgrade-compatible way. In other words, if a future release changes or removes these configs it will be clear to users because imports will break. Otherwise hbase may start silently ignoring these fields:
{code:java}
hbase.hconnection.meta.lookup.threads.max
hbase.hconnection.meta.lookup.threads.core{code}",0
HBASE-13327061,13327061,Avoid reset the backup master root cache every time when syncing,Improve the pull logic to not always reset the cache.,Major,Fixed,Resolved,11/Sep/20 10:10,21/Sep/20 12:34,Avoid reset the backup master root cache every time when syncing. Improve the pull logic to not always reset the cache.,0
HBASE-13302766,13302766,Avoid two parallel running of GCMulitpleMergedRegionsProcedure over the same region.,"As [~stack] suggested in one of PRs, ""This method is called from GCMergedRegionsProcedure and GCMulitpleMergedRegionsProcedure. I was wondering if we took a lock on the Region being Merged would it stop two overlapping GCs happening?""",Major,Duplicate,Resolved,04/May/20 23:37,05/May/20 23:16,"Avoid two parallel running of GCMulitpleMergedRegionsProcedure over the same region.. As [~stack] suggested in one of PRs, ""This method is called from GCMergedRegionsProcedure and GCMulitpleMergedRegionsProcedure. I was wondering if we took a lock on the Region being Merged would it stop two overlapping GCs happening?""",0
HBASE-13596930,13596930,"Remove all jackson 1.x dependencies for hadoop-3 profile, since all jackson 1.x versions have vulnerabilities","Building hbase with hadoop-3 profile on branch-2, still requires jackson 1.x jars, which has vulnerabilities. Ideally these should not be needed as with HADOOP-13332 hadoop has already ""Remove jackson 1.9.13 and switch all jackson code to 2.x code line"" for branch-3.

Also in HBASE-27148, where we worked on ""Move minimum hadoop 3 support version to 3.2.3"" we had did a similar cleanup for branch-3 but somehow we missed to port the relevant changes to the branch-2 backport of same jira. This task is to take care of this so that we donot need jackson 1.x to build/run hbase with hadoop-3 profile on branch-2.x.

 

We have following in our dependency tree:
{code:java}
[INFO] ----------< org.apache.hbase:hbase-shaded-client-byo-hadoop >-----------
[INFO] Building Apache HBase - Shaded - Client 2.7.0-SNAPSHOT           [33/53]
[INFO]   from hbase-shaded/hbase-shaded-client-byo-hadoop/pom.xml
[INFO] --------------------------------[ jar ]---------------------------------
[INFO] 
[INFO] +- org.codehaus.jackson:jackson-jaxrs:jar:1.9.13:provided
[INFO] +- org.codehaus.jackson:jackson-xc:jar:1.9.13:provided
.
.
[INFO] --------------< org.apache.hbase:hbase-shaded-mapreduce >---------------
[INFO] Building Apache HBase - Shaded - MapReduce 2.7.0-SNAPSHOT        [34/53]
[INFO]   from hbase-shaded/hbase-shaded-mapreduce/pom.xml
[INFO] --------------------------------[ jar ]--------------------------------- 
[INFO] 
[INFO] +- org.codehaus.jackson:jackson-jaxrs:jar:1.9.13:provided
[INFO] +- org.codehaus.jackson:jackson-xc:jar:1.9.13:provided
.
.
[INFO] -------------< org.apache.hbase:hbase-shaded-testing-util >-------------
[INFO] Building Apache HBase - Shaded - Testing Util 2.7.0-SNAPSHOT     [46/53]
[INFO]   from hbase-shaded/hbase-shaded-testing-util/pom.xml
[INFO] --------------------------------[ jar ]---------------------------------
[INFO] 
[INFO] +- org.codehaus.jackson:jackson-jaxrs:jar:1.9.13:compile
[INFO] |  +- org.codehaus.jackson:jackson-core-asl:jar:1.9.13:compile
[INFO] |  \- org.codehaus.jackson:jackson-mapper-asl:jar:1.9.13:compile
[INFO] |  +- org.codehaus.jackson:jackson-jaxrs:jar:1.9.13:test
.
.
[INFO] ---------< org.apache.hbase:hbase-shaded-testing-util-tester >----------
[INFO] Building Apache HBase - Shaded - Testing Util Tester 2.7.0-SNAPSHOT [47/53]
[INFO]   from hbase-shaded/hbase-shaded-testing-util-tester/pom.xml
[INFO] --------------------------------[ jar ]--------------------------------- 
[INFO] 
[INFO] +- org.codehaus.jackson:jackson-mapper-asl:jar:1.9.13:test
[INFO] |  \- org.codehaus.jackson:jackson-core-asl:jar:1.9.13:test {code}",Major,Fixed,Resolved,28/Oct/24 10:40,06/Nov/24 13:16,"Remove all jackson 1.x dependencies for hadoop-3 profile, since all jackson 1.x versions have vulnerabilities. Building hbase with hadoop-3 profile on branch-2, still requires jackson 1.x jars, which has vulnerabilities. Ideally these should not be needed as with HADOOP-13332 hadoop has already ""Remove jackson 1.9.13 and switch all jackson code to 2.x code line"" for branch-3.

Also in HBASE-27148, where we worked on ""Move minimum hadoop 3 support version to 3.2.3"" we had did a similar cleanup for branch-3 but somehow we missed to port the relevant changes to the branch-2 backport of same jira. This task is to take care of this so that we donot need jackson 1.x to build/run hbase with hadoop-3 profile on branch-2.x.

 

We have following in our dependency tree:
{code:java}
[INFO] ----------< org.apache.hbase:hbase-shaded-client-byo-hadoop >-----------
[INFO] Building Apache HBase - Shaded - Client 2.7.0-SNAPSHOT           [33/53]
[INFO]   from hbase-shaded/hbase-shaded-client-byo-hadoop/pom.xml
[INFO] --------------------------------[ jar ]---------------------------------
[INFO] 
[INFO] +- org.codehaus.jackson:jackson-jaxrs:jar:1.9.13:provided
[INFO] +- org.codehaus.jackson:jackson-xc:jar:1.9.13:provided
.
.
[INFO] --------------< org.apache.hbase:hbase-shaded-mapreduce >---------------
[INFO] Building Apache HBase - Shaded - MapReduce 2.7.0-SNAPSHOT        [34/53]
[INFO]   from hbase-shaded/hbase-shaded-mapreduce/pom.xml
[INFO] --------------------------------[ jar ]--------------------------------- 
[INFO] 
[INFO] +- org.codehaus.jackson:jackson-jaxrs:jar:1.9.13:provided
[INFO] +- org.codehaus.jackson:jackson-xc:jar:1.9.13:provided
.
.
[INFO] -------------< org.apache.hbase:hbase-shaded-testing-util >-------------
[INFO] Building Apache HBase - Shaded - Testing Util 2.7.0-SNAPSHOT     [46/53]
[INFO]   from hbase-shaded/hbase-shaded-testing-util/pom.xml
[INFO] --------------------------------[ jar ]---------------------------------
[INFO] 
[INFO] +- org.codehaus.jackson:jackson-jaxrs:jar:1.9.13:compile
[INFO] |  +- org.codehaus.jackson:jackson-core-asl:jar:1.9.13:compile
[INFO] |  \- org.codehaus.jackson:jackson-mapper-asl:jar:1.9.13:compile
[INFO] |  +- org.codehaus.jackson:jackson-jaxrs:jar:1.9.13:test
.
.
[INFO] ---------< org.apache.hbase:hbase-shaded-testing-util-tester >----------
[INFO] Building Apache HBase - Shaded - Testing Util Tester 2.7.0-SNAPSHOT [47/53]
[INFO]   from hbase-shaded/hbase-shaded-testing-util-tester/pom.xml
[INFO] --------------------------------[ jar ]--------------------------------- 
[INFO] 
[INFO] +- org.codehaus.jackson:jackson-mapper-asl:jar:1.9.13:test
[INFO] |  \- org.codehaus.jackson:jackson-core-asl:jar:1.9.13:test {code}",0
HBASE-13397225,13397225,Introduce a MigrationStoreFileTracker to support migrating from different store file tracker implementations,"As mentioned in this section in the design doc:

https://docs.google.com/document/d/16Nr1Fn3VaXuz1g1FTiME-bnGR3qVK5B-raXshOkDLcY/edit#heading=h.vv41957yf4i",Major,Fixed,Resolved,25/Aug/21 15:58,11/Sep/21 14:48,"Introduce a MigrationStoreFileTracker to support migrating from different store file tracker implementations. As mentioned in this section in the design doc:

https://docs.google.com/document/d/16Nr1Fn3VaXuz1g1FTiME-bnGR3qVK5B-raXshOkDLcY/edit#heading=h.vv41957yf4i",0
HBASE-13468490,13468490,graceful_stop.sh should support specifing server port,"Right now the graceful_stop.sh script just support specify server hostname, while RS  are not necessarily deployed with default configuration,  the script is unavailable in this situation.

graceful_stop.sh is based on org.apache.hadoop.hbase.util.RegionMover, the code of RegionMover support specifing port.",Minor,,Open,27/Jun/22 06:27,,"graceful_stop.sh should support specifing server port. Right now the graceful_stop.sh script just support specify server hostname, while RS  are not necessarily deployed with default configuration,  the script is unavailable in this situation.

graceful_stop.sh is based on org.apache.hadoop.hbase.util.RegionMover, the code of RegionMover support specifing port.",0
HBASE-13283046,13283046,Update docs re: Hadoop compatibility of 2.3.x release,Update the [book|http://hbase.apache.org/book.html#hadoop] regarding our Hadoop compatibility for the 2.3 release lines.,Major,Not A Problem,Resolved,03/Feb/20 21:07,02/Jun/20 23:07,Update docs re: Hadoop compatibility of 2.3.x release. Update the [book|http://hbase.apache.org/book.html#hadoop] regarding our Hadoop compatibility for the 2.3 release lines.,0
HBASE-13545152,13545152,AbstractFSWAL causes ArithmeticException due to improper logRollSize value checking,"h2. What happened

There is no value checking for parameter {{hbase.regionserver.logroll.multiplier}} when {{hbase.wal.provider}} is set to {{multiwal}}. This may cause improper calculations and crashes the system like division by 0.
h2. Buggy code

In {{AbstractFSWAL.java}}, there is no value checking for {{logRollSize and this variable is directly used while calculating the value of maxLogFiles in the method calculateMaxLogFiles}}. When logRollSize is mistakenly set to 0, the code would cause division by 0 and throw {{ArithmeticException}} to crash the system.
{noformat}
     private int calculateMaxLogFiles(Configuration conf, long logRollSize) {
    Pair<Long, MemoryType> globalMemstoreSize = MemorySizeUtil.getGlobalMemStoreSize(conf);
    return (int) ((globalMemstoreSize.getFirst() * 2) / logRollSize);
  }{noformat}
h2. How to reproduce

(1) set hbase.regionserver.logroll.multiplier=0.0 and hbase.wal.provider=multiwal
(2) run org.apache.hadoop.hbase.wal.TestWALMethods#testGetSplitEditFilesSorted
you should observe the following failure:
{noformat}
java.lang.ArithmeticException: / by zero
	at org.apache.hadoop.hbase.regionserver.wal.AbstractFSWAL.calculateMaxLogFiles(AbstractFSWAL.java:466)	at org.apache.hadoop.hbase.regionserver.wal.AbstractFSWAL.<init>(AbstractFSWAL.java:594)	at org.apache.hadoop.hbase.regionserver.wal.AsyncFSWAL.<init>(AsyncFSWAL.java:141)        . . .{noformat}
For an easy reproduction, run the reproduce.sh in the attachment.

We are happy to provide a patch if this issue is confirmed.",Critical,Fixed,Resolved,27/Jul/23 14:50,29/Mar/24 07:46,"AbstractFSWAL causes ArithmeticException due to improper logRollSize value checking. h2. What happened

There is no value checking for parameter {{hbase.regionserver.logroll.multiplier}} when {{hbase.wal.provider}} is set to {{multiwal}}. This may cause improper calculations and crashes the system like division by 0.
h2. Buggy code

In {{AbstractFSWAL.java}}, there is no value checking for {{logRollSize and this variable is directly used while calculating the value of maxLogFiles in the method calculateMaxLogFiles}}. When logRollSize is mistakenly set to 0, the code would cause division by 0 and throw {{ArithmeticException}} to crash the system.
{noformat}
     private int calculateMaxLogFiles(Configuration conf, long logRollSize) {
    Pair<Long, MemoryType> globalMemstoreSize = MemorySizeUtil.getGlobalMemStoreSize(conf);
    return (int) ((globalMemstoreSize.getFirst() * 2) / logRollSize);
  }{noformat}
h2. How to reproduce

(1) set hbase.regionserver.logroll.multiplier=0.0 and hbase.wal.provider=multiwal
(2) run org.apache.hadoop.hbase.wal.TestWALMethods#testGetSplitEditFilesSorted
you should observe the following failure:
{noformat}
java.lang.ArithmeticException: / by zero
	at org.apache.hadoop.hbase.regionserver.wal.AbstractFSWAL.calculateMaxLogFiles(AbstractFSWAL.java:466)	at org.apache.hadoop.hbase.regionserver.wal.AbstractFSWAL.<init>(AbstractFSWAL.java:594)	at org.apache.hadoop.hbase.regionserver.wal.AsyncFSWAL.<init>(AsyncFSWAL.java:141)        . . .{noformat}
For an easy reproduction, run the reproduce.sh in the attachment.

We are happy to provide a patch if this issue is confirmed.",1
HBASE-13361215,13361215,HMaster should abort if ReplicationLogCleaner is not able to delete oldWALs.,"In our production cluster, we encountered an issue where the number of files within /hbase/oldWALs directory were growing exponentially from about 4000 baseline to 150000 and growing at the rate of 333 files per minute.

On further investigation we found that ReplicatonLogCleaner thread was getting aborted since it was not able to talk to zookeeper. Stack trace below
{noformat}
2021-02-25 23:05:01,149 WARN [an-pool3-thread-1729] zookeeper.ZKUtil - replicationLogCleaner-0x3000002e05e0d8f, quorum=zookeeper-0:2181,zookeeper-1:2181,zookeeper-2:2181,zookeeper-3:2181,zookeeper-4:2181, baseZNode=/hbase Unable to get data of znode /hbase/replication/rs
org.apache.zookeeper.KeeperException$SessionExpiredException: KeeperErrorCode = Session expired for /hbase/replication/rs
 at org.apache.zookeeper.KeeperException.create(KeeperException.java:130)
 at org.apache.zookeeper.KeeperException.create(KeeperException.java:54)
 at org.apache.zookeeper.ZooKeeper.getData(ZooKeeper.java:1229)
 at org.apache.hadoop.hbase.zookeeper.RecoverableZooKeeper.getData(RecoverableZooKeeper.java:374)
 at org.apache.hadoop.hbase.zookeeper.ZKUtil.getDataNoWatch(ZKUtil.java:713)
 at org.apache.hadoop.hbase.replication.ReplicationQueuesClientZKImpl.getQueuesZNodeCversion(ReplicationQueuesClientZKImpl.java:87)
 at org.apache.hadoop.hbase.replication.master.ReplicationLogCleaner.loadWALsFromQueues(ReplicationLogCleaner.java:99)
 at org.apache.hadoop.hbase.replication.master.ReplicationLogCleaner.getDeletableFiles(ReplicationLogCleaner.java:70)
 at org.apache.hadoop.hbase.master.cleaner.CleanerChore.checkAndDeleteFiles(CleanerChore.java:262)
 at org.apache.hadoop.hbase.master.cleaner.CleanerChore.access$200(CleanerChore.java:52)
 at org.apache.hadoop.hbase.master.cleaner.CleanerChore$3.act(CleanerChore.java:413)
 at org.apache.hadoop.hbase.master.cleaner.CleanerChore$3.act(CleanerChore.java:410)
 at org.apache.hadoop.hbase.master.cleaner.CleanerChore.deleteAction(CleanerChore.java:481)
 at org.apache.hadoop.hbase.master.cleaner.CleanerChore.traverseAndDelete(CleanerChore.java:410)
 at org.apache.hadoop.hbase.master.cleaner.CleanerChore.access$100(CleanerChore.java:52)
 at org.apache.hadoop.hbase.master.cleaner.CleanerChore$1.run(CleanerChore.java:220)
 at java.util.concurrent.ThreadPoolExecutor.runWorker(ThreadPoolExecutor.java:1149)
 at java.util.concurrent.ThreadPoolExecutor$Worker.run(ThreadPoolExecutor.java:624)
 at java.lang.Thread.run(Thread.java:748)

2021-02-25 23:05:01,149 WARN  [an-pool3-thread-1729] master.ReplicationLogCleaner - ReplicationLogCleaner received abort, ignoring.  Reason: Failed to get stat of replication rs node
2021-02-25 23:05:01,149 DEBUG [an-pool3-thread-1729] master.ReplicationLogCleaner - org.apache.zookeeper.KeeperException$SessionExpiredException: KeeperErrorCode = Session expired for /hbase/replication/rs
2021-02-25 23:05:01,150 WARN  [an-pool3-thread-1729] master.ReplicationLogCleaner - Failed to read zookeeper, skipping checking deletable files
 {noformat}
 

{quote} 2021-02-25 23:05:01,149 WARN [an-pool3-thread-1729] master.ReplicationLogCleaner - ReplicationLogCleaner received abort, ignoring. Reason: Failed to get stat of replication rs node
{quote}
 

This line is more scary where HMaster invoked Abortable but just ignored and HMaster was doing it business as usual.

We have max files per directory configuration in namenode which is set to 1M in our clusters. If this directory reached that limit then that would have brought down the whole cluster.

We shouldn't ignore Abortable and should crash the Hmaster if Abortable is invoked.

 ",Major,Fixed,Resolved,26/Feb/21 15:48,06/May/21 15:30,"HMaster should abort if ReplicationLogCleaner is not able to delete oldWALs.. In our production cluster, we encountered an issue where the number of files within /hbase/oldWALs directory were growing exponentially from about 4000 baseline to 150000 and growing at the rate of 333 files per minute.

On further investigation we found that ReplicatonLogCleaner thread was getting aborted since it was not able to talk to zookeeper. Stack trace below
{noformat}
2021-02-25 23:05:01,149 WARN [an-pool3-thread-1729] zookeeper.ZKUtil - replicationLogCleaner-0x3000002e05e0d8f, quorum=zookeeper-0:2181,zookeeper-1:2181,zookeeper-2:2181,zookeeper-3:2181,zookeeper-4:2181, baseZNode=/hbase Unable to get data of znode /hbase/replication/rs
org.apache.zookeeper.KeeperException$SessionExpiredException: KeeperErrorCode = Session expired for /hbase/replication/rs
 at org.apache.zookeeper.KeeperException.create(KeeperException.java:130)
 at org.apache.zookeeper.KeeperException.create(KeeperException.java:54)
 at org.apache.zookeeper.ZooKeeper.getData(ZooKeeper.java:1229)
 at org.apache.hadoop.hbase.zookeeper.RecoverableZooKeeper.getData(RecoverableZooKeeper.java:374)
 at org.apache.hadoop.hbase.zookeeper.ZKUtil.getDataNoWatch(ZKUtil.java:713)
 at org.apache.hadoop.hbase.replication.ReplicationQueuesClientZKImpl.getQueuesZNodeCversion(ReplicationQueuesClientZKImpl.java:87)
 at org.apache.hadoop.hbase.replication.master.ReplicationLogCleaner.loadWALsFromQueues(ReplicationLogCleaner.java:99)
 at org.apache.hadoop.hbase.replication.master.ReplicationLogCleaner.getDeletableFiles(ReplicationLogCleaner.java:70)
 at org.apache.hadoop.hbase.master.cleaner.CleanerChore.checkAndDeleteFiles(CleanerChore.java:262)
 at org.apache.hadoop.hbase.master.cleaner.CleanerChore.access$200(CleanerChore.java:52)
 at org.apache.hadoop.hbase.master.cleaner.CleanerChore$3.act(CleanerChore.java:413)
 at org.apache.hadoop.hbase.master.cleaner.CleanerChore$3.act(CleanerChore.java:410)
 at org.apache.hadoop.hbase.master.cleaner.CleanerChore.deleteAction(CleanerChore.java:481)
 at org.apache.hadoop.hbase.master.cleaner.CleanerChore.traverseAndDelete(CleanerChore.java:410)
 at org.apache.hadoop.hbase.master.cleaner.CleanerChore.access$100(CleanerChore.java:52)
 at org.apache.hadoop.hbase.master.cleaner.CleanerChore$1.run(CleanerChore.java:220)
 at java.util.concurrent.ThreadPoolExecutor.runWorker(ThreadPoolExecutor.java:1149)
 at java.util.concurrent.ThreadPoolExecutor$Worker.run(ThreadPoolExecutor.java:624)
 at java.lang.Thread.run(Thread.java:748)

2021-02-25 23:05:01,149 WARN  [an-pool3-thread-1729] master.ReplicationLogCleaner - ReplicationLogCleaner received abort, ignoring.  Reason: Failed to get stat of replication rs node
2021-02-25 23:05:01,149 DEBUG [an-pool3-thread-1729] master.ReplicationLogCleaner - org.apache.zookeeper.KeeperException$SessionExpiredException: KeeperErrorCode = Session expired for /hbase/replication/rs
2021-02-25 23:05:01,150 WARN  [an-pool3-thread-1729] master.ReplicationLogCleaner - Failed to read zookeeper, skipping checking deletable files
 {noformat}
 

{quote} 2021-02-25 23:05:01,149 WARN [an-pool3-thread-1729] master.ReplicationLogCleaner - ReplicationLogCleaner received abort, ignoring. Reason: Failed to get stat of replication rs node
{quote}
 

This line is more scary where HMaster invoked Abortable but just ignored and HMaster was doing it business as usual.

We have max files per directory configuration in namenode which is set to 1M in our clusters. If this directory reached that limit then that would have brought down the whole cluster.

We shouldn't ignore Abortable and should crash the Hmaster if Abortable is invoked.",0
HBASE-13303162,13303162,Backport HBASE-23968 to branch-1,,Minor,Won't Fix,Resolved,06/May/20 16:47,16/Aug/21 18:52,Backport HBASE-23968 to branch-1.,0
HBASE-13563272,13563272,Update website to add ‘TM’ superscript to HBase as much as possible,This is a request from the trademarker team.,Major,,Open,01/Jan/24 11:15,,Update website to add ‘TM’ superscript to HBase as much as possible. This is a request from the trademarker team.,0
HBASE-13282921,13282921,/hadoop-3.1.3/libexec/hadoop-functions.sh:行2360: HADOOP_ORG.APACHE.HADOOP.HBASE.UTIL.GETJAVAPROPERTY_USER: 错误的替换,"/hadoop-3.1.3/libexec/hadoop-functions.sh:行2360: HADOOP_ORG.APACHE.HADOOP.HBASE.UTIL.GETJAVAPROPERTY_USER: 错误的替换
/hadoop-3.1.3/libexec/hadoop-functions.sh:行2455: HADOOP_ORG.APACHE.HADOOP.HBASE.UTIL.GETJAVAPROPERTY_OPTS: 错误的替换

Hadoop版本3.1.3

分布式安装启动报错",Major,Invalid,Resolved,03/Feb/20 07:34,03/Mar/20 06:55,"/hadoop-3.1.3/libexec/hadoop-functions.sh:行2360: HADOOP_ORG.APACHE.HADOOP.HBASE.UTIL.GETJAVAPROPERTY_USER: 错误的替换. /hadoop-3.1.3/libexec/hadoop-functions.sh:行2360: HADOOP_ORG.APACHE.HADOOP.HBASE.UTIL.GETJAVAPROPERTY_USER: 错误的替换
/hadoop-3.1.3/libexec/hadoop-functions.sh:行2455: HADOOP_ORG.APACHE.HADOOP.HBASE.UTIL.GETJAVAPROPERTY_OPTS: 错误的替换

Hadoop版本3.1.3

分布式安装启动报错",0
HBASE-13299265,13299265,Backport the pre commit changes for HBASE-24169 to all branches,,Major,Fixed,Resolved,18/Apr/20 02:26,22/Apr/20 02:50,Backport the pre commit changes for HBASE-24169 to all branches.,0
HBASE-13422616,13422616,HBASE-26664 hbase-connector upgrades extra-enforcer-rules to 1.5.1,"hbase-connector fails when building with -Prelease after maven-enforcer-plugin upgraded to 3.0.0 from 3.0.0-M3 in HBASE-26534. 

We upgraded maven-enforcer-plugin from 3.0.0-M3 to 3.0.0, but then we hit the problem of  `extra-enforcer-rules` has different as mentioned in https://github.com/mojohaus/extra-enforcer-rules/issues/131#issuecomment-890329715


{code}
$ mvn clean install -Prelease

[ERROR] Failed to execute goal org.apache.maven.plugins:maven-enforcer-plugin:3.0.0:enforce (enforce-maven-version) on project hbase-connectors: Unable to parse configuration of mojo org.apache.maven.plugins:maven-enforcer-plugin:3.0.0:enforce for parameter enforceBytecodeVersion: Cannot create instance of class org.apache.maven.plugins.enforcer.EnforceBytecodeVersion: org/apache/maven/shared/dependency/tree/DependencyTreeBuilderException: org.apache.maven.shared.dependency.tree.DependencyTreeBuilderException -> [Help 1]
{code}

https://github.com/mojohaus/extra-enforcer-rules/commit/d380fe56a7317a237bbce5b94fbab7f4581d3d1b",Major,Fixed,Resolved,13/Jan/22 20:02,13/Jan/22 22:12,"HBASE-26664 hbase-connector upgrades extra-enforcer-rules to 1.5.1. hbase-connector fails when building with -Prelease after maven-enforcer-plugin upgraded to 3.0.0 from 3.0.0-M3 in HBASE-26534. 

We upgraded maven-enforcer-plugin from 3.0.0-M3 to 3.0.0, but then we hit the problem of  `extra-enforcer-rules` has different as mentioned in https://github.com/mojohaus/extra-enforcer-rules/issues/131#issuecomment-890329715


{code}
$ mvn clean install -Prelease

[ERROR] Failed to execute goal org.apache.maven.plugins:maven-enforcer-plugin:3.0.0:enforce (enforce-maven-version) on project hbase-connectors: Unable to parse configuration of mojo org.apache.maven.plugins:maven-enforcer-plugin:3.0.0:enforce for parameter enforceBytecodeVersion: Cannot create instance of class org.apache.maven.plugins.enforcer.EnforceBytecodeVersion: org/apache/maven/shared/dependency/tree/DependencyTreeBuilderException: org.apache.maven.shared.dependency.tree.DependencyTreeBuilderException -> [Help 1]
{code}

https://github.com/mojohaus/extra-enforcer-rules/commit/d380fe56a7317a237bbce5b94fbab7f4581d3d1b",0
HBASE-13287639,13287639,[JDK11] build with -PerrorProne silently fails,"Build seems to simply stop at {{hbase-protocol-shaded}} without explanation. Dropping {{-PerrorProne}} allows the build to proceed, at least locally.",Major,Won't Fix,Resolved,26/Feb/20 00:08,21/Oct/20 19:11,"[JDK11] build with -PerrorProne silently fails. Build seems to simply stop at {{hbase-protocol-shaded}} without explanation. Dropping {{-PerrorProne}} allows the build to proceed, at least locally.",0
HBASE-13436154,13436154,list_quota_snapshots fails with ‘ERROR NameError: uninitialized constant Shell::Commands::ListQuotaSnapshots::TABLE’,"The list_quota_snapshots command fails with 
{noformat}
ERROR NameError: uninitialized constant Shell::Commands::ListQuotaSnapshots::TABLE{noformat}
regardless of the parameters it's called with.

Apparently, it used to work in HBase 2.2.

I don't know enough about Ruby to tell why it used to work, and what broke this exactly,  but using qualified constants fixes the problem.",Major,Fixed,Resolved,28/Mar/22 12:36,28/Mar/22 19:36,"list_quota_snapshots fails with ‘ERROR NameError: uninitialized constant Shell::Commands::ListQuotaSnapshots::TABLE’. The list_quota_snapshots command fails with 
{noformat}
ERROR NameError: uninitialized constant Shell::Commands::ListQuotaSnapshots::TABLE{noformat}
regardless of the parameters it's called with.

Apparently, it used to work in HBase 2.2.

I don't know enough about Ruby to tell why it used to work, and what broke this exactly,  but using qualified constants fixes the problem.",0
HBASE-13376865,13376865,[hbase-thirdparty] Fix typo in jersey relocation path,"We shade to ""jersery"" instead of ""jersey"".",Minor,Fixed,Resolved,05/May/21 19:48,10/May/21 21:17,"[hbase-thirdparty] Fix typo in jersey relocation path. We shade to ""jersery"" instead of ""jersey"".",0
HBASE-13576700,13576700,RegionServer abort when max sequence id wrong,"When we disable a table, some region close failed because max sequence id is less than the old max sequence id, then RS abort...Then the region close success on another RS..

we just use bulkload...is it releated?

--------------------------------------------------------------------------------------------

2024-04-20 23:44:20,611 | INFO  | RpcServer.default.FPBQ.Fifo.handler=483,queue=33,port=21302 | Bulk-load file hdfs://hacluster/hbase/staging/cdr__boss20240420__t20amapi48eb4ce0k0t80jatvnnhpm5rohaj26a5rdsp0s7kifokcdd32ko89u7n/info/4f43f6cf569643da8ecc140668fa726e is on different filesystem than the destination store. Copying file over to destination filesystem. | org.apache.hadoop.hbase.regionserver.HRegionFileSystem.bulkLoadStoreFile(HRegionFileSystem.java:540)
2024-04-20 23:44:20,645 | INFO  | RpcServer.default.FPBQ.Fifo.handler=483,queue=33,port=21302 | Copied hdfs://hacluster/hbase/staging/cdr__boss20240420__t20amapi48eb4ce0k0t80jatvnnhpm5rohaj26a5rdsp0s7kifokcdd32ko89u7n/info/4f43f6cf569643da8ecc140668fa726e to temporary path on destination filesystem: viewfs://ClusterX/hbase/data/default/boss20240420/dc30be37cbd0ddee2f49712c55fd36cd/.tmp/6f7e97f2e3994881a6e04b36759f495e | org.apache.hadoop.hbase.regionserver.HRegionFileSystem.bulkLoadStoreFile(HRegionFileSystem.java:544)
2024-04-20 23:44:20,648 | INFO  | RpcServer.default.FPBQ.Fifo.handler=483,queue=33,port=21302 | Loaded HFile viewfs://ClusterX/hbase/data/default/boss20240420/dc30be37cbd0ddee2f49712c55fd36cd/.tmp/6f7e97f2e3994881a6e04b36759f495e into dc30be37cbd0ddee2f49712c55fd36cd/info as viewfs://ClusterX/hbase/data/default/boss20240420/dc30be37cbd0ddee2f49712c55fd36cd/info/3946dc15ea1c49b582a2ed175fe12ec3_SeqId_26_ - updating store file list. | org.apache.hadoop.hbase.regionserver.HStore.bulkLoadHFile(HStore.java:908)
2024-04-20 23:44:20,664 | INFO  | RpcServer.default.FPBQ.Fifo.handler=483,queue=33,port=21302 | Loaded HFile viewfs://ClusterX/hbase/data/default/boss20240420/dc30be37cbd0ddee2f49712c55fd36cd/info/3946dc15ea1c49b582a2ed175fe12ec3_SeqId_26_ into dc30be37cbd0ddee2f49712c55fd36cd/info | org.apache.hadoop.hbase.regionserver.HStore.bulkLoadHFile(HStore.java:942)
2024-04-20 23:44:20,664 | INFO  | RpcServer.default.FPBQ.Fifo.handler=483,queue=33,port=21302 | Successfully loaded viewfs://ClusterX/hbase/data/default/boss20240420/dc30be37cbd0ddee2f49712c55fd36cd/.tmp/6f7e97f2e3994881a6e04b36759f495e into dc30be37cbd0ddee2f49712c55fd36cd/info (new location: viewfs://ClusterX/hbase/data/default/boss20240420/dc30be37cbd0ddee2f49712c55fd36cd/info/3946dc15ea1c49b582a2ed175fe12ec3_SeqId_26_) | org.apache.hadoop.hbase.regionserver.HStore.bulkLoadHFile(HStore.java:914)
2024-04-20 23:44:23,592 | INFO  | RpcServer.default.FPBQ.Fifo.handler=483,queue=33,port=21302 | Validating hfile at viewfs://ClusterX/tenant/hw_cdr/dsttab/load_20240420232000/boss20240420/info/a97bb2bfcb5244279bcedbe20ec8322b for inclusion in b3d102e51ca3b78a1078580ed8a002de/info | org.apache.hadoop.hbase.regionserver.HStore.assertBulkLoadHFileOk(HStore.java:817)
2024-04-20 23:44:23,669 | INFO  | RpcServer.default.FPBQ.Fifo.handler=483,queue=33,port=21302 | Bulk-load file hdfs://hacluster/hbase/staging/cdr__boss20240420__t20amapi48eb4ce0k0t80jatvnnhpm5rohaj26a5rdsp0s7kifokcdd32ko89u7n/info/a97bb2bfcb5244279bcedbe20ec8322b is on different filesystem than the destination store. Copying file over to destination filesystem. | org.apache.hadoop.hbase.regionserver.HRegionFileSystem.bulkLoadStoreFile(HRegionFileSystem.java:540)
2024-04-20 23:44:23,743 | INFO  | RpcServer.default.FPBQ.Fifo.handler=483,queue=33,port=21302 | Copied hdfs://hacluster/hbase/staging/cdr__boss20240420__t20amapi48eb4ce0k0t80jatvnnhpm5rohaj26a5rdsp0s7kifokcdd32ko89u7n/info/a97bb2bfcb5244279bcedbe20ec8322b to temporary path on destination filesystem: viewfs://ClusterX/hbase/data/default/boss20240420/b3d102e51ca3b78a1078580ed8a002de/.tmp/f40ec16d10ab4474ace7af41d9126aa0 | org.apache.hadoop.hbase.regionserver.HRegionFileSystem.bulkLoadStoreFile(HRegionFileSystem.java:544)
2024-04-20 23:44:23,747 | INFO  | RpcServer.default.FPBQ.Fifo.handler=483,queue=33,port=21302 | Loaded HFile viewfs://ClusterX/hbase/data/default/boss20240420/b3d102e51ca3b78a1078580ed8a002de/.tmp/f40ec16d10ab4474ace7af41d9126aa0 into b3d102e51ca3b78a1078580ed8a002de/info as viewfs://ClusterX/hbase/data/default/boss20240420/b3d102e51ca3b78a1078580ed8a002de/info/7cfcf858a6b34bd1b9d47ccce5dde9e4_SeqId_41_ - updating store file list. | org.apache.hadoop.hbase.regionserver.HStore.bulkLoadHFile(HStore.java:908)
2024-04-20 23:44:23,760 | INFO  | RpcServer.default.FPBQ.Fifo.handler=483,queue=33,port=21302 | Loaded HFile viewfs://ClusterX/hbase/data/default/boss20240420/b3d102e51ca3b78a1078580ed8a002de/info/7cfcf858a6b34bd1b9d47ccce5dde9e4_SeqId_41_ into b3d102e51ca3b78a1078580ed8a002de/info | org.apache.hadoop.hbase.regionserver.HStore.bulkLoadHFile(HStore.java:942)
2024-04-20 23:44:23,760 | INFO  | RpcServer.default.FPBQ.Fifo.handler=483,queue=33,port=21302 | Successfully loaded viewfs://ClusterX/hbase/data/default/boss20240420/b3d102e51ca3b78a1078580ed8a002de/.tmp/f40ec16d10ab4474ace7af41d9126aa0 into b3d102e51ca3b78a1078580ed8a002de/info (new location: viewfs://ClusterX/hbase/data/default/boss20240420/b3d102e51ca3b78a1078580ed8a002de/info/7cfcf858a6b34bd1b9d47ccce5dde9e4_SeqId_41_) | org.apache.hadoop.hbase.regionserver.HStore.bulkLoadHFile(HStore.java:914)
2024-04-20 23:44:25,443 | INFO  | RpcServer.default.FPBQ.Fifo.handler=483,queue=33,port=21302 | Validating hfile at viewfs://ClusterX/tenant/hw_cdr/dsttab/load_20240420232000/boss20240420/info/4dac6fe338ed45028dd4ac859d02c386 for inclusion in eec5518fe33d8c6b5f99f66e20bf782d/info | org.apache.hadoop.hbase.regionserver.HStore.assertBulkLoadHFileOk(HStore.java:817)
2024-04-20 23:44:25,720 | INFO  | RpcServer.default.FPBQ.Fifo.handler=483,queue=33,port=21302 | Bulk-load file hdfs://hacluster/hbase/staging/cdr__boss20240420__t20amapi48eb4ce0k0t80jatvnnhpm5rohaj26a5rdsp0s7kifokcdd32ko89u7n/info/4dac6fe338ed45028dd4ac859d02c386 is on different filesystem than the destination store. Copying file over to destination filesystem. | org.apache.hadoop.hbase.regionserver.HRegionFileSystem.bulkLoadStoreFile(HRegionFileSystem.java:540)
2024-04-20 23:44:25,798 | INFO  | RpcServer.default.FPBQ.Fifo.handler=483,queue=33,port=21302 | Copied hdfs://hacluster/hbase/staging/cdr__boss20240420__t20amapi48eb4ce0k0t80jatvnnhpm5rohaj26a5rdsp0s7kifokcdd32ko89u7n/info/4dac6fe338ed45028dd4ac859d02c386 to temporary path on destination filesystem: viewfs://ClusterX/hbase/data/default/boss20240420/eec5518fe33d8c6b5f99f66e20bf782d/.tmp/09cb80cf4b5d47b78ddf31eafce4f5f6 | org.apache.hadoop.hbase.regionserver.HRegionFileSystem.bulkLoadStoreFile(HRegionFileSystem.java:544)
2024-04-20 23:44:25,802 | INFO  | RpcServer.default.FPBQ.Fifo.handler=483,queue=33,port=21302 | Loaded HFile viewfs://ClusterX/hbase/data/default/boss20240420/eec5518fe33d8c6b5f99f66e20bf782d/.tmp/09cb80cf4b5d47b78ddf31eafce4f5f6 into eec5518fe33d8c6b5f99f66e20bf782d/info as viewfs://ClusterX/hbase/data/default/boss20240420/eec5518fe33d8c6b5f99f66e20bf782d/info/6d674b96ccec40339a4a1f486a65c4a7_SeqId_20_ - updating store file list. | org.apache.hadoop.hbase.regionserver.HStore.bulkLoadHFile(HStore.java:908)
2024-04-20 23:44:25,823 | INFO  | RpcServer.default.FPBQ.Fifo.handler=483,queue=33,port=21302 | Loaded HFile viewfs://ClusterX/hbase/data/default/boss20240420/eec5518fe33d8c6b5f99f66e20bf782d/info/6d674b96ccec40339a4a1f486a65c4a7_SeqId_20_ into eec5518fe33d8c6b5f99f66e20bf782d/info | org.apache.hadoop.hbase.regionserver.HStore.bulkLoadHFile(HStore.java:942)
2024-04-20 23:44:25,823 | INFO  | RpcServer.default.FPBQ.Fifo.handler=483,queue=33,port=21302 | Successfully loaded viewfs://ClusterX/hbase/data/default/boss20240420/eec5518fe33d8c6b5f99f66e20bf782d/.tmp/09cb80cf4b5d47b78ddf31eafce4f5f6 into eec5518fe33d8c6b5f99f66e20bf782d/info (new location: viewfs://ClusterX/hbase/data/default/boss20240420/eec5518fe33d8c6b5f99f66e20bf782d/info/6d674b96ccec40339a4a1f486a65c4a7_SeqId_20_) | org.apache.hadoop.hbase.regionserver.HStore.bulkLoadHFile(HStore.java:914)
2024-04-20 23:44:28,837 | INFO  | RpcServer.default.FPBQ.Fifo.handler=483,queue=33,port=21302 | Validating hfile at viewfs://ClusterX/tenant/hw_cdr/dsttab/load_20240420232000/boss20240420/info/ef44caa4e05440569f76a05d351e4a62 for inclusion in 21d5667a8bcd59088ae865f5d9660283/info | org.apache.hadoop.hbase.regionserver.HStore.assertBulkLoadHFileOk(HStore.java:817)
2024-04-20 23:44:28,950 | INFO  | RpcServer.default.FPBQ.Fifo.handler=483,queue=33,port=21302 | Bulk-load file hdfs://hacluster/hbase/staging/cdr__boss20240420__t20amapi48eb4ce0k0t80jatvnnhpm5rohaj26a5rdsp0s7kifokcdd32ko89u7n/info/ef44caa4e05440569f76a05d351e4a62 is on different filesystem than the destination store. Copying file over to destination filesystem. | org.apache.hadoop.hbase.regionserver.HRegionFileSystem.bulkLoadStoreFile(HRegionFileSystem.java:540)
2024-04-20 23:44:29,007 | INFO  | RpcServer.default.FPBQ.Fifo.handler=483,queue=33,port=21302 | Copied hdfs://hacluster/hbase/staging/cdr__boss20240420__t20amapi48eb4ce0k0t80jatvnnhpm5rohaj26a5rdsp0s7kifokcdd32ko89u7n/info/ef44caa4e05440569f76a05d351e4a62 to temporary path on destination filesystem: viewfs://ClusterX/hbase/data/default/boss20240420/21d5667a8bcd59088ae865f5d9660283/.tmp/1be6287d04084bf48afd8eb0e0e63a6e | org.apache.hadoop.hbase.regionserver.HRegionFileSystem.bulkLoadStoreFile(HRegionFileSystem.java:544)
2024-04-20 23:44:29,010 | INFO  | RpcServer.default.FPBQ.Fifo.handler=483,queue=33,port=21302 | Loaded HFile viewfs://ClusterX/hbase/data/default/boss20240420/21d5667a8bcd59088ae865f5d9660283/.tmp/1be6287d04084bf48afd8eb0e0e63a6e into 21d5667a8bcd59088ae865f5d9660283/info as viewfs://ClusterX/hbase/data/default/boss20240420/21d5667a8bcd59088ae865f5d9660283/info/fb872c3f89e543c6b54fcb54898112d4_SeqId_16_ - updating store file list. | org.apache.hadoop.hbase.regionserver.HStore.bulkLoadHFile(HStore.java:908)
2024-04-20 23:44:29,063 | INFO  | RpcServer.default.FPBQ.Fifo.handler=415,queue=15,port=21302 | Validating hfile at viewfs://ClusterX/tenant/hw_cdr/dsttab/load_20240420232000/boss20240420/info/6fdde06815624c5095d39e7b98cc81c7 for inclusion in 0bf7d39f1708c5e50444c810f60d3f9f/info | org.apache.hadoop.hbase.regionserver.HStore.assertBulkLoadHFileOk(HStore.java:817)
2024-04-20 23:44:29,066 | INFO  | RpcServer.default.FPBQ.Fifo.handler=483,queue=33,port=21302 | Loaded HFile viewfs://ClusterX/hbase/data/default/boss20240420/21d5667a8bcd59088ae865f5d9660283/info/fb872c3f89e543c6b54fcb54898112d4_SeqId_16_ into 21d5667a8bcd59088ae865f5d9660283/info | org.apache.hadoop.hbase.regionserver.HStore.bulkLoadHFile(HStore.java:942)
2024-04-20 23:44:29,066 | INFO  | RpcServer.default.FPBQ.Fifo.handler=483,queue=33,port=21302 | Successfully loaded viewfs://ClusterX/hbase/data/default/boss20240420/21d5667a8bcd59088ae865f5d9660283/.tmp/1be6287d04084bf48afd8eb0e0e63a6e into 21d5667a8bcd59088ae865f5d9660283/info (new location: viewfs://ClusterX/hbase/data/default/boss20240420/21d5667a8bcd59088ae865f5d9660283/info/fb872c3f89e543c6b54fcb54898112d4_SeqId_16_) | org.apache.hadoop.hbase.regionserver.HStore.bulkLoadHFile(HStore.java:914)
2024-04-20 23:44:29,116 | INFO  | RpcServer.default.FPBQ.Fifo.handler=415,queue=15,port=21302 | Bulk-load file hdfs://hacluster/hbase/staging/cdr__boss20240420__t20amapi48eb4ce0k0t80jatvnnhpm5rohaj26a5rdsp0s7kifokcdd32ko89u7n/info/6fdde06815624c5095d39e7b98cc81c7 is on different filesystem than the destination store. Copying file over to destination filesystem. | org.apache.hadoop.hbase.regionserver.HRegionFileSystem.bulkLoadStoreFile(HRegionFileSystem.java:540)
2024-04-20 23:44:29,182 | INFO  | RpcServer.default.FPBQ.Fifo.handler=415,queue=15,port=21302 | Copied hdfs://hacluster/hbase/staging/cdr__boss20240420__t20amapi48eb4ce0k0t80jatvnnhpm5rohaj26a5rdsp0s7kifokcdd32ko89u7n/info/6fdde06815624c5095d39e7b98cc81c7 to temporary path on destination filesystem: viewfs://ClusterX/hbase/data/default/boss20240420/0bf7d39f1708c5e50444c810f60d3f9f/.tmp/0b6350c99fca4b06ba873f49a1ddb835 | org.apache.hadoop.hbase.regionserver.HRegionFileSystem.bulkLoadStoreFile(HRegionFileSystem.java:544)
2024-04-20 23:44:29,185 | INFO  | RpcServer.default.FPBQ.Fifo.handler=415,queue=15,port=21302 | Loaded HFile viewfs://ClusterX/hbase/data/default/boss20240420/0bf7d39f1708c5e50444c810f60d3f9f/.tmp/0b6350c99fca4b06ba873f49a1ddb835 into 0bf7d39f1708c5e50444c810f60d3f9f/info as viewfs://ClusterX/hbase/data/default/boss20240420/0bf7d39f1708c5e50444c810f60d3f9f/info/2ae95a60b63541538939adfef0ab2190_SeqId_34_ - updating store file list. | org.apache.hadoop.hbase.regionserver.HStore.bulkLoadHFile(HStore.java:908)
2024-04-20 23:44:29,201 | INFO  | RpcServer.default.FPBQ.Fifo.handler=415,queue=15,port=21302 | Loaded HFile viewfs://ClusterX/hbase/data/default/boss20240420/0bf7d39f1708c5e50444c810f60d3f9f/info/2ae95a60b63541538939adfef0ab2190_SeqId_34_ into 0bf7d39f1708c5e50444c810f60d3f9f/info | org.apache.hadoop.hbase.regionserver.HStore.bulkLoadHFile(HStore.java:942)
2024-04-20 23:44:29,201 | INFO  | RpcServer.default.FPBQ.Fifo.handler=415,queue=15,port=21302 | Successfully loaded viewfs://ClusterX/hbase/data/default/boss20240420/0bf7d39f1708c5e50444c810f60d3f9f/.tmp/0b6350c99fca4b06ba873f49a1ddb835 into 0bf7d39f1708c5e50444c810f60d3f9f/info (new location: viewfs://ClusterX/hbase/data/default/boss20240420/0bf7d39f1708c5e50444c810f60d3f9f/info/2ae95a60b63541538939adfef0ab2190_SeqId_34_) | org.apache.hadoop.hbase.regionserver.HStore.bulkLoadHFile(HStore.java:914)
2024-04-20 23:44:31,993 | INFO  | RpcServer.default.FPBQ.Fifo.handler=415,queue=15,port=21302 | Validating hfile at viewfs://ClusterX/tenant/hw_cdr/dsttab/load_20240420232000/boss20240420/info/f886ffd9d3d44804bcf164ff14ff24a6 for inclusion in bf26eb5268636a04d990e9a99da516fa/info | org.apache.hadoop.hbase.regionserver.HStore.assertBulkLoadHFileOk(HStore.java:817)
2024-04-20 23:44:32,071 | INFO  | RpcServer.default.FPBQ.Fifo.handler=415,queue=15,port=21302 | Bulk-load file hdfs://hacluster/hbase/staging/cdr__boss20240420__t20amapi48eb4ce0k0t80jatvnnhpm5rohaj26a5rdsp0s7kifokcdd32ko89u7n/info/f886ffd9d3d44804bcf164ff14ff24a6 is on different filesystem than the destination store. Copying file over to destination filesystem. | org.apache.hadoop.hbase.regionserver.HRegionFileSystem.bulkLoadStoreFile(HRegionFileSystem.java:540)
2024-04-20 23:44:32,179 | INFO  | RpcServer.default.FPBQ.Fifo.handler=415,queue=15,port=21302 | Copied hdfs://hacluster/hbase/staging/cdr__boss20240420__t20amapi48eb4ce0k0t80jatvnnhpm5rohaj26a5rdsp0s7kifokcdd32ko89u7n/info/f886ffd9d3d44804bcf164ff14ff24a6 to temporary path on destination filesystem: viewfs://ClusterX/hbase/data/default/boss20240420/bf26eb5268636a04d990e9a99da516fa/.tmp/bb3afca8b1c34f30a44fbc23416e43c7 | org.apache.hadoop.hbase.regionserver.HRegionFileSystem.bulkLoadStoreFile(HRegionFileSystem.java:544)
2024-04-20 23:44:32,182 | INFO  | RpcServer.default.FPBQ.Fifo.handler=415,queue=15,port=21302 | Loaded HFile viewfs://ClusterX/hbase/data/default/boss20240420/bf26eb5268636a04d990e9a99da516fa/.tmp/bb3afca8b1c34f30a44fbc23416e43c7 into bf26eb5268636a04d990e9a99da516fa/info as viewfs://ClusterX/hbase/data/default/boss20240420/bf26eb5268636a04d990e9a99da516fa/info/e7cafc760651400f95b9929bc4dfe09f_SeqId_24_ - updating store file list. | org.apache.hadoop.hbase.regionserver.HStore.bulkLoadHFile(HStore.java:908)
2024-04-20 23:44:32,194 | INFO  | RpcServer.default.FPBQ.Fifo.handler=415,queue=15,port=21302 | Loaded HFile viewfs://ClusterX/hbase/data/default/boss20240420/bf26eb5268636a04d990e9a99da516fa/info/e7cafc760651400f95b9929bc4dfe09f_SeqId_24_ into bf26eb5268636a04d990e9a99da516fa/info | org.apache.hadoop.hbase.regionserver.HStore.bulkLoadHFile(HStore.java:942)
2024-04-20 23:44:32,194 | INFO  | RpcServer.default.FPBQ.Fifo.handler=415,queue=15,port=21302 | Successfully loaded viewfs://ClusterX/hbase/data/default/boss20240420/bf26eb5268636a04d990e9a99da516fa/.tmp/bb3afca8b1c34f30a44fbc23416e43c7 into bf26eb5268636a04d990e9a99da516fa/info (new location: viewfs://ClusterX/hbase/data/default/boss20240420/bf26eb5268636a04d990e9a99da516fa/info/e7cafc760651400f95b9929bc4dfe09f_SeqId_24_) | org.apache.hadoop.hbase.regionserver.HStore.bulkLoadHFile(HStore.java:914)
2024-04-20 23:44:32,643 | INFO  | LruBlockCacheStatsExecutor | totalSize=810.84 MB, freeSize=2.37 GB, max=3.16 GB, blockCount=6432, accesses=2141008613, hits=42674300, hitRatio=1.99%, , cachingAccesses=42757862, cachingHits=42611408, cachingHitsRatio=99.66%, evictions=863177, evicted=0, evictedPerRun=0.0 | org.apache.hadoop.hbase.io.hfile.LruBlockCache.logStats(LruBlockCache.java:940)
2024-04-20 23:44:32,967 | INFO  | BucketCacheStatsExecutor | failedBlockAdditions=0, totalSize=2.00 GB, freeSize=2.00 GB, usedSize=1.60 MB, cacheSize=1.55 MB, accesses=2103504114, hits=59423, IOhitsPerSecond=0, IOTimePerHit=NaN, hitRatio=0.00%, cachingAccesses=290936, cachingHits=946, cachingHitsRatio=0.33%, evictions=49, evicted=289802, evictedPerRun=5914.326530612245 | org.apache.hadoop.hbase.io.hfile.bucket.BucketCache.logStats(BucketCache.java:637)
2024-04-20 23:44:35,020 | INFO  | org.apache.ranger.audit.queue.AuditBatchQueue0 | Audit Status Log: name=hbaseRegional.async.summary.batch, finalDestination=hbaseRegional.async.summary.batch.log4j, interval=01:02.099 minutes, events=18, succcessCount=8, totalEvents=10351899, totalSuccessCount=1046226 | org.apache.ranger.audit.provider.BaseAuditHandler.logStatus(BaseAuditHandler.java:332)
2024-04-20 23:44:38,469 | INFO  | p1tdhdpdn-v-7:21302Replication Statistics #0 | Global stats: WAL Edits Buffer Used=0B, Limit=268435456B
 | org.apache.hadoop.hbase.replication.regionserver.Replication$ReplicationStatisticsTask.printStats(Replication.java:241)
2024-04-20 23:45:35,922 | INFO  | org.apache.ranger.audit.queue.AuditBatchQueue0 | Audit Status Log: name=hbaseRegional.async.summary.batch, finalDestination=hbaseRegional.async.summary.batch.log4j, interval=01:00.902 minutes, events=2, succcessCount=2, totalEvents=10351901, totalSuccessCount=1046228 | org.apache.ranger.audit.provider.BaseAuditHandler.logStatus(BaseAuditHandler.java:332)
2024-04-20 23:45:52,951 | INFO  | HBase-Metrics2-1 | Stopping HBase metrics system... | org.apache.hadoop.metrics2.impl.MetricsSystemImpl.stop(MetricsSystemImpl.java:210)
2024-04-20 23:45:52,958 | INFO  | HBase-Metrics2-1 | HBase metrics system stopped. | org.apache.hadoop.metrics2.impl.MetricsSystemImpl.stop(MetricsSystemImpl.java:216)
2024-04-20 23:45:53,459 | WARN  | HBase-Metrics2-1 | Cannot locate configuration: tried hadoop-metrics2-hbase.properties,hadoop-metrics2.properties | org.apache.hadoop.metrics2.impl.MetricsConfig.loadFirst(MetricsConfig.java:133)
2024-04-20 23:45:53,459 | INFO  | HBase-Metrics2-1 | Scheduled Metric snapshot period at 10 second(s). | org.apache.hadoop.metrics2.impl.MetricsSystemImpl.startTimer(MetricsSystemImpl.java:378)
2024-04-20 23:45:53,460 | INFO  | HBase-Metrics2-1 | HBase metrics system started | org.apache.hadoop.metrics2.impl.MetricsSystemImpl.start(MetricsSystemImpl.java:191)
2024-04-20 23:47:38,739 | INFO  | RpcServer.default.FPBQ.Fifo.handler=415,queue=15,port=21302 | Chore [ScheduledChore: Name: QuotaRefresherChore Period: 300000 Unit: MILLISECONDS] is enabled. | org.apache.hadoop.hbase.ChoreService.scheduleChore(ChoreService.java:157)
2024-04-20 23:47:41,926 | INFO  | org.apache.ranger.audit.queue.AuditBatchQueue0 | Audit Status Log: name=hbaseRegional.async.summary.batch.log4j, interval=03:30.005 minutes, events=10, succcessCount=10, totalEvents=1046228, totalSuccessCount=1046228 | org.apache.ranger.audit.provider.BaseAuditHandler.logStatus(BaseAuditHandler.java:332)
2024-04-20 23:48:36,094 | INFO  | org.apache.ranger.audit.queue.AuditBatchQueue0 | Audit Status Log: name=hbaseRegional.async.summary.batch, finalDestination=hbaseRegional.async.summary.batch.log4j, interval=01:00.169 minutes, events=3787, succcessCount=896, totalEvents=10355688, totalSuccessCount=1047124 | org.apache.ranger.audit.provider.BaseAuditHandler.logStatus(BaseAuditHandler.java:332)
2024-04-20 23:49:25,976 | INFO  | RpcServer.default.FPBQ.Fifo.handler=301,queue=1,port=21302 | Validating hfile at viewfs://ClusterX/tenant/hw_cdr/dsttab/load_20240420233000/boss20240420/info/6403649b9cff4e2e9a716edfb91eed02 for inclusion in 24b5f9451a7c43c78f510539ac3124b6/info | org.apache.hadoop.hbase.regionserver.HStore.assertBulkLoadHFileOk(HStore.java:817)
2024-04-20 23:49:26,330 | INFO  | RpcServer.default.FPBQ.Fifo.handler=301,queue=1,port=21302 | Bulk-load file hdfs://hacluster/hbase/staging/cdr__boss20240420__npj0dvc9jt9shu2lknr23t8d0l9qu9v84rjc1atk9m69ludreffg4plgpjeo5jlb/info/6403649b9cff4e2e9a716edfb91eed02 is on different filesystem than the destination store. Copying file over to destination filesystem. | org.apache.hadoop.hbase.regionserver.HRegionFileSystem.bulkLoadStoreFile(HRegionFileSystem.java:540)
2024-04-20 23:49:26,762 | INFO  | RpcServer.default.FPBQ.Fifo.handler=301,queue=1,port=21302 | Copied hdfs://hacluster/hbase/staging/cdr__boss20240420__npj0dvc9jt9shu2lknr23t8d0l9qu9v84rjc1atk9m69ludreffg4plgpjeo5jlb/info/6403649b9cff4e2e9a716edfb91eed02 to temporary path on destination filesystem: viewfs://ClusterX/hbase/data/default/boss20240420/24b5f9451a7c43c78f510539ac3124b6/.tmp/a3eb0160995742509ccd235ebfcfa281 | org.apache.hadoop.hbase.regionserver.HRegionFileSystem.bulkLoadStoreFile(HRegionFileSystem.java:544)
2024-04-20 23:49:26,768 | INFO  | RpcServer.default.FPBQ.Fifo.handler=301,queue=1,port=21302 | Loaded HFile viewfs://ClusterX/hbase/data/default/boss20240420/24b5f9451a7c43c78f510539ac3124b6/.tmp/a3eb0160995742509ccd235ebfcfa281 into 24b5f9451a7c43c78f510539ac3124b6/info as viewfs://ClusterX/hbase/data/default/boss20240420/24b5f9451a7c43c78f510539ac3124b6/info/775e33b5b20242f1821c8b52d9b93ddf_SeqId_16_ - updating store file list. | org.apache.hadoop.hbase.regionserver.HStore.bulkLoadHFile(HStore.java:908)
2024-04-20 23:49:26,782 | INFO  | RpcServer.default.FPBQ.Fifo.handler=301,queue=1,port=21302 | Loaded HFile viewfs://ClusterX/hbase/data/default/boss20240420/24b5f9451a7c43c78f510539ac3124b6/info/775e33b5b20242f1821c8b52d9b93ddf_SeqId_16_ into 24b5f9451a7c43c78f510539ac3124b6/info | org.apache.hadoop.hbase.regionserver.HStore.bulkLoadHFile(HStore.java:942)
2024-04-20 23:49:26,782 | INFO  | RpcServer.default.FPBQ.Fifo.handler=301,queue=1,port=21302 | Successfully loaded viewfs://ClusterX/hbase/data/default/boss20240420/24b5f9451a7c43c78f510539ac3124b6/.tmp/a3eb0160995742509ccd235ebfcfa281 into 24b5f9451a7c43c78f510539ac3124b6/info (new location: viewfs://ClusterX/hbase/data/default/boss20240420/24b5f9451a7c43c78f510539ac3124b6/info/775e33b5b20242f1821c8b52d9b93ddf_SeqId_16_) | org.apache.hadoop.hbase.regionserver.HStore.bulkLoadHFile(HStore.java:914)
2024-04-20 23:49:27,148 | INFO  | RpcServer.default.FPBQ.Fifo.handler=301,queue=1,port=21302 | Validating hfile at viewfs://ClusterX/tenant/hw_cdr/dsttab/load_20240420233000/boss20240420/info/474cd88557de4a999c14173dd65c8817 for inclusion in 281284cc6ea724c51c83ce23e5249f7b/info | org.apache.hadoop.hbase.regionserver.HStore.assertBulkLoadHFileOk(HStore.java:817)
2024-04-20 23:49:27,219 | INFO  | RpcServer.default.FPBQ.Fifo.handler=301,queue=1,port=21302 | Bulk-load file hdfs://hacluster/hbase/staging/cdr__boss20240420__npj0dvc9jt9shu2lknr23t8d0l9qu9v84rjc1atk9m69ludreffg4plgpjeo5jlb/info/474cd88557de4a999c14173dd65c8817 is on different filesystem than the destination store. Copying file over to destination filesystem. | org.apache.hadoop.hbase.regionserver.HRegionFileSystem.bulkLoadStoreFile(HRegionFileSystem.java:540)
2024-04-20 23:49:27,257 | INFO  | RpcServer.default.FPBQ.Fifo.handler=301,queue=1,port=21302 | Copied hdfs://hacluster/hbase/staging/cdr__boss20240420__npj0dvc9jt9shu2lknr23t8d0l9qu9v84rjc1atk9m69ludreffg4plgpjeo5jlb/info/474cd88557de4a999c14173dd65c8817 to temporary path on destination filesystem: viewfs://ClusterX/hbase/data/default/boss20240420/281284cc6ea724c51c83ce23e5249f7b/.tmp/7d352cb6f77047e9a39bc35379f70a92 | org.apache.hadoop.hbase.regionserver.HRegionFileSystem.bulkLoadStoreFile(HRegionFileSystem.java:544)
2024-04-20 23:49:27,260 | INFO  | RpcServer.default.FPBQ.Fifo.handler=301,queue=1,port=21302 | Loaded HFile viewfs://ClusterX/hbase/data/default/boss20240420/281284cc6ea724c51c83ce23e5249f7b/.tmp/7d352cb6f77047e9a39bc35379f70a92 into 281284cc6ea724c51c83ce23e5249f7b/info as viewfs://ClusterX/hbase/data/default/boss20240420/281284cc6ea724c51c83ce23e5249f7b/info/8fb058fa1e4c48fb862e559f873a1390_SeqId_32_ - updating store file list. | org.apache.hadoop.hbase.regionserver.HStore.bulkLoadHFile(HStore.java:908)
2024-04-20 23:49:27,276 | INFO  | RpcServer.default.FPBQ.Fifo.handler=301,queue=1,port=21302 | Loaded HFile viewfs://ClusterX/hbase/data/default/boss20240420/281284cc6ea724c51c83ce23e5249f7b/info/8fb058fa1e4c48fb862e559f873a1390_SeqId_32_ into 281284cc6ea724c51c83ce23e5249f7b/info | org.apache.hadoop.hbase.regionserver.HStore.bulkLoadHFile(HStore.java:942)
2024-04-20 23:49:27,276 | INFO  | RpcServer.default.FPBQ.Fifo.handler=301,queue=1,port=21302 | Successfully loaded viewfs://ClusterX/hbase/data/default/boss20240420/281284cc6ea724c51c83ce23e5249f7b/.tmp/7d352cb6f77047e9a39bc35379f70a92 into 281284cc6ea724c51c83ce23e5249f7b/info (new location: viewfs://ClusterX/hbase/data/default/boss20240420/281284cc6ea724c51c83ce23e5249f7b/info/8fb058fa1e4c48fb862e559f873a1390_SeqId_32_) | org.apache.hadoop.hbase.regionserver.HStore.bulkLoadHFile(HStore.java:914)
2024-04-20 23:49:27,417 | INFO  | regionserver/p1tdhdpdn-v-7:21302.Chore.11 | MemstoreFlusherChore requesting flush of boss20240405,H3020209~,1712160114717.4e7bdeeb9b222b113307199da2810e18. because 4e7bdeeb9b222b113307199da2810e18/info has an old edit so flush to free WALs after random delay 239909 ms | org.apache.hadoop.hbase.regionserver.HRegionServer$PeriodicMemStoreFlusher.chore(HRegionServer.java:2059)
2024-04-20 23:49:30,094 | INFO  | org.apache.ranger.audit.queue.AuditBatchQueue0 | Audit Status Log: name=hbaseRegional.async.summary.batch.log4j, interval=01:48.168 minutes, events=896, succcessCount=896, totalEvents=1047124, totalSuccessCount=1047124 | org.apache.ranger.audit.provider.BaseAuditHandler.logStatus(BaseAuditHandler.java:332)
2024-04-20 23:49:32,643 | INFO  | LruBlockCacheStatsExecutor | totalSize=811.85 MB, freeSize=2.37 GB, max=3.16 GB, blockCount=6440, accesses=2141096719, hits=42676155, hitRatio=1.99%, , cachingAccesses=42759717, cachingHits=42613255, cachingHitsRatio=99.66%, evictions=863207, evicted=0, evictedPerRun=0.0 | org.apache.hadoop.hbase.io.hfile.LruBlockCache.logStats(LruBlockCache.java:940)
2024-04-20 23:49:32,967 | INFO  | BucketCacheStatsExecutor | failedBlockAdditions=0, totalSize=2.00 GB, freeSize=2.00 GB, usedSize=1.60 MB, cacheSize=1.55 MB, accesses=2103590357, hits=59423, IOhitsPerSecond=0, IOTimePerHit=NaN, hitRatio=0.00%, cachingAccesses=290936, cachingHits=946, cachingHitsRatio=0.33%, evictions=49, evicted=289802, evictedPerRun=5914.326530612245 | org.apache.hadoop.hbase.io.hfile.bucket.BucketCache.logStats(BucketCache.java:637)
2024-04-20 23:49:38,469 | INFO  | p1tdhdpdn-v-7:21302Replication Statistics #0 | Global stats: WAL Edits Buffer Used=0B, Limit=268435456B
 | org.apache.hadoop.hbase.replication.regionserver.Replication$ReplicationStatisticsTask.printStats(Replication.java:241)
2024-04-20 23:49:39,094 | INFO  | org.apache.ranger.audit.queue.AuditBatchQueue0 | Audit Status Log: name=hbaseRegional.async.summary.batch, finalDestination=hbaseRegional.async.summary.batch.log4j, interval=01:03.000 minutes, events=4, succcessCount=2, totalEvents=10355692, totalSuccessCount=1047126 | org.apache.ranger.audit.provider.BaseAuditHandler.logStatus(BaseAuditHandler.java:332)
2024-04-20 23:50:52,951 | INFO  | HBase-Metrics2-1 | Stopping HBase metrics system... | org.apache.hadoop.metrics2.impl.MetricsSystemImpl.stop(MetricsSystemImpl.java:210)
2024-04-20 23:50:52,959 | INFO  | HBase-Metrics2-1 | HBase metrics system stopped. | org.apache.hadoop.metrics2.impl.MetricsSystemImpl.stop(MetricsSystemImpl.java:216)
2024-04-20 23:50:53,461 | WARN  | HBase-Metrics2-1 | Cannot locate configuration: tried hadoop-metrics2-hbase.properties,hadoop-metrics2.properties | org.apache.hadoop.metrics2.impl.MetricsConfig.loadFirst(MetricsConfig.java:133)
2024-04-20 23:50:53,476 | INFO  | HBase-Metrics2-1 | Scheduled Metric snapshot period at 10 second(s). | org.apache.hadoop.metrics2.impl.MetricsSystemImpl.startTimer(MetricsSystemImpl.java:378)
2024-04-20 23:50:53,476 | INFO  | HBase-Metrics2-1 | HBase metrics system started | org.apache.hadoop.metrics2.impl.MetricsSystemImpl.start(MetricsSystemImpl.java:191)
2024-04-20 23:51:14,537 | INFO  | regionserver/p1tdhdpdn-v-7:21302-longCompactions-9 | 0bf7d39f1708c5e50444c810f60d3f9f#info#compaction#11852 average throughput is 3.49 MB/second, slept 1444 time(s) and total slept time is 3969809 ms. 8 active operations remaining, total limit is 18.00 MB/second | org.apache.hadoop.hbase.regionserver.throttle.PressureAwareThroughputController.finish(PressureAwareThroughputController.java:145)
2024-04-20 23:51:15,245 | INFO  | regionserver/p1tdhdpdn-v-7:21302-longCompactions-9 | Completed compaction of 15 (all) file(s) in 0bf7d39f1708c5e50444c810f60d3f9f/info of 0bf7d39f1708c5e50444c810f60d3f9f into 8ae2d25f22a34a01a8b895b0bfa7394e(size=2.2 G), total size for store is 2.2 G. This selection was in queue for 0sec, and took 1hrs, 9mins, 7sec to execute. | org.apache.hadoop.hbase.regionserver.HStore.logCompactionEndMessage(HStore.java:1669)
2024-04-20 23:51:15,245 | INFO  | regionserver/p1tdhdpdn-v-7:21302-longCompactions-9 | Completed compaction Request=regionName=boss20240420,H1030107628~,1713456095893.0bf7d39f1708c5e50444c810f60d3f9f., storeName=info, fileCount=15, fileSize=2.3 G (30.8 M, 1.2 G, 1003.2 M, 25.0 M, 7.1 M, 94.0 K, 83.3 K, 27.0 K, 23.4 K, 21.6 K, 14.7 K, 10.9 K, 17.4 K, 10.9 K, 12.8 K), priority=2, time=1713624128170; duration=1hrs, 9mins, 7sec | org.apache.hadoop.hbase.regionserver.CompactSplit$CompactionRunner.doCompaction(CompactSplit.java:632)
2024-04-20 23:53:27,327 | INFO  | MemStoreFlusher.3 | Unable to get remote Address | org.apache.ranger.authorization.hbase.RangerAuthorizationCoprocessor.getRemoteAddress(RangerAuthorizationCoprocessor.java:214)
2024-04-20 23:53:27,376 | INFO  | MemStoreFlusher.3 | Flushing 4e7bdeeb9b222b113307199da2810e18 1/1 column families, dataSize=1.87 MB heapSize=2.50 MB | org.apache.hadoop.hbase.regionserver.HRegion.logFatLineOnFlush(HRegion.java:2870)
2024-04-20 23:53:27,524 | INFO  | MemStoreFlusher.3 | Flushed memstore data size=1.87 MB at sequenceid=146705 (bloomFilter=true), to=viewfs://ClusterX/hbase/data/default/boss20240405/4e7bdeeb9b222b113307199da2810e18/.tmp/info/98071aebc1e4481aafc41f8e1e8d2243 | org.apache.hadoop.hbase.regionserver.DefaultStoreFlusher.flushSnapshot(DefaultStoreFlusher.java:85)
2024-04-20 23:53:27,554 | INFO  | MemStoreFlusher.3 | Added viewfs://ClusterX/hbase/data/default/boss20240405/4e7bdeeb9b222b113307199da2810e18/info/98071aebc1e4481aafc41f8e1e8d2243, entries=2940, sequenceid=146705, filesize=190.2 K | org.apache.hadoop.hbase.regionserver.HStore.commitFile(HStore.java:1145)
2024-04-20 23:53:27,555 | INFO  | MemStoreFlusher.3 | Finished flush of dataSize ~1.87 MB/1960410, heapSize ~2.50 MB/2618256, currentSize=0 B/0 for 4e7bdeeb9b222b113307199da2810e18 in 179ms, sequenceid=146705, compaction requested=false | org.apache.hadoop.hbase.regionserver.HRegion.internalFlushCacheAndCommit(HRegion.java:3079)
2024-04-20 23:53:30,121 | INFO  | org.apache.ranger.audit.queue.AuditBatchQueue0 | Audit Status Log: name=hbaseRegional.async.summary.batch.log4j, interval=04:00.027 minutes, events=2, succcessCount=2, totalEvents=1047126, totalSuccessCount=1047126 | org.apache.ranger.audit.provider.BaseAuditHandler.logStatus(BaseAuditHandler.java:332)
2024-04-20 23:53:39,121 | INFO  | org.apache.ranger.audit.queue.AuditBatchQueue0 | Audit Status Log: name=hbaseRegional.async.summary.batch, finalDestination=hbaseRegional.async.summary.batch.log4j, interval=01:00.001 minutes, events=2, succcessCount=1, totalEvents=10355694, totalSuccessCount=1047127 | org.apache.ranger.audit.provider.BaseAuditHandler.logStatus(BaseAuditHandler.java:332)
2024-04-20 23:54:32,643 | INFO  | LruBlockCacheStatsExecutor | totalSize=812.98 MB, freeSize=2.37 GB, max=3.16 GB, blockCount=6449, accesses=2141184975, hits=42678224, hitRatio=1.99%, , cachingAccesses=42761786, cachingHits=42615315, cachingHitsRatio=99.66%, evictions=863237, evicted=0, evictedPerRun=0.0 | org.apache.hadoop.hbase.io.hfile.LruBlockCache.logStats(LruBlockCache.java:940)
2024-04-20 23:54:32,967 | INFO  | BucketCacheStatsExecutor | failedBlockAdditions=0, totalSize=2.00 GB, freeSize=2.00 GB, usedSize=1.60 MB, cacheSize=1.55 MB, accesses=2103676600, hits=59423, IOhitsPerSecond=0, IOTimePerHit=NaN, hitRatio=0.00%, cachingAccesses=290936, cachingHits=946, cachingHitsRatio=0.33%, evictions=49, evicted=289802, evictedPerRun=5914.326530612245 | org.apache.hadoop.hbase.io.hfile.bucket.BucketCache.logStats(BucketCache.java:637)
2024-04-20 23:54:32,972 | INFO  | MobFileCache #0 | MobFileCache Statistics, access: 0, miss: 0, hit: 0, hit ratio: 0%, evicted files: 0 | org.apache.hadoop.hbase.mob.MobFileCache.printStatistics(MobFileCache.java:341)
2024-04-20 23:54:38,469 | INFO  | p1tdhdpdn-v-7:21302Replication Statistics #0 | Global stats: WAL Edits Buffer Used=0B, Limit=268435456B
 | org.apache.hadoop.hbase.replication.regionserver.Replication$ReplicationStatisticsTask.printStats(Replication.java:241)
2024-04-20 23:55:10,095 | INFO  | regionserver/p1tdhdpdn-v-7:21302.logRoller | Rolled WAL /hbase/WALs/p1tdhdpdn-v-7,21302,1704995671636/p1tdhdpdn-v-7%2C21302%2C1704995671636.1713624909375 with entries=584, filesize=1.11 MB; new WAL /hbase/WALs/p1tdhdpdn-v-7,21302,1704995671636/p1tdhdpdn-v-7%2C21302%2C1704995671636.1713628510024 | org.apache.hadoop.hbase.regionserver.wal.AbstractFSWAL.logRollAndSetupWalProps(AbstractFSWAL.java:727)
2024-04-20 23:55:10,095 | INFO  | Log-Archiver-0 | Archiving viewfs://ClusterX/hbase/WALs/p1tdhdpdn-v-7,21302,1704995671636/p1tdhdpdn-v-7%2C21302%2C1704995671636.1713621309238 to viewfs://ClusterX/hbase/oldWALs/p1tdhdpdn-v-7%2C21302%2C1704995671636.1713621309238 | org.apache.hadoop.hbase.regionserver.wal.AbstractFSWAL.archiveLogFile(AbstractFSWAL.java:708)
2024-04-20 23:55:52,951 | INFO  | HBase-Metrics2-1 | Stopping HBase metrics system... | org.apache.hadoop.metrics2.impl.MetricsSystemImpl.stop(MetricsSystemImpl.java:210)
2024-04-20 23:55:52,958 | INFO  | HBase-Metrics2-1 | HBase metrics system stopped. | org.apache.hadoop.metrics2.impl.MetricsSystemImpl.stop(MetricsSystemImpl.java:216)
2024-04-20 23:55:53,460 | WARN  | HBase-Metrics2-1 | Cannot locate configuration: tried hadoop-metrics2-hbase.properties,hadoop-metrics2.properties | org.apache.hadoop.metrics2.impl.MetricsConfig.loadFirst(MetricsConfig.java:133)
2024-04-20 23:55:53,461 | INFO  | HBase-Metrics2-1 | Scheduled Metric snapshot period at 10 second(s). | org.apache.hadoop.metrics2.impl.MetricsSystemImpl.startTimer(MetricsSystemImpl.java:378)
2024-04-20 23:55:53,461 | INFO  | HBase-Metrics2-1 | HBase metrics system started | org.apache.hadoop.metrics2.impl.MetricsSystemImpl.start(MetricsSystemImpl.java:191)
2024-04-20 23:59:32,643 | INFO  | LruBlockCacheStatsExecutor | totalSize=814.11 MB, freeSize=2.36 GB, max=3.16 GB, blockCount=6458, accesses=2141273489, hits=42680456, hitRatio=1.99%, , cachingAccesses=42764018, cachingHits=42617538, cachingHitsRatio=99.66%, evictions=863267, evicted=0, evictedPerRun=0.0 | org.apache.hadoop.hbase.io.hfile.LruBlockCache.logStats(LruBlockCache.java:940)
2024-04-20 23:59:32,967 | INFO  | BucketCacheStatsExecutor | failedBlockAdditions=0, totalSize=2.00 GB, freeSize=2.00 GB, usedSize=1.60 MB, cacheSize=1.55 MB, accesses=2103762905, hits=59423, IOhitsPerSecond=0, IOTimePerHit=NaN, hitRatio=0.00%, cachingAccesses=290936, cachingHits=946, cachingHitsRatio=0.33%, evictions=49, evicted=289802, evictedPerRun=5914.326530612245 | org.apache.hadoop.hbase.io.hfile.bucket.BucketCache.logStats(BucketCache.java:637)
2024-04-20 23:59:38,469 | INFO  | p1tdhdpdn-v-7:21302Replication Statistics #0 | Global stats: WAL Edits Buffer Used=0B, Limit=268435456B
 | org.apache.hadoop.hbase.replication.regionserver.Replication$ReplicationStatisticsTask.printStats(Replication.java:241)
2024-04-21 00:00:15,428 | INFO  | RS_CLOSE_REGION-regionserver/p1tdhdpdn-v-7:21302-16 | Close 8975d95b7a69dc45b0055630545c2e25 | org.apache.hadoop.hbase.regionserver.handler.UnassignRegionHandler.process(UnassignRegionHandler.java:107)
2024-04-21 00:00:15,428 | INFO  | RS_CLOSE_REGION-regionserver/p1tdhdpdn-v-7:21302-16 | Unable to get remote Address | org.apache.ranger.authorization.hbase.RangerAuthorizationCoprocessor.getRemoteAddress(RangerAuthorizationCoprocessor.java:214)
2024-04-21 00:00:15,488 | INFO  | RS_CLOSE_REGION-regionserver/p1tdhdpdn-v-7:21302-16 | Unable to get remote Address | org.apache.ranger.authorization.hbase.RangerAuthorizationCoprocessor.getRemoteAddress(RangerAuthorizationCoprocessor.java:214)
2024-04-21 00:00:15,488 | INFO  | RS_CLOSE_REGION-regionserver/p1tdhdpdn-v-7:21302-16 | Waiting for flushes and compactions to finish for the region boss20240221,H5CC9923038~,1708358595748.8975d95b7a69dc45b0055630545c2e25. | org.apache.hadoop.hbase.regionserver.HRegion.waitForFlushesAndCompactions(HRegion.java:1924)
2024-04-21 00:00:15,488 | INFO  | RS_CLOSE_REGION-regionserver/p1tdhdpdn-v-7:21302-16 | Total wait time for flushes and compaction for the region boss20240221,H5CC9923038~,1708358595748.8975d95b7a69dc45b0055630545c2e25. is: 0ms | org.apache.hadoop.hbase.regionserver.HRegion.waitForFlushesAndCompactions(HRegion.java:1960)
2024-04-21 00:00:15,488 | INFO  | RS_CLOSE_REGION-regionserver/p1tdhdpdn-v-7:21302-16 | Closing region boss20240221,H5CC9923038~,1708358595748.8975d95b7a69dc45b0055630545c2e25. | org.apache.hadoop.hbase.regionserver.HRegion.doClose(HRegion.java:1696)
2024-04-21 00:00:15,839 | INFO  | RS_CLOSE_REGION-regionserver/p1tdhdpdn-v-7:21302-2 | Close 0d541b4f0bf68727cfd0f2dfffc4dde5 | org.apache.hadoop.hbase.regionserver.handler.UnassignRegionHandler.process(UnassignRegionHandler.java:107)
2024-04-21 00:00:15,840 | INFO  | RS_CLOSE_REGION-regionserver/p1tdhdpdn-v-7:21302-2 | Unable to get remote Address | org.apache.ranger.authorization.hbase.RangerAuthorizationCoprocessor.getRemoteAddress(RangerAuthorizationCoprocessor.java:214)
2024-04-21 00:00:15,840 | INFO  | RS_CLOSE_REGION-regionserver/p1tdhdpdn-v-7:21302-2 | Unable to get remote Address | org.apache.ranger.authorization.hbase.RangerAuthorizationCoprocessor.getRemoteAddress(RangerAuthorizationCoprocessor.java:214)
2024-04-21 00:00:15,840 | INFO  | RS_CLOSE_REGION-regionserver/p1tdhdpdn-v-7:21302-2 | Waiting for flushes and compactions to finish for the region boss20240221,H5CC9915320~,1708358595748.0d541b4f0bf68727cfd0f2dfffc4dde5. | org.apache.hadoop.hbase.regionserver.HRegion.waitForFlushesAndCompactions(HRegion.java:1924)
2024-04-21 00:00:15,840 | INFO  | RS_CLOSE_REGION-regionserver/p1tdhdpdn-v-7:21302-2 | Total wait time for flushes and compaction for the region boss20240221,H5CC9915320~,1708358595748.0d541b4f0bf68727cfd0f2dfffc4dde5. is: 0ms | org.apache.hadoop.hbase.regionserver.HRegion.waitForFlushesAndCompactions(HRegion.java:1960)
2024-04-21 00:00:15,840 | INFO  | RS_CLOSE_REGION-regionserver/p1tdhdpdn-v-7:21302-2 | Closing region boss20240221,H5CC9915320~,1708358595748.0d541b4f0bf68727cfd0f2dfffc4dde5. | org.apache.hadoop.hbase.regionserver.HRegion.doClose(HRegion.java:1696)
2024-04-21 00:00:16,349 | INFO  | RS_CLOSE_REGION-regionserver/p1tdhdpdn-v-7:21302-42 | Close b8083f48bb2d591ca5aff2931d6e1ff7 | org.apache.hadoop.hbase.regionserver.handler.UnassignRegionHandler.process(UnassignRegionHandler.java:107)
2024-04-21 00:00:16,349 | INFO  | RS_CLOSE_REGION-regionserver/p1tdhdpdn-v-7:21302-42 | Unable to get remote Address | org.apache.ranger.authorization.hbase.RangerAuthorizationCoprocessor.getRemoteAddress(RangerAuthorizationCoprocessor.java:214)
2024-04-21 00:00:16,349 | INFO  | RS_CLOSE_REGION-regionserver/p1tdhdpdn-v-7:21302-42 | Unable to get remote Address | org.apache.ranger.authorization.hbase.RangerAuthorizationCoprocessor.getRemoteAddress(RangerAuthorizationCoprocessor.java:214)
2024-04-21 00:00:16,349 | INFO  | RS_CLOSE_REGION-regionserver/p1tdhdpdn-v-7:21302-42 | Waiting for flushes and compactions to finish for the region boss20240221,H5CC9907525~,1708358595748.b8083f48bb2d591ca5aff2931d6e1ff7. | org.apache.hadoop.hbase.regionserver.HRegion.waitForFlushesAndCompactions(HRegion.java:1924)
2024-04-21 00:00:16,349 | INFO  | RS_CLOSE_REGION-regionserver/p1tdhdpdn-v-7:21302-42 | Total wait time for flushes and compaction for the region boss20240221,H5CC9907525~,1708358595748.b8083f48bb2d591ca5aff2931d6e1ff7. is: 0ms | org.apache.hadoop.hbase.regionserver.HRegion.waitForFlushesAndCompactions(HRegion.java:1960)
2024-04-21 00:00:16,349 | INFO  | RS_CLOSE_REGION-regionserver/p1tdhdpdn-v-7:21302-42 | Closing region boss20240221,H5CC9907525~,1708358595748.b8083f48bb2d591ca5aff2931d6e1ff7. | org.apache.hadoop.hbase.regionserver.HRegion.doClose(HRegion.java:1696)
2024-04-21 00:00:16,631 | INFO  | RS_CLOSE_REGION-regionserver/p1tdhdpdn-v-7:21302-16 | Closed boss20240221,H5CC9923038~,1708358595748.8975d95b7a69dc45b0055630545c2e25. | org.apache.hadoop.hbase.regionserver.HRegion.doClose(HRegion.java:1913)
2024-04-21 00:00:16,820 | INFO  | RS_CLOSE_REGION-regionserver/p1tdhdpdn-v-7:21302-47 | Close 00c03d83783ca21c7480b26b0f7b099e | org.apache.hadoop.hbase.regionserver.handler.UnassignRegionHandler.process(UnassignRegionHandler.java:107)
2024-04-21 00:00:16,820 | INFO  | RS_CLOSE_REGION-regionserver/p1tdhdpdn-v-7:21302-47 | Unable to get remote Address | org.apache.ranger.authorization.hbase.RangerAuthorizationCoprocessor.getRemoteAddress(RangerAuthorizationCoprocessor.java:214)
2024-04-21 00:00:16,820 | INFO  | RS_CLOSE_REGION-regionserver/p1tdhdpdn-v-7:21302-47 | Unable to get remote Address | org.apache.ranger.authorization.hbase.RangerAuthorizationCoprocessor.getRemoteAddress(RangerAuthorizationCoprocessor.java:214)
2024-04-21 00:00:16,820 | INFO  | RS_CLOSE_REGION-regionserver/p1tdhdpdn-v-7:21302-47 | Waiting for flushes and compactions to finish for the region boss20240221,H5309912782~,1708358595748.00c03d83783ca21c7480b26b0f7b099e. | org.apache.hadoop.hbase.regionserver.HRegion.waitForFlushesAndCompactions(HRegion.java:1924)
2024-04-21 00:00:16,820 | INFO  | RS_CLOSE_REGION-regionserver/p1tdhdpdn-v-7:21302-47 | Total wait time for flushes and compaction for the region boss20240221,H5309912782~,1708358595748.00c03d83783ca21c7480b26b0f7b099e. is: 0ms | org.apache.hadoop.hbase.regionserver.HRegion.waitForFlushesAndCompactions(HRegion.java:1960)
2024-04-21 00:00:16,820 | INFO  | RS_CLOSE_REGION-regionserver/p1tdhdpdn-v-7:21302-47 | Closing region boss20240221,H5309912782~,1708358595748.00c03d83783ca21c7480b26b0f7b099e. | org.apache.hadoop.hbase.regionserver.HRegion.doClose(HRegion.java:1696)
2024-04-21 00:00:17,018 | INFO  | RS_CLOSE_REGION-regionserver/p1tdhdpdn-v-7:21302-0 | Close 2b67a4ae42d57326ff9cf11a222b33ab | org.apache.hadoop.hbase.regionserver.handler.UnassignRegionHandler.process(UnassignRegionHandler.java:107)
2024-04-21 00:00:17,018 | INFO  | RS_CLOSE_REGION-regionserver/p1tdhdpdn-v-7:21302-0 | Unable to get remote Address | org.apache.ranger.authorization.hbase.RangerAuthorizationCoprocessor.getRemoteAddress(RangerAuthorizationCoprocessor.java:214)
2024-04-21 00:00:17,018 | INFO  | RS_CLOSE_REGION-regionserver/p1tdhdpdn-v-7:21302-0 | Unable to get remote Address | org.apache.ranger.authorization.hbase.RangerAuthorizationCoprocessor.getRemoteAddress(RangerAuthorizationCoprocessor.java:214)
2024-04-21 00:00:17,026 | INFO  | RS_CLOSE_REGION-regionserver/p1tdhdpdn-v-7:21302-0 | Waiting for flushes and compactions to finish for the region boss20240221,H52R9907~,1708515296800.2b67a4ae42d57326ff9cf11a222b33ab. | org.apache.hadoop.hbase.regionserver.HRegion.waitForFlushesAndCompactions(HRegion.java:1924)
2024-04-21 00:00:17,027 | INFO  | RS_CLOSE_REGION-regionserver/p1tdhdpdn-v-7:21302-0 | Total wait time for flushes and compaction for the region boss20240221,H52R9907~,1708515296800.2b67a4ae42d57326ff9cf11a222b33ab. is: 0ms | org.apache.hadoop.hbase.regionserver.HRegion.waitForFlushesAndCompactions(HRegion.java:1960)
2024-04-21 00:00:17,027 | INFO  | RS_CLOSE_REGION-regionserver/p1tdhdpdn-v-7:21302-0 | Closing region boss20240221,H52R9907~,1708515296800.2b67a4ae42d57326ff9cf11a222b33ab. | org.apache.hadoop.hbase.regionserver.HRegion.doClose(HRegion.java:1696)
2024-04-21 00:00:17,189 | INFO  | RS_CLOSE_REGION-regionserver/p1tdhdpdn-v-7:21302-16 | Closed 8975d95b7a69dc45b0055630545c2e25 | org.apache.hadoop.hbase.regionserver.handler.UnassignRegionHandler.process(UnassignRegionHandler.java:147)
2024-04-21 00:00:17,447 | INFO  | RS_CLOSE_REGION-regionserver/p1tdhdpdn-v-7:21302-2 | Closed boss20240221,H5CC9915320~,1708358595748.0d541b4f0bf68727cfd0f2dfffc4dde5. | org.apache.hadoop.hbase.regionserver.HRegion.doClose(HRegion.java:1913)
2024-04-21 00:00:17,603 | WARN  | RS_CLOSE_REGION-regionserver/p1tdhdpdn-v-7:21302-0 | Fatal error occurred while closing region 2b67a4ae42d57326ff9cf11a222b33ab, aborting... | org.apache.hadoop.hbase.regionserver.handler.UnassignRegionHandler.handleException(UnassignRegionHandler.java:152)
java.io.IOException: The new max sequence id 328 is less than the old max sequence id 330
    at org.apache.hadoop.hbase.wal.WALSplitUtil.writeRegionSequenceIdFile(WALSplitUtil.java:461)
    at org.apache.hadoop.hbase.regionserver.HRegion.writeRegionCloseMarker(HRegion.java:1265)
    at org.apache.hadoop.hbase.regionserver.HRegion.doClose(HRegion.java:1893)
    at org.apache.hadoop.hbase.regionserver.HRegion.close(HRegion.java:1625)
    at org.apache.hadoop.hbase.regionserver.handler.UnassignRegionHandler.process(UnassignRegionHandler.java:116)
    at org.apache.hadoop.hbase.executor.EventHandler.run(EventHandler.java:106)
    at java.util.concurrent.ThreadPoolExecutor.runWorker(ThreadPoolExecutor.java:1149)
    at java.util.concurrent.ThreadPoolExecutor$Worker.run(ThreadPoolExecutor.java:624)
    at java.lang.Thread.run(Thread.java:748)
2024-04-21 00:00:17,610 | ERROR | RS_CLOSE_REGION-regionserver/p1tdhdpdn-v-7:21302-0 | ***** ABORTING region server p1tdhdpdn-v-7,21302,1704995671636: Failed to close region 2b67a4ae42d57326ff9cf11a222b33ab and can not recover ***** | org.slf4j.helpers.MarkerIgnoringBase.error(MarkerIgnoringBase.java:159)
java.io.IOException: The new max sequence id 328 is less than the old max sequence id 330
    at org.apache.hadoop.hbase.wal.WALSplitUtil.writeRegionSequenceIdFile(WALSplitUtil.java:461)
    at org.apache.hadoop.hbase.regionserver.HRegion.writeRegionCloseMarker(HRegion.java:1265)
    at org.apache.hadoop.hbase.regionserver.HRegion.doClose(HRegion.java:1893)
    at org.apache.hadoop.hbase.regionserver.HRegion.close(HRegion.java:1625)
    at org.apache.hadoop.hbase.regionserver.handler.UnassignRegionHandler.process(UnassignRegionHandler.java:116)
    at org.apache.hadoop.hbase.executor.EventHandler.run(EventHandler.java:106)
    at java.util.concurrent.ThreadPoolExecutor.runWorker(ThreadPoolExecutor.java:1149)
    at java.util.concurrent.ThreadPoolExecutor$Worker.run(ThreadPoolExecutor.java:624)
    at java.lang.Thread.run(Thread.java:748)",Major,,Open,22/Apr/24 08:01,,"RegionServer abort when max sequence id wrong. When we disable a table, some region close failed because max sequence id is less than the old max sequence id, then RS abort...Then the region close success on another RS..

we just use bulkload...is it releated?

--------------------------------------------------------------------------------------------

2024-04-20 23:44:20,611 | INFO  | RpcServer.default.FPBQ.Fifo.handler=483,queue=33,port=21302 | Bulk-load file hdfs://hacluster/hbase/staging/cdr__boss20240420__t20amapi48eb4ce0k0t80jatvnnhpm5rohaj26a5rdsp0s7kifokcdd32ko89u7n/info/4f43f6cf569643da8ecc140668fa726e is on different filesystem than the destination store. Copying file over to destination filesystem. | org.apache.hadoop.hbase.regionserver.HRegionFileSystem.bulkLoadStoreFile(HRegionFileSystem.java:540)
2024-04-20 23:44:20,645 | INFO  | RpcServer.default.FPBQ.Fifo.handler=483,queue=33,port=21302 | Copied hdfs://hacluster/hbase/staging/cdr__boss20240420__t20amapi48eb4ce0k0t80jatvnnhpm5rohaj26a5rdsp0s7kifokcdd32ko89u7n/info/4f43f6cf569643da8ecc140668fa726e to temporary path on destination filesystem: viewfs://ClusterX/hbase/data/default/boss20240420/dc30be37cbd0ddee2f49712c55fd36cd/.tmp/6f7e97f2e3994881a6e04b36759f495e | org.apache.hadoop.hbase.regionserver.HRegionFileSystem.bulkLoadStoreFile(HRegionFileSystem.java:544)
2024-04-20 23:44:20,648 | INFO  | RpcServer.default.FPBQ.Fifo.handler=483,queue=33,port=21302 | Loaded HFile viewfs://ClusterX/hbase/data/default/boss20240420/dc30be37cbd0ddee2f49712c55fd36cd/.tmp/6f7e97f2e3994881a6e04b36759f495e into dc30be37cbd0ddee2f49712c55fd36cd/info as viewfs://ClusterX/hbase/data/default/boss20240420/dc30be37cbd0ddee2f49712c55fd36cd/info/3946dc15ea1c49b582a2ed175fe12ec3_SeqId_26_ - updating store file list. | org.apache.hadoop.hbase.regionserver.HStore.bulkLoadHFile(HStore.java:908)
2024-04-20 23:44:20,664 | INFO  | RpcServer.default.FPBQ.Fifo.handler=483,queue=33,port=21302 | Loaded HFile viewfs://ClusterX/hbase/data/default/boss20240420/dc30be37cbd0ddee2f49712c55fd36cd/info/3946dc15ea1c49b582a2ed175fe12ec3_SeqId_26_ into dc30be37cbd0ddee2f49712c55fd36cd/info | org.apache.hadoop.hbase.regionserver.HStore.bulkLoadHFile(HStore.java:942)
2024-04-20 23:44:20,664 | INFO  | RpcServer.default.FPBQ.Fifo.handler=483,queue=33,port=21302 | Successfully loaded viewfs://ClusterX/hbase/data/default/boss20240420/dc30be37cbd0ddee2f49712c55fd36cd/.tmp/6f7e97f2e3994881a6e04b36759f495e into dc30be37cbd0ddee2f49712c55fd36cd/info (new location: viewfs://ClusterX/hbase/data/default/boss20240420/dc30be37cbd0ddee2f49712c55fd36cd/info/3946dc15ea1c49b582a2ed175fe12ec3_SeqId_26_) | org.apache.hadoop.hbase.regionserver.HStore.bulkLoadHFile(HStore.java:914)
2024-04-20 23:44:23,592 | INFO  | RpcServer.default.FPBQ.Fifo.handler=483,queue=33,port=21302 | Validating hfile at viewfs://ClusterX/tenant/hw_cdr/dsttab/load_20240420232000/boss20240420/info/a97bb2bfcb5244279bcedbe20ec8322b for inclusion in b3d102e51ca3b78a1078580ed8a002de/info | org.apache.hadoop.hbase.regionserver.HStore.assertBulkLoadHFileOk(HStore.java:817)
2024-04-20 23:44:23,669 | INFO  | RpcServer.default.FPBQ.Fifo.handler=483,queue=33,port=21302 | Bulk-load file hdfs://hacluster/hbase/staging/cdr__boss20240420__t20amapi48eb4ce0k0t80jatvnnhpm5rohaj26a5rdsp0s7kifokcdd32ko89u7n/info/a97bb2bfcb5244279bcedbe20ec8322b is on different filesystem than the destination store. Copying file over to destination filesystem. | org.apache.hadoop.hbase.regionserver.HRegionFileSystem.bulkLoadStoreFile(HRegionFileSystem.java:540)
2024-04-20 23:44:23,743 | INFO  | RpcServer.default.FPBQ.Fifo.handler=483,queue=33,port=21302 | Copied hdfs://hacluster/hbase/staging/cdr__boss20240420__t20amapi48eb4ce0k0t80jatvnnhpm5rohaj26a5rdsp0s7kifokcdd32ko89u7n/info/a97bb2bfcb5244279bcedbe20ec8322b to temporary path on destination filesystem: viewfs://ClusterX/hbase/data/default/boss20240420/b3d102e51ca3b78a1078580ed8a002de/.tmp/f40ec16d10ab4474ace7af41d9126aa0 | org.apache.hadoop.hbase.regionserver.HRegionFileSystem.bulkLoadStoreFile(HRegionFileSystem.java:544)
2024-04-20 23:44:23,747 | INFO  | RpcServer.default.FPBQ.Fifo.handler=483,queue=33,port=21302 | Loaded HFile viewfs://ClusterX/hbase/data/default/boss20240420/b3d102e51ca3b78a1078580ed8a002de/.tmp/f40ec16d10ab4474ace7af41d9126aa0 into b3d102e51ca3b78a1078580ed8a002de/info as viewfs://ClusterX/hbase/data/default/boss20240420/b3d102e51ca3b78a1078580ed8a002de/info/7cfcf858a6b34bd1b9d47ccce5dde9e4_SeqId_41_ - updating store file list. | org.apache.hadoop.hbase.regionserver.HStore.bulkLoadHFile(HStore.java:908)
2024-04-20 23:44:23,760 | INFO  | RpcServer.default.FPBQ.Fifo.handler=483,queue=33,port=21302 | Loaded HFile viewfs://ClusterX/hbase/data/default/boss20240420/b3d102e51ca3b78a1078580ed8a002de/info/7cfcf858a6b34bd1b9d47ccce5dde9e4_SeqId_41_ into b3d102e51ca3b78a1078580ed8a002de/info | org.apache.hadoop.hbase.regionserver.HStore.bulkLoadHFile(HStore.java:942)
2024-04-20 23:44:23,760 | INFO  | RpcServer.default.FPBQ.Fifo.handler=483,queue=33,port=21302 | Successfully loaded viewfs://ClusterX/hbase/data/default/boss20240420/b3d102e51ca3b78a1078580ed8a002de/.tmp/f40ec16d10ab4474ace7af41d9126aa0 into b3d102e51ca3b78a1078580ed8a002de/info (new location: viewfs://ClusterX/hbase/data/default/boss20240420/b3d102e51ca3b78a1078580ed8a002de/info/7cfcf858a6b34bd1b9d47ccce5dde9e4_SeqId_41_) | org.apache.hadoop.hbase.regionserver.HStore.bulkLoadHFile(HStore.java:914)
2024-04-20 23:44:25,443 | INFO  | RpcServer.default.FPBQ.Fifo.handler=483,queue=33,port=21302 | Validating hfile at viewfs://ClusterX/tenant/hw_cdr/dsttab/load_20240420232000/boss20240420/info/4dac6fe338ed45028dd4ac859d02c386 for inclusion in eec5518fe33d8c6b5f99f66e20bf782d/info | org.apache.hadoop.hbase.regionserver.HStore.assertBulkLoadHFileOk(HStore.java:817)
2024-04-20 23:44:25,720 | INFO  | RpcServer.default.FPBQ.Fifo.handler=483,queue=33,port=21302 | Bulk-load file hdfs://hacluster/hbase/staging/cdr__boss20240420__t20amapi48eb4ce0k0t80jatvnnhpm5rohaj26a5rdsp0s7kifokcdd32ko89u7n/info/4dac6fe338ed45028dd4ac859d02c386 is on different filesystem than the destination store. Copying file over to destination filesystem. | org.apache.hadoop.hbase.regionserver.HRegionFileSystem.bulkLoadStoreFile(HRegionFileSystem.java:540)
2024-04-20 23:44:25,798 | INFO  | RpcServer.default.FPBQ.Fifo.handler=483,queue=33,port=21302 | Copied hdfs://hacluster/hbase/staging/cdr__boss20240420__t20amapi48eb4ce0k0t80jatvnnhpm5rohaj26a5rdsp0s7kifokcdd32ko89u7n/info/4dac6fe338ed45028dd4ac859d02c386 to temporary path on destination filesystem: viewfs://ClusterX/hbase/data/default/boss20240420/eec5518fe33d8c6b5f99f66e20bf782d/.tmp/09cb80cf4b5d47b78ddf31eafce4f5f6 | org.apache.hadoop.hbase.regionserver.HRegionFileSystem.bulkLoadStoreFile(HRegionFileSystem.java:544)
2024-04-20 23:44:25,802 | INFO  | RpcServer.default.FPBQ.Fifo.handler=483,queue=33,port=21302 | Loaded HFile viewfs://ClusterX/hbase/data/default/boss20240420/eec5518fe33d8c6b5f99f66e20bf782d/.tmp/09cb80cf4b5d47b78ddf31eafce4f5f6 into eec5518fe33d8c6b5f99f66e20bf782d/info as viewfs://ClusterX/hbase/data/default/boss20240420/eec5518fe33d8c6b5f99f66e20bf782d/info/6d674b96ccec40339a4a1f486a65c4a7_SeqId_20_ - updating store file list. | org.apache.hadoop.hbase.regionserver.HStore.bulkLoadHFile(HStore.java:908)
2024-04-20 23:44:25,823 | INFO  | RpcServer.default.FPBQ.Fifo.handler=483,queue=33,port=21302 | Loaded HFile viewfs://ClusterX/hbase/data/default/boss20240420/eec5518fe33d8c6b5f99f66e20bf782d/info/6d674b96ccec40339a4a1f486a65c4a7_SeqId_20_ into eec5518fe33d8c6b5f99f66e20bf782d/info | org.apache.hadoop.hbase.regionserver.HStore.bulkLoadHFile(HStore.java:942)
2024-04-20 23:44:25,823 | INFO  | RpcServer.default.FPBQ.Fifo.handler=483,queue=33,port=21302 | Successfully loaded viewfs://ClusterX/hbase/data/default/boss20240420/eec5518fe33d8c6b5f99f66e20bf782d/.tmp/09cb80cf4b5d47b78ddf31eafce4f5f6 into eec5518fe33d8c6b5f99f66e20bf782d/info (new location: viewfs://ClusterX/hbase/data/default/boss20240420/eec5518fe33d8c6b5f99f66e20bf782d/info/6d674b96ccec40339a4a1f486a65c4a7_SeqId_20_) | org.apache.hadoop.hbase.regionserver.HStore.bulkLoadHFile(HStore.java:914)
2024-04-20 23:44:28,837 | INFO  | RpcServer.default.FPBQ.Fifo.handler=483,queue=33,port=21302 | Validating hfile at viewfs://ClusterX/tenant/hw_cdr/dsttab/load_20240420232000/boss20240420/info/ef44caa4e05440569f76a05d351e4a62 for inclusion in 21d5667a8bcd59088ae865f5d9660283/info | org.apache.hadoop.hbase.regionserver.HStore.assertBulkLoadHFileOk(HStore.java:817)
2024-04-20 23:44:28,950 | INFO  | RpcServer.default.FPBQ.Fifo.handler=483,queue=33,port=21302 | Bulk-load file hdfs://hacluster/hbase/staging/cdr__boss20240420__t20amapi48eb4ce0k0t80jatvnnhpm5rohaj26a5rdsp0s7kifokcdd32ko89u7n/info/ef44caa4e05440569f76a05d351e4a62 is on different filesystem than the destination store. Copying file over to destination filesystem. | org.apache.hadoop.hbase.regionserver.HRegionFileSystem.bulkLoadStoreFile(HRegionFileSystem.java:540)
2024-04-20 23:44:29,007 | INFO  | RpcServer.default.FPBQ.Fifo.handler=483,queue=33,port=21302 | Copied hdfs://hacluster/hbase/staging/cdr__boss20240420__t20amapi48eb4ce0k0t80jatvnnhpm5rohaj26a5rdsp0s7kifokcdd32ko89u7n/info/ef44caa4e05440569f76a05d351e4a62 to temporary path on destination filesystem: viewfs://ClusterX/hbase/data/default/boss20240420/21d5667a8bcd59088ae865f5d9660283/.tmp/1be6287d04084bf48afd8eb0e0e63a6e | org.apache.hadoop.hbase.regionserver.HRegionFileSystem.bulkLoadStoreFile(HRegionFileSystem.java:544)
2024-04-20 23:44:29,010 | INFO  | RpcServer.default.FPBQ.Fifo.handler=483,queue=33,port=21302 | Loaded HFile viewfs://ClusterX/hbase/data/default/boss20240420/21d5667a8bcd59088ae865f5d9660283/.tmp/1be6287d04084bf48afd8eb0e0e63a6e into 21d5667a8bcd59088ae865f5d9660283/info as viewfs://ClusterX/hbase/data/default/boss20240420/21d5667a8bcd59088ae865f5d9660283/info/fb872c3f89e543c6b54fcb54898112d4_SeqId_16_ - updating store file list. | org.apache.hadoop.hbase.regionserver.HStore.bulkLoadHFile(HStore.java:908)
2024-04-20 23:44:29,063 | INFO  | RpcServer.default.FPBQ.Fifo.handler=415,queue=15,port=21302 | Validating hfile at viewfs://ClusterX/tenant/hw_cdr/dsttab/load_20240420232000/boss20240420/info/6fdde06815624c5095d39e7b98cc81c7 for inclusion in 0bf7d39f1708c5e50444c810f60d3f9f/info | org.apache.hadoop.hbase.regionserver.HStore.assertBulkLoadHFileOk(HStore.java:817)
2024-04-20 23:44:29,066 | INFO  | RpcServer.default.FPBQ.Fifo.handler=483,queue=33,port=21302 | Loaded HFile viewfs://ClusterX/hbase/data/default/boss20240420/21d5667a8bcd59088ae865f5d9660283/info/fb872c3f89e543c6b54fcb54898112d4_SeqId_16_ into 21d5667a8bcd59088ae865f5d9660283/info | org.apache.hadoop.hbase.regionserver.HStore.bulkLoadHFile(HStore.java:942)
2024-04-20 23:44:29,066 | INFO  | RpcServer.default.FPBQ.Fifo.handler=483,queue=33,port=21302 | Successfully loaded viewfs://ClusterX/hbase/data/default/boss20240420/21d5667a8bcd59088ae865f5d9660283/.tmp/1be6287d04084bf48afd8eb0e0e63a6e into 21d5667a8bcd59088ae865f5d9660283/info (new location: viewfs://ClusterX/hbase/data/default/boss20240420/21d5667a8bcd59088ae865f5d9660283/info/fb872c3f89e543c6b54fcb54898112d4_SeqId_16_) | org.apache.hadoop.hbase.regionserver.HStore.bulkLoadHFile(HStore.java:914)
2024-04-20 23:44:29,116 | INFO  | RpcServer.default.FPBQ.Fifo.handler=415,queue=15,port=21302 | Bulk-load file hdfs://hacluster/hbase/staging/cdr__boss20240420__t20amapi48eb4ce0k0t80jatvnnhpm5rohaj26a5rdsp0s7kifokcdd32ko89u7n/info/6fdde06815624c5095d39e7b98cc81c7 is on different filesystem than the destination store. Copying file over to destination filesystem. | org.apache.hadoop.hbase.regionserver.HRegionFileSystem.bulkLoadStoreFile(HRegionFileSystem.java:540)
2024-04-20 23:44:29,182 | INFO  | RpcServer.default.FPBQ.Fifo.handler=415,queue=15,port=21302 | Copied hdfs://hacluster/hbase/staging/cdr__boss20240420__t20amapi48eb4ce0k0t80jatvnnhpm5rohaj26a5rdsp0s7kifokcdd32ko89u7n/info/6fdde06815624c5095d39e7b98cc81c7 to temporary path on destination filesystem: viewfs://ClusterX/hbase/data/default/boss20240420/0bf7d39f1708c5e50444c810f60d3f9f/.tmp/0b6350c99fca4b06ba873f49a1ddb835 | org.apache.hadoop.hbase.regionserver.HRegionFileSystem.bulkLoadStoreFile(HRegionFileSystem.java:544)
2024-04-20 23:44:29,185 | INFO  | RpcServer.default.FPBQ.Fifo.handler=415,queue=15,port=21302 | Loaded HFile viewfs://ClusterX/hbase/data/default/boss20240420/0bf7d39f1708c5e50444c810f60d3f9f/.tmp/0b6350c99fca4b06ba873f49a1ddb835 into 0bf7d39f1708c5e50444c810f60d3f9f/info as viewfs://ClusterX/hbase/data/default/boss20240420/0bf7d39f1708c5e50444c810f60d3f9f/info/2ae95a60b63541538939adfef0ab2190_SeqId_34_ - updating store file list. | org.apache.hadoop.hbase.regionserver.HStore.bulkLoadHFile(HStore.java:908)
2024-04-20 23:44:29,201 | INFO  | RpcServer.default.FPBQ.Fifo.handler=415,queue=15,port=21302 | Loaded HFile viewfs://ClusterX/hbase/data/default/boss20240420/0bf7d39f1708c5e50444c810f60d3f9f/info/2ae95a60b63541538939adfef0ab2190_SeqId_34_ into 0bf7d39f1708c5e50444c810f60d3f9f/info | org.apache.hadoop.hbase.regionserver.HStore.bulkLoadHFile(HStore.java:942)
2024-04-20 23:44:29,201 | INFO  | RpcServer.default.FPBQ.Fifo.handler=415,queue=15,port=21302 | Successfully loaded viewfs://ClusterX/hbase/data/default/boss20240420/0bf7d39f1708c5e50444c810f60d3f9f/.tmp/0b6350c99fca4b06ba873f49a1ddb835 into 0bf7d39f1708c5e50444c810f60d3f9f/info (new location: viewfs://ClusterX/hbase/data/default/boss20240420/0bf7d39f1708c5e50444c810f60d3f9f/info/2ae95a60b63541538939adfef0ab2190_SeqId_34_) | org.apache.hadoop.hbase.regionserver.HStore.bulkLoadHFile(HStore.java:914)
2024-04-20 23:44:31,993 | INFO  | RpcServer.default.FPBQ.Fifo.handler=415,queue=15,port=21302 | Validating hfile at viewfs://ClusterX/tenant/hw_cdr/dsttab/load_20240420232000/boss20240420/info/f886ffd9d3d44804bcf164ff14ff24a6 for inclusion in bf26eb5268636a04d990e9a99da516fa/info | org.apache.hadoop.hbase.regionserver.HStore.assertBulkLoadHFileOk(HStore.java:817)
2024-04-20 23:44:32,071 | INFO  | RpcServer.default.FPBQ.Fifo.handler=415,queue=15,port=21302 | Bulk-load file hdfs://hacluster/hbase/staging/cdr__boss20240420__t20amapi48eb4ce0k0t80jatvnnhpm5rohaj26a5rdsp0s7kifokcdd32ko89u7n/info/f886ffd9d3d44804bcf164ff14ff24a6 is on different filesystem than the destination store. Copying file over to destination filesystem. | org.apache.hadoop.hbase.regionserver.HRegionFileSystem.bulkLoadStoreFile(HRegionFileSystem.java:540)
2024-04-20 23:44:32,179 | INFO  | RpcServer.default.FPBQ.Fifo.handler=415,queue=15,port=21302 | Copied hdfs://hacluster/hbase/staging/cdr__boss20240420__t20amapi48eb4ce0k0t80jatvnnhpm5rohaj26a5rdsp0s7kifokcdd32ko89u7n/info/f886ffd9d3d44804bcf164ff14ff24a6 to temporary path on destination filesystem: viewfs://ClusterX/hbase/data/default/boss20240420/bf26eb5268636a04d990e9a99da516fa/.tmp/bb3afca8b1c34f30a44fbc23416e43c7 | org.apache.hadoop.hbase.regionserver.HRegionFileSystem.bulkLoadStoreFile(HRegionFileSystem.java:544)
2024-04-20 23:44:32,182 | INFO  | RpcServer.default.FPBQ.Fifo.handler=415,queue=15,port=21302 | Loaded HFile viewfs://ClusterX/hbase/data/default/boss20240420/bf26eb5268636a04d990e9a99da516fa/.tmp/bb3afca8b1c34f30a44fbc23416e43c7 into bf26eb5268636a04d990e9a99da516fa/info as viewfs://ClusterX/hbase/data/default/boss20240420/bf26eb5268636a04d990e9a99da516fa/info/e7cafc760651400f95b9929bc4dfe09f_SeqId_24_ - updating store file list. | org.apache.hadoop.hbase.regionserver.HStore.bulkLoadHFile(HStore.java:908)
2024-04-20 23:44:32,194 | INFO  | RpcServer.default.FPBQ.Fifo.handler=415,queue=15,port=21302 | Loaded HFile viewfs://ClusterX/hbase/data/default/boss20240420/bf26eb5268636a04d990e9a99da516fa/info/e7cafc760651400f95b9929bc4dfe09f_SeqId_24_ into bf26eb5268636a04d990e9a99da516fa/info | org.apache.hadoop.hbase.regionserver.HStore.bulkLoadHFile(HStore.java:942)
2024-04-20 23:44:32,194 | INFO  | RpcServer.default.FPBQ.Fifo.handler=415,queue=15,port=21302 | Successfully loaded viewfs://ClusterX/hbase/data/default/boss20240420/bf26eb5268636a04d990e9a99da516fa/.tmp/bb3afca8b1c34f30a44fbc23416e43c7 into bf26eb5268636a04d990e9a99da516fa/info (new location: viewfs://ClusterX/hbase/data/default/boss20240420/bf26eb5268636a04d990e9a99da516fa/info/e7cafc760651400f95b9929bc4dfe09f_SeqId_24_) | org.apache.hadoop.hbase.regionserver.HStore.bulkLoadHFile(HStore.java:914)
2024-04-20 23:44:32,643 | INFO  | LruBlockCacheStatsExecutor | totalSize=810.84 MB, freeSize=2.37 GB, max=3.16 GB, blockCount=6432, accesses=2141008613, hits=42674300, hitRatio=1.99%, , cachingAccesses=42757862, cachingHits=42611408, cachingHitsRatio=99.66%, evictions=863177, evicted=0, evictedPerRun=0.0 | org.apache.hadoop.hbase.io.hfile.LruBlockCache.logStats(LruBlockCache.java:940)
2024-04-20 23:44:32,967 | INFO  | BucketCacheStatsExecutor | failedBlockAdditions=0, totalSize=2.00 GB, freeSize=2.00 GB, usedSize=1.60 MB, cacheSize=1.55 MB, accesses=2103504114, hits=59423, IOhitsPerSecond=0, IOTimePerHit=NaN, hitRatio=0.00%, cachingAccesses=290936, cachingHits=946, cachingHitsRatio=0.33%, evictions=49, evicted=289802, evictedPerRun=5914.326530612245 | org.apache.hadoop.hbase.io.hfile.bucket.BucketCache.logStats(BucketCache.java:637)
2024-04-20 23:44:35,020 | INFO  | org.apache.ranger.audit.queue.AuditBatchQueue0 | Audit Status Log: name=hbaseRegional.async.summary.batch, finalDestination=hbaseRegional.async.summary.batch.log4j, interval=01:02.099 minutes, events=18, succcessCount=8, totalEvents=10351899, totalSuccessCount=1046226 | org.apache.ranger.audit.provider.BaseAuditHandler.logStatus(BaseAuditHandler.java:332)
2024-04-20 23:44:38,469 | INFO  | p1tdhdpdn-v-7:21302Replication Statistics #0 | Global stats: WAL Edits Buffer Used=0B, Limit=268435456B
 | org.apache.hadoop.hbase.replication.regionserver.Replication$ReplicationStatisticsTask.printStats(Replication.java:241)
2024-04-20 23:45:35,922 | INFO  | org.apache.ranger.audit.queue.AuditBatchQueue0 | Audit Status Log: name=hbaseRegional.async.summary.batch, finalDestination=hbaseRegional.async.summary.batch.log4j, interval=01:00.902 minutes, events=2, succcessCount=2, totalEvents=10351901, totalSuccessCount=1046228 | org.apache.ranger.audit.provider.BaseAuditHandler.logStatus(BaseAuditHandler.java:332)
2024-04-20 23:45:52,951 | INFO  | HBase-Metrics2-1 | Stopping HBase metrics system... | org.apache.hadoop.metrics2.impl.MetricsSystemImpl.stop(MetricsSystemImpl.java:210)
2024-04-20 23:45:52,958 | INFO  | HBase-Metrics2-1 | HBase metrics system stopped. | org.apache.hadoop.metrics2.impl.MetricsSystemImpl.stop(MetricsSystemImpl.java:216)
2024-04-20 23:45:53,459 | WARN  | HBase-Metrics2-1 | Cannot locate configuration: tried hadoop-metrics2-hbase.properties,hadoop-metrics2.properties | org.apache.hadoop.metrics2.impl.MetricsConfig.loadFirst(MetricsConfig.java:133)
2024-04-20 23:45:53,459 | INFO  | HBase-Metrics2-1 | Scheduled Metric snapshot period at 10 second(s). | org.apache.hadoop.metrics2.impl.MetricsSystemImpl.startTimer(MetricsSystemImpl.java:378)
2024-04-20 23:45:53,460 | INFO  | HBase-Metrics2-1 | HBase metrics system started | org.apache.hadoop.metrics2.impl.MetricsSystemImpl.start(MetricsSystemImpl.java:191)
2024-04-20 23:47:38,739 | INFO  | RpcServer.default.FPBQ.Fifo.handler=415,queue=15,port=21302 | Chore [ScheduledChore: Name: QuotaRefresherChore Period: 300000 Unit: MILLISECONDS] is enabled. | org.apache.hadoop.hbase.ChoreService.scheduleChore(ChoreService.java:157)
2024-04-20 23:47:41,926 | INFO  | org.apache.ranger.audit.queue.AuditBatchQueue0 | Audit Status Log: name=hbaseRegional.async.summary.batch.log4j, interval=03:30.005 minutes, events=10, succcessCount=10, totalEvents=1046228, totalSuccessCount=1046228 | org.apache.ranger.audit.provider.BaseAuditHandler.logStatus(BaseAuditHandler.java:332)
2024-04-20 23:48:36,094 | INFO  | org.apache.ranger.audit.queue.AuditBatchQueue0 | Audit Status Log: name=hbaseRegional.async.summary.batch, finalDestination=hbaseRegional.async.summary.batch.log4j, interval=01:00.169 minutes, events=3787, succcessCount=896, totalEvents=10355688, totalSuccessCount=1047124 | org.apache.ranger.audit.provider.BaseAuditHandler.logStatus(BaseAuditHandler.java:332)
2024-04-20 23:49:25,976 | INFO  | RpcServer.default.FPBQ.Fifo.handler=301,queue=1,port=21302 | Validating hfile at viewfs://ClusterX/tenant/hw_cdr/dsttab/load_20240420233000/boss20240420/info/6403649b9cff4e2e9a716edfb91eed02 for inclusion in 24b5f9451a7c43c78f510539ac3124b6/info | org.apache.hadoop.hbase.regionserver.HStore.assertBulkLoadHFileOk(HStore.java:817)
2024-04-20 23:49:26,330 | INFO  | RpcServer.default.FPBQ.Fifo.handler=301,queue=1,port=21302 | Bulk-load file hdfs://hacluster/hbase/staging/cdr__boss20240420__npj0dvc9jt9shu2lknr23t8d0l9qu9v84rjc1atk9m69ludreffg4plgpjeo5jlb/info/6403649b9cff4e2e9a716edfb91eed02 is on different filesystem than the destination store. Copying file over to destination filesystem. | org.apache.hadoop.hbase.regionserver.HRegionFileSystem.bulkLoadStoreFile(HRegionFileSystem.java:540)
2024-04-20 23:49:26,762 | INFO  | RpcServer.default.FPBQ.Fifo.handler=301,queue=1,port=21302 | Copied hdfs://hacluster/hbase/staging/cdr__boss20240420__npj0dvc9jt9shu2lknr23t8d0l9qu9v84rjc1atk9m69ludreffg4plgpjeo5jlb/info/6403649b9cff4e2e9a716edfb91eed02 to temporary path on destination filesystem: viewfs://ClusterX/hbase/data/default/boss20240420/24b5f9451a7c43c78f510539ac3124b6/.tmp/a3eb0160995742509ccd235ebfcfa281 | org.apache.hadoop.hbase.regionserver.HRegionFileSystem.bulkLoadStoreFile(HRegionFileSystem.java:544)
2024-04-20 23:49:26,768 | INFO  | RpcServer.default.FPBQ.Fifo.handler=301,queue=1,port=21302 | Loaded HFile viewfs://ClusterX/hbase/data/default/boss20240420/24b5f9451a7c43c78f510539ac3124b6/.tmp/a3eb0160995742509ccd235ebfcfa281 into 24b5f9451a7c43c78f510539ac3124b6/info as viewfs://ClusterX/hbase/data/default/boss20240420/24b5f9451a7c43c78f510539ac3124b6/info/775e33b5b20242f1821c8b52d9b93ddf_SeqId_16_ - updating store file list. | org.apache.hadoop.hbase.regionserver.HStore.bulkLoadHFile(HStore.java:908)
2024-04-20 23:49:26,782 | INFO  | RpcServer.default.FPBQ.Fifo.handler=301,queue=1,port=21302 | Loaded HFile viewfs://ClusterX/hbase/data/default/boss20240420/24b5f9451a7c43c78f510539ac3124b6/info/775e33b5b20242f1821c8b52d9b93ddf_SeqId_16_ into 24b5f9451a7c43c78f510539ac3124b6/info | org.apache.hadoop.hbase.regionserver.HStore.bulkLoadHFile(HStore.java:942)
2024-04-20 23:49:26,782 | INFO  | RpcServer.default.FPBQ.Fifo.handler=301,queue=1,port=21302 | Successfully loaded viewfs://ClusterX/hbase/data/default/boss20240420/24b5f9451a7c43c78f510539ac3124b6/.tmp/a3eb0160995742509ccd235ebfcfa281 into 24b5f9451a7c43c78f510539ac3124b6/info (new location: viewfs://ClusterX/hbase/data/default/boss20240420/24b5f9451a7c43c78f510539ac3124b6/info/775e33b5b20242f1821c8b52d9b93ddf_SeqId_16_) | org.apache.hadoop.hbase.regionserver.HStore.bulkLoadHFile(HStore.java:914)
2024-04-20 23:49:27,148 | INFO  | RpcServer.default.FPBQ.Fifo.handler=301,queue=1,port=21302 | Validating hfile at viewfs://ClusterX/tenant/hw_cdr/dsttab/load_20240420233000/boss20240420/info/474cd88557de4a999c14173dd65c8817 for inclusion in 281284cc6ea724c51c83ce23e5249f7b/info | org.apache.hadoop.hbase.regionserver.HStore.assertBulkLoadHFileOk(HStore.java:817)
2024-04-20 23:49:27,219 | INFO  | RpcServer.default.FPBQ.Fifo.handler=301,queue=1,port=21302 | Bulk-load file hdfs://hacluster/hbase/staging/cdr__boss20240420__npj0dvc9jt9shu2lknr23t8d0l9qu9v84rjc1atk9m69ludreffg4plgpjeo5jlb/info/474cd88557de4a999c14173dd65c8817 is on different filesystem than the destination store. Copying file over to destination filesystem. | org.apache.hadoop.hbase.regionserver.HRegionFileSystem.bulkLoadStoreFile(HRegionFileSystem.java:540)
2024-04-20 23:49:27,257 | INFO  | RpcServer.default.FPBQ.Fifo.handler=301,queue=1,port=21302 | Copied hdfs://hacluster/hbase/staging/cdr__boss20240420__npj0dvc9jt9shu2lknr23t8d0l9qu9v84rjc1atk9m69ludreffg4plgpjeo5jlb/info/474cd88557de4a999c14173dd65c8817 to temporary path on destination filesystem: viewfs://ClusterX/hbase/data/default/boss20240420/281284cc6ea724c51c83ce23e5249f7b/.tmp/7d352cb6f77047e9a39bc35379f70a92 | org.apache.hadoop.hbase.regionserver.HRegionFileSystem.bulkLoadStoreFile(HRegionFileSystem.java:544)
2024-04-20 23:49:27,260 | INFO  | RpcServer.default.FPBQ.Fifo.handler=301,queue=1,port=21302 | Loaded HFile viewfs://ClusterX/hbase/data/default/boss20240420/281284cc6ea724c51c83ce23e5249f7b/.tmp/7d352cb6f77047e9a39bc35379f70a92 into 281284cc6ea724c51c83ce23e5249f7b/info as viewfs://ClusterX/hbase/data/default/boss20240420/281284cc6ea724c51c83ce23e5249f7b/info/8fb058fa1e4c48fb862e559f873a1390_SeqId_32_ - updating store file list. | org.apache.hadoop.hbase.regionserver.HStore.bulkLoadHFile(HStore.java:908)
2024-04-20 23:49:27,276 | INFO  | RpcServer.default.FPBQ.Fifo.handler=301,queue=1,port=21302 | Loaded HFile viewfs://ClusterX/hbase/data/default/boss20240420/281284cc6ea724c51c83ce23e5249f7b/info/8fb058fa1e4c48fb862e559f873a1390_SeqId_32_ into 281284cc6ea724c51c83ce23e5249f7b/info | org.apache.hadoop.hbase.regionserver.HStore.bulkLoadHFile(HStore.java:942)
2024-04-20 23:49:27,276 | INFO  | RpcServer.default.FPBQ.Fifo.handler=301,queue=1,port=21302 | Successfully loaded viewfs://ClusterX/hbase/data/default/boss20240420/281284cc6ea724c51c83ce23e5249f7b/.tmp/7d352cb6f77047e9a39bc35379f70a92 into 281284cc6ea724c51c83ce23e5249f7b/info (new location: viewfs://ClusterX/hbase/data/default/boss20240420/281284cc6ea724c51c83ce23e5249f7b/info/8fb058fa1e4c48fb862e559f873a1390_SeqId_32_) | org.apache.hadoop.hbase.regionserver.HStore.bulkLoadHFile(HStore.java:914)
2024-04-20 23:49:27,417 | INFO  | regionserver/p1tdhdpdn-v-7:21302.Chore.11 | MemstoreFlusherChore requesting flush of boss20240405,H3020209~,1712160114717.4e7bdeeb9b222b113307199da2810e18. because 4e7bdeeb9b222b113307199da2810e18/info has an old edit so flush to free WALs after random delay 239909 ms | org.apache.hadoop.hbase.regionserver.HRegionServer$PeriodicMemStoreFlusher.chore(HRegionServer.java:2059)
2024-04-20 23:49:30,094 | INFO  | org.apache.ranger.audit.queue.AuditBatchQueue0 | Audit Status Log: name=hbaseRegional.async.summary.batch.log4j, interval=01:48.168 minutes, events=896, succcessCount=896, totalEvents=1047124, totalSuccessCount=1047124 | org.apache.ranger.audit.provider.BaseAuditHandler.logStatus(BaseAuditHandler.java:332)
2024-04-20 23:49:32,643 | INFO  | LruBlockCacheStatsExecutor | totalSize=811.85 MB, freeSize=2.37 GB, max=3.16 GB, blockCount=6440, accesses=2141096719, hits=42676155, hitRatio=1.99%, , cachingAccesses=42759717, cachingHits=42613255, cachingHitsRatio=99.66%, evictions=863207, evicted=0, evictedPerRun=0.0 | org.apache.hadoop.hbase.io.hfile.LruBlockCache.logStats(LruBlockCache.java:940)
2024-04-20 23:49:32,967 | INFO  | BucketCacheStatsExecutor | failedBlockAdditions=0, totalSize=2.00 GB, freeSize=2.00 GB, usedSize=1.60 MB, cacheSize=1.55 MB, accesses=2103590357, hits=59423, IOhitsPerSecond=0, IOTimePerHit=NaN, hitRatio=0.00%, cachingAccesses=290936, cachingHits=946, cachingHitsRatio=0.33%, evictions=49, evicted=289802, evictedPerRun=5914.326530612245 | org.apache.hadoop.hbase.io.hfile.bucket.BucketCache.logStats(BucketCache.java:637)
2024-04-20 23:49:38,469 | INFO  | p1tdhdpdn-v-7:21302Replication Statistics #0 | Global stats: WAL Edits Buffer Used=0B, Limit=268435456B
 | org.apache.hadoop.hbase.replication.regionserver.Replication$ReplicationStatisticsTask.printStats(Replication.java:241)
2024-04-20 23:49:39,094 | INFO  | org.apache.ranger.audit.queue.AuditBatchQueue0 | Audit Status Log: name=hbaseRegional.async.summary.batch, finalDestination=hbaseRegional.async.summary.batch.log4j, interval=01:03.000 minutes, events=4, succcessCount=2, totalEvents=10355692, totalSuccessCount=1047126 | org.apache.ranger.audit.provider.BaseAuditHandler.logStatus(BaseAuditHandler.java:332)
2024-04-20 23:50:52,951 | INFO  | HBase-Metrics2-1 | Stopping HBase metrics system... | org.apache.hadoop.metrics2.impl.MetricsSystemImpl.stop(MetricsSystemImpl.java:210)
2024-04-20 23:50:52,959 | INFO  | HBase-Metrics2-1 | HBase metrics system stopped. | org.apache.hadoop.metrics2.impl.MetricsSystemImpl.stop(MetricsSystemImpl.java:216)
2024-04-20 23:50:53,461 | WARN  | HBase-Metrics2-1 | Cannot locate configuration: tried hadoop-metrics2-hbase.properties,hadoop-metrics2.properties | org.apache.hadoop.metrics2.impl.MetricsConfig.loadFirst(MetricsConfig.java:133)
2024-04-20 23:50:53,476 | INFO  | HBase-Metrics2-1 | Scheduled Metric snapshot period at 10 second(s). | org.apache.hadoop.metrics2.impl.MetricsSystemImpl.startTimer(MetricsSystemImpl.java:378)
2024-04-20 23:50:53,476 | INFO  | HBase-Metrics2-1 | HBase metrics system started | org.apache.hadoop.metrics2.impl.MetricsSystemImpl.start(MetricsSystemImpl.java:191)
2024-04-20 23:51:14,537 | INFO  | regionserver/p1tdhdpdn-v-7:21302-longCompactions-9 | 0bf7d39f1708c5e50444c810f60d3f9f#info#compaction#11852 average throughput is 3.49 MB/second, slept 1444 time(s) and total slept time is 3969809 ms. 8 active operations remaining, total limit is 18.00 MB/second | org.apache.hadoop.hbase.regionserver.throttle.PressureAwareThroughputController.finish(PressureAwareThroughputController.java:145)
2024-04-20 23:51:15,245 | INFO  | regionserver/p1tdhdpdn-v-7:21302-longCompactions-9 | Completed compaction of 15 (all) file(s) in 0bf7d39f1708c5e50444c810f60d3f9f/info of 0bf7d39f1708c5e50444c810f60d3f9f into 8ae2d25f22a34a01a8b895b0bfa7394e(size=2.2 G), total size for store is 2.2 G. This selection was in queue for 0sec, and took 1hrs, 9mins, 7sec to execute. | org.apache.hadoop.hbase.regionserver.HStore.logCompactionEndMessage(HStore.java:1669)
2024-04-20 23:51:15,245 | INFO  | regionserver/p1tdhdpdn-v-7:21302-longCompactions-9 | Completed compaction Request=regionName=boss20240420,H1030107628~,1713456095893.0bf7d39f1708c5e50444c810f60d3f9f., storeName=info, fileCount=15, fileSize=2.3 G (30.8 M, 1.2 G, 1003.2 M, 25.0 M, 7.1 M, 94.0 K, 83.3 K, 27.0 K, 23.4 K, 21.6 K, 14.7 K, 10.9 K, 17.4 K, 10.9 K, 12.8 K), priority=2, time=1713624128170; duration=1hrs, 9mins, 7sec | org.apache.hadoop.hbase.regionserver.CompactSplit$CompactionRunner.doCompaction(CompactSplit.java:632)
2024-04-20 23:53:27,327 | INFO  | MemStoreFlusher.3 | Unable to get remote Address | org.apache.ranger.authorization.hbase.RangerAuthorizationCoprocessor.getRemoteAddress(RangerAuthorizationCoprocessor.java:214)
2024-04-20 23:53:27,376 | INFO  | MemStoreFlusher.3 | Flushing 4e7bdeeb9b222b113307199da2810e18 1/1 column families, dataSize=1.87 MB heapSize=2.50 MB | org.apache.hadoop.hbase.regionserver.HRegion.logFatLineOnFlush(HRegion.java:2870)
2024-04-20 23:53:27,524 | INFO  | MemStoreFlusher.3 | Flushed memstore data size=1.87 MB at sequenceid=146705 (bloomFilter=true), to=viewfs://ClusterX/hbase/data/default/boss20240405/4e7bdeeb9b222b113307199da2810e18/.tmp/info/98071aebc1e4481aafc41f8e1e8d2243 | org.apache.hadoop.hbase.regionserver.DefaultStoreFlusher.flushSnapshot(DefaultStoreFlusher.java:85)
2024-04-20 23:53:27,554 | INFO  | MemStoreFlusher.3 | Added viewfs://ClusterX/hbase/data/default/boss20240405/4e7bdeeb9b222b113307199da2810e18/info/98071aebc1e4481aafc41f8e1e8d2243, entries=2940, sequenceid=146705, filesize=190.2 K | org.apache.hadoop.hbase.regionserver.HStore.commitFile(HStore.java:1145)
2024-04-20 23:53:27,555 | INFO  | MemStoreFlusher.3 | Finished flush of dataSize ~1.87 MB/1960410, heapSize ~2.50 MB/2618256, currentSize=0 B/0 for 4e7bdeeb9b222b113307199da2810e18 in 179ms, sequenceid=146705, compaction requested=false | org.apache.hadoop.hbase.regionserver.HRegion.internalFlushCacheAndCommit(HRegion.java:3079)
2024-04-20 23:53:30,121 | INFO  | org.apache.ranger.audit.queue.AuditBatchQueue0 | Audit Status Log: name=hbaseRegional.async.summary.batch.log4j, interval=04:00.027 minutes, events=2, succcessCount=2, totalEvents=1047126, totalSuccessCount=1047126 | org.apache.ranger.audit.provider.BaseAuditHandler.logStatus(BaseAuditHandler.java:332)
2024-04-20 23:53:39,121 | INFO  | org.apache.ranger.audit.queue.AuditBatchQueue0 | Audit Status Log: name=hbaseRegional.async.summary.batch, finalDestination=hbaseRegional.async.summary.batch.log4j, interval=01:00.001 minutes, events=2, succcessCount=1, totalEvents=10355694, totalSuccessCount=1047127 | org.apache.ranger.audit.provider.BaseAuditHandler.logStatus(BaseAuditHandler.java:332)
2024-04-20 23:54:32,643 | INFO  | LruBlockCacheStatsExecutor | totalSize=812.98 MB, freeSize=2.37 GB, max=3.16 GB, blockCount=6449, accesses=2141184975, hits=42678224, hitRatio=1.99%, , cachingAccesses=42761786, cachingHits=42615315, cachingHitsRatio=99.66%, evictions=863237, evicted=0, evictedPerRun=0.0 | org.apache.hadoop.hbase.io.hfile.LruBlockCache.logStats(LruBlockCache.java:940)
2024-04-20 23:54:32,967 | INFO  | BucketCacheStatsExecutor | failedBlockAdditions=0, totalSize=2.00 GB, freeSize=2.00 GB, usedSize=1.60 MB, cacheSize=1.55 MB, accesses=2103676600, hits=59423, IOhitsPerSecond=0, IOTimePerHit=NaN, hitRatio=0.00%, cachingAccesses=290936, cachingHits=946, cachingHitsRatio=0.33%, evictions=49, evicted=289802, evictedPerRun=5914.326530612245 | org.apache.hadoop.hbase.io.hfile.bucket.BucketCache.logStats(BucketCache.java:637)
2024-04-20 23:54:32,972 | INFO  | MobFileCache #0 | MobFileCache Statistics, access: 0, miss: 0, hit: 0, hit ratio: 0%, evicted files: 0 | org.apache.hadoop.hbase.mob.MobFileCache.printStatistics(MobFileCache.java:341)
2024-04-20 23:54:38,469 | INFO  | p1tdhdpdn-v-7:21302Replication Statistics #0 | Global stats: WAL Edits Buffer Used=0B, Limit=268435456B
 | org.apache.hadoop.hbase.replication.regionserver.Replication$ReplicationStatisticsTask.printStats(Replication.java:241)
2024-04-20 23:55:10,095 | INFO  | regionserver/p1tdhdpdn-v-7:21302.logRoller | Rolled WAL /hbase/WALs/p1tdhdpdn-v-7,21302,1704995671636/p1tdhdpdn-v-7%2C21302%2C1704995671636.1713624909375 with entries=584, filesize=1.11 MB; new WAL /hbase/WALs/p1tdhdpdn-v-7,21302,1704995671636/p1tdhdpdn-v-7%2C21302%2C1704995671636.1713628510024 | org.apache.hadoop.hbase.regionserver.wal.AbstractFSWAL.logRollAndSetupWalProps(AbstractFSWAL.java:727)
2024-04-20 23:55:10,095 | INFO  | Log-Archiver-0 | Archiving viewfs://ClusterX/hbase/WALs/p1tdhdpdn-v-7,21302,1704995671636/p1tdhdpdn-v-7%2C21302%2C1704995671636.1713621309238 to viewfs://ClusterX/hbase/oldWALs/p1tdhdpdn-v-7%2C21302%2C1704995671636.1713621309238 | org.apache.hadoop.hbase.regionserver.wal.AbstractFSWAL.archiveLogFile(AbstractFSWAL.java:708)
2024-04-20 23:55:52,951 | INFO  | HBase-Metrics2-1 | Stopping HBase metrics system... | org.apache.hadoop.metrics2.impl.MetricsSystemImpl.stop(MetricsSystemImpl.java:210)
2024-04-20 23:55:52,958 | INFO  | HBase-Metrics2-1 | HBase metrics system stopped. | org.apache.hadoop.metrics2.impl.MetricsSystemImpl.stop(MetricsSystemImpl.java:216)
2024-04-20 23:55:53,460 | WARN  | HBase-Metrics2-1 | Cannot locate configuration: tried hadoop-metrics2-hbase.properties,hadoop-metrics2.properties | org.apache.hadoop.metrics2.impl.MetricsConfig.loadFirst(MetricsConfig.java:133)
2024-04-20 23:55:53,461 | INFO  | HBase-Metrics2-1 | Scheduled Metric snapshot period at 10 second(s). | org.apache.hadoop.metrics2.impl.MetricsSystemImpl.startTimer(MetricsSystemImpl.java:378)
2024-04-20 23:55:53,461 | INFO  | HBase-Metrics2-1 | HBase metrics system started | org.apache.hadoop.metrics2.impl.MetricsSystemImpl.start(MetricsSystemImpl.java:191)
2024-04-20 23:59:32,643 | INFO  | LruBlockCacheStatsExecutor | totalSize=814.11 MB, freeSize=2.36 GB, max=3.16 GB, blockCount=6458, accesses=2141273489, hits=42680456, hitRatio=1.99%, , cachingAccesses=42764018, cachingHits=42617538, cachingHitsRatio=99.66%, evictions=863267, evicted=0, evictedPerRun=0.0 | org.apache.hadoop.hbase.io.hfile.LruBlockCache.logStats(LruBlockCache.java:940)
2024-04-20 23:59:32,967 | INFO  | BucketCacheStatsExecutor | failedBlockAdditions=0, totalSize=2.00 GB, freeSize=2.00 GB, usedSize=1.60 MB, cacheSize=1.55 MB, accesses=2103762905, hits=59423, IOhitsPerSecond=0, IOTimePerHit=NaN, hitRatio=0.00%, cachingAccesses=290936, cachingHits=946, cachingHitsRatio=0.33%, evictions=49, evicted=289802, evictedPerRun=5914.326530612245 | org.apache.hadoop.hbase.io.hfile.bucket.BucketCache.logStats(BucketCache.java:637)
2024-04-20 23:59:38,469 | INFO  | p1tdhdpdn-v-7:21302Replication Statistics #0 | Global stats: WAL Edits Buffer Used=0B, Limit=268435456B
 | org.apache.hadoop.hbase.replication.regionserver.Replication$ReplicationStatisticsTask.printStats(Replication.java:241)
2024-04-21 00:00:15,428 | INFO  | RS_CLOSE_REGION-regionserver/p1tdhdpdn-v-7:21302-16 | Close 8975d95b7a69dc45b0055630545c2e25 | org.apache.hadoop.hbase.regionserver.handler.UnassignRegionHandler.process(UnassignRegionHandler.java:107)
2024-04-21 00:00:15,428 | INFO  | RS_CLOSE_REGION-regionserver/p1tdhdpdn-v-7:21302-16 | Unable to get remote Address | org.apache.ranger.authorization.hbase.RangerAuthorizationCoprocessor.getRemoteAddress(RangerAuthorizationCoprocessor.java:214)
2024-04-21 00:00:15,488 | INFO  | RS_CLOSE_REGION-regionserver/p1tdhdpdn-v-7:21302-16 | Unable to get remote Address | org.apache.ranger.authorization.hbase.RangerAuthorizationCoprocessor.getRemoteAddress(RangerAuthorizationCoprocessor.java:214)
2024-04-21 00:00:15,488 | INFO  | RS_CLOSE_REGION-regionserver/p1tdhdpdn-v-7:21302-16 | Waiting for flushes and compactions to finish for the region boss20240221,H5CC9923038~,1708358595748.8975d95b7a69dc45b0055630545c2e25. | org.apache.hadoop.hbase.regionserver.HRegion.waitForFlushesAndCompactions(HRegion.java:1924)
2024-04-21 00:00:15,488 | INFO  | RS_CLOSE_REGION-regionserver/p1tdhdpdn-v-7:21302-16 | Total wait time for flushes and compaction for the region boss20240221,H5CC9923038~,1708358595748.8975d95b7a69dc45b0055630545c2e25. is: 0ms | org.apache.hadoop.hbase.regionserver.HRegion.waitForFlushesAndCompactions(HRegion.java:1960)
2024-04-21 00:00:15,488 | INFO  | RS_CLOSE_REGION-regionserver/p1tdhdpdn-v-7:21302-16 | Closing region boss20240221,H5CC9923038~,1708358595748.8975d95b7a69dc45b0055630545c2e25. | org.apache.hadoop.hbase.regionserver.HRegion.doClose(HRegion.java:1696)
2024-04-21 00:00:15,839 | INFO  | RS_CLOSE_REGION-regionserver/p1tdhdpdn-v-7:21302-2 | Close 0d541b4f0bf68727cfd0f2dfffc4dde5 | org.apache.hadoop.hbase.regionserver.handler.UnassignRegionHandler.process(UnassignRegionHandler.java:107)
2024-04-21 00:00:15,840 | INFO  | RS_CLOSE_REGION-regionserver/p1tdhdpdn-v-7:21302-2 | Unable to get remote Address | org.apache.ranger.authorization.hbase.RangerAuthorizationCoprocessor.getRemoteAddress(RangerAuthorizationCoprocessor.java:214)
2024-04-21 00:00:15,840 | INFO  | RS_CLOSE_REGION-regionserver/p1tdhdpdn-v-7:21302-2 | Unable to get remote Address | org.apache.ranger.authorization.hbase.RangerAuthorizationCoprocessor.getRemoteAddress(RangerAuthorizationCoprocessor.java:214)
2024-04-21 00:00:15,840 | INFO  | RS_CLOSE_REGION-regionserver/p1tdhdpdn-v-7:21302-2 | Waiting for flushes and compactions to finish for the region boss20240221,H5CC9915320~,1708358595748.0d541b4f0bf68727cfd0f2dfffc4dde5. | org.apache.hadoop.hbase.regionserver.HRegion.waitForFlushesAndCompactions(HRegion.java:1924)
2024-04-21 00:00:15,840 | INFO  | RS_CLOSE_REGION-regionserver/p1tdhdpdn-v-7:21302-2 | Total wait time for flushes and compaction for the region boss20240221,H5CC9915320~,1708358595748.0d541b4f0bf68727cfd0f2dfffc4dde5. is: 0ms | org.apache.hadoop.hbase.regionserver.HRegion.waitForFlushesAndCompactions(HRegion.java:1960)
2024-04-21 00:00:15,840 | INFO  | RS_CLOSE_REGION-regionserver/p1tdhdpdn-v-7:21302-2 | Closing region boss20240221,H5CC9915320~,1708358595748.0d541b4f0bf68727cfd0f2dfffc4dde5. | org.apache.hadoop.hbase.regionserver.HRegion.doClose(HRegion.java:1696)
2024-04-21 00:00:16,349 | INFO  | RS_CLOSE_REGION-regionserver/p1tdhdpdn-v-7:21302-42 | Close b8083f48bb2d591ca5aff2931d6e1ff7 | org.apache.hadoop.hbase.regionserver.handler.UnassignRegionHandler.process(UnassignRegionHandler.java:107)
2024-04-21 00:00:16,349 | INFO  | RS_CLOSE_REGION-regionserver/p1tdhdpdn-v-7:21302-42 | Unable to get remote Address | org.apache.ranger.authorization.hbase.RangerAuthorizationCoprocessor.getRemoteAddress(RangerAuthorizationCoprocessor.java:214)
2024-04-21 00:00:16,349 | INFO  | RS_CLOSE_REGION-regionserver/p1tdhdpdn-v-7:21302-42 | Unable to get remote Address | org.apache.ranger.authorization.hbase.RangerAuthorizationCoprocessor.getRemoteAddress(RangerAuthorizationCoprocessor.java:214)
2024-04-21 00:00:16,349 | INFO  | RS_CLOSE_REGION-regionserver/p1tdhdpdn-v-7:21302-42 | Waiting for flushes and compactions to finish for the region boss20240221,H5CC9907525~,1708358595748.b8083f48bb2d591ca5aff2931d6e1ff7. | org.apache.hadoop.hbase.regionserver.HRegion.waitForFlushesAndCompactions(HRegion.java:1924)
2024-04-21 00:00:16,349 | INFO  | RS_CLOSE_REGION-regionserver/p1tdhdpdn-v-7:21302-42 | Total wait time for flushes and compaction for the region boss20240221,H5CC9907525~,1708358595748.b8083f48bb2d591ca5aff2931d6e1ff7. is: 0ms | org.apache.hadoop.hbase.regionserver.HRegion.waitForFlushesAndCompactions(HRegion.java:1960)
2024-04-21 00:00:16,349 | INFO  | RS_CLOSE_REGION-regionserver/p1tdhdpdn-v-7:21302-42 | Closing region boss20240221,H5CC9907525~,1708358595748.b8083f48bb2d591ca5aff2931d6e1ff7. | org.apache.hadoop.hbase.regionserver.HRegion.doClose(HRegion.java:1696)
2024-04-21 00:00:16,631 | INFO  | RS_CLOSE_REGION-regionserver/p1tdhdpdn-v-7:21302-16 | Closed boss20240221,H5CC9923038~,1708358595748.8975d95b7a69dc45b0055630545c2e25. | org.apache.hadoop.hbase.regionserver.HRegion.doClose(HRegion.java:1913)
2024-04-21 00:00:16,820 | INFO  | RS_CLOSE_REGION-regionserver/p1tdhdpdn-v-7:21302-47 | Close 00c03d83783ca21c7480b26b0f7b099e | org.apache.hadoop.hbase.regionserver.handler.UnassignRegionHandler.process(UnassignRegionHandler.java:107)
2024-04-21 00:00:16,820 | INFO  | RS_CLOSE_REGION-regionserver/p1tdhdpdn-v-7:21302-47 | Unable to get remote Address | org.apache.ranger.authorization.hbase.RangerAuthorizationCoprocessor.getRemoteAddress(RangerAuthorizationCoprocessor.java:214)
2024-04-21 00:00:16,820 | INFO  | RS_CLOSE_REGION-regionserver/p1tdhdpdn-v-7:21302-47 | Unable to get remote Address | org.apache.ranger.authorization.hbase.RangerAuthorizationCoprocessor.getRemoteAddress(RangerAuthorizationCoprocessor.java:214)
2024-04-21 00:00:16,820 | INFO  | RS_CLOSE_REGION-regionserver/p1tdhdpdn-v-7:21302-47 | Waiting for flushes and compactions to finish for the region boss20240221,H5309912782~,1708358595748.00c03d83783ca21c7480b26b0f7b099e. | org.apache.hadoop.hbase.regionserver.HRegion.waitForFlushesAndCompactions(HRegion.java:1924)
2024-04-21 00:00:16,820 | INFO  | RS_CLOSE_REGION-regionserver/p1tdhdpdn-v-7:21302-47 | Total wait time for flushes and compaction for the region boss20240221,H5309912782~,1708358595748.00c03d83783ca21c7480b26b0f7b099e. is: 0ms | org.apache.hadoop.hbase.regionserver.HRegion.waitForFlushesAndCompactions(HRegion.java:1960)
2024-04-21 00:00:16,820 | INFO  | RS_CLOSE_REGION-regionserver/p1tdhdpdn-v-7:21302-47 | Closing region boss20240221,H5309912782~,1708358595748.00c03d83783ca21c7480b26b0f7b099e. | org.apache.hadoop.hbase.regionserver.HRegion.doClose(HRegion.java:1696)
2024-04-21 00:00:17,018 | INFO  | RS_CLOSE_REGION-regionserver/p1tdhdpdn-v-7:21302-0 | Close 2b67a4ae42d57326ff9cf11a222b33ab | org.apache.hadoop.hbase.regionserver.handler.UnassignRegionHandler.process(UnassignRegionHandler.java:107)
2024-04-21 00:00:17,018 | INFO  | RS_CLOSE_REGION-regionserver/p1tdhdpdn-v-7:21302-0 | Unable to get remote Address | org.apache.ranger.authorization.hbase.RangerAuthorizationCoprocessor.getRemoteAddress(RangerAuthorizationCoprocessor.java:214)
2024-04-21 00:00:17,018 | INFO  | RS_CLOSE_REGION-regionserver/p1tdhdpdn-v-7:21302-0 | Unable to get remote Address | org.apache.ranger.authorization.hbase.RangerAuthorizationCoprocessor.getRemoteAddress(RangerAuthorizationCoprocessor.java:214)
2024-04-21 00:00:17,026 | INFO  | RS_CLOSE_REGION-regionserver/p1tdhdpdn-v-7:21302-0 | Waiting for flushes and compactions to finish for the region boss20240221,H52R9907~,1708515296800.2b67a4ae42d57326ff9cf11a222b33ab. | org.apache.hadoop.hbase.regionserver.HRegion.waitForFlushesAndCompactions(HRegion.java:1924)
2024-04-21 00:00:17,027 | INFO  | RS_CLOSE_REGION-regionserver/p1tdhdpdn-v-7:21302-0 | Total wait time for flushes and compaction for the region boss20240221,H52R9907~,1708515296800.2b67a4ae42d57326ff9cf11a222b33ab. is: 0ms | org.apache.hadoop.hbase.regionserver.HRegion.waitForFlushesAndCompactions(HRegion.java:1960)
2024-04-21 00:00:17,027 | INFO  | RS_CLOSE_REGION-regionserver/p1tdhdpdn-v-7:21302-0 | Closing region boss20240221,H52R9907~,1708515296800.2b67a4ae42d57326ff9cf11a222b33ab. | org.apache.hadoop.hbase.regionserver.HRegion.doClose(HRegion.java:1696)
2024-04-21 00:00:17,189 | INFO  | RS_CLOSE_REGION-regionserver/p1tdhdpdn-v-7:21302-16 | Closed 8975d95b7a69dc45b0055630545c2e25 | org.apache.hadoop.hbase.regionserver.handler.UnassignRegionHandler.process(UnassignRegionHandler.java:147)
2024-04-21 00:00:17,447 | INFO  | RS_CLOSE_REGION-regionserver/p1tdhdpdn-v-7:21302-2 | Closed boss20240221,H5CC9915320~,1708358595748.0d541b4f0bf68727cfd0f2dfffc4dde5. | org.apache.hadoop.hbase.regionserver.HRegion.doClose(HRegion.java:1913)
2024-04-21 00:00:17,603 | WARN  | RS_CLOSE_REGION-regionserver/p1tdhdpdn-v-7:21302-0 | Fatal error occurred while closing region 2b67a4ae42d57326ff9cf11a222b33ab, aborting... | org.apache.hadoop.hbase.regionserver.handler.UnassignRegionHandler.handleException(UnassignRegionHandler.java:152)
java.io.IOException: The new max sequence id 328 is less than the old max sequence id 330
    at org.apache.hadoop.hbase.wal.WALSplitUtil.writeRegionSequenceIdFile(WALSplitUtil.java:461)
    at org.apache.hadoop.hbase.regionserver.HRegion.writeRegionCloseMarker(HRegion.java:1265)
    at org.apache.hadoop.hbase.regionserver.HRegion.doClose(HRegion.java:1893)
    at org.apache.hadoop.hbase.regionserver.HRegion.close(HRegion.java:1625)
    at org.apache.hadoop.hbase.regionserver.handler.UnassignRegionHandler.process(UnassignRegionHandler.java:116)
    at org.apache.hadoop.hbase.executor.EventHandler.run(EventHandler.java:106)
    at java.util.concurrent.ThreadPoolExecutor.runWorker(ThreadPoolExecutor.java:1149)
    at java.util.concurrent.ThreadPoolExecutor$Worker.run(ThreadPoolExecutor.java:624)
    at java.lang.Thread.run(Thread.java:748)
2024-04-21 00:00:17,610 | ERROR | RS_CLOSE_REGION-regionserver/p1tdhdpdn-v-7:21302-0 | ***** ABORTING region server p1tdhdpdn-v-7,21302,1704995671636: Failed to close region 2b67a4ae42d57326ff9cf11a222b33ab and can not recover ***** | org.slf4j.helpers.MarkerIgnoringBase.error(MarkerIgnoringBase.java:159)
java.io.IOException: The new max sequence id 328 is less than the old max sequence id 330
    at org.apache.hadoop.hbase.wal.WALSplitUtil.writeRegionSequenceIdFile(WALSplitUtil.java:461)
    at org.apache.hadoop.hbase.regionserver.HRegion.writeRegionCloseMarker(HRegion.java:1265)
    at org.apache.hadoop.hbase.regionserver.HRegion.doClose(HRegion.java:1893)
    at org.apache.hadoop.hbase.regionserver.HRegion.close(HRegion.java:1625)
    at org.apache.hadoop.hbase.regionserver.handler.UnassignRegionHandler.process(UnassignRegionHandler.java:116)
    at org.apache.hadoop.hbase.executor.EventHandler.run(EventHandler.java:106)
    at java.util.concurrent.ThreadPoolExecutor.runWorker(ThreadPoolExecutor.java:1149)
    at java.util.concurrent.ThreadPoolExecutor$Worker.run(ThreadPoolExecutor.java:624)
    at java.lang.Thread.run(Thread.java:748)",0
HBASE-13339359,13339359,Master fails to initialize when creating rs group table,"Saw this when setup TestRSGroupsKillRS

{noformat}
2020-11-07 16:29:54,565 ERROR [master/e476f4f509a7:0:becomeActiveMaster] helpers.MarkerIgnoringBase(159): Failed to become active master
java.lang.AssertionError
	at org.apache.hadoop.hbase.master.assignment.RegionStateNode.setProcedure(RegionStateNode.java:198)
	at org.apache.hadoop.hbase.master.assignment.AssignmentManager.createAssignProcedure(AssignmentManager.java:647)
	at org.apache.hadoop.hbase.master.assignment.AssignmentManager.lambda$null$6(AssignmentManager.java:878)
	at java.util.stream.ReferencePipeline$3$1.accept(ReferencePipeline.java:193)
	at java.util.stream.ReferencePipeline$3$1.accept(ReferencePipeline.java:193)
	at java.util.ArrayList$ArrayListSpliterator.forEachRemaining(ArrayList.java:1382)
	at java.util.stream.AbstractPipeline.copyInto(AbstractPipeline.java:482)
	at java.util.stream.AbstractPipeline.wrapAndCopyInto(AbstractPipeline.java:472)
	at java.util.stream.ForEachOps$ForEachOp.evaluateSequential(ForEachOps.java:150)
	at java.util.stream.ForEachOps$ForEachOp$OfRef.evaluateSequential(ForEachOps.java:173)
	at java.util.stream.AbstractPipeline.evaluate(AbstractPipeline.java:234)
	at java.util.stream.ReferencePipeline.forEach(ReferencePipeline.java:485)
	at java.util.stream.ReferencePipeline$7$1.accept(ReferencePipeline.java:272)
	at java.util.HashMap$EntrySpliterator.forEachRemaining(HashMap.java:1699)
	at java.util.stream.AbstractPipeline.copyInto(AbstractPipeline.java:482)
	at java.util.stream.AbstractPipeline.wrapAndCopyInto(AbstractPipeline.java:472)
	at java.util.stream.AbstractPipeline.evaluate(AbstractPipeline.java:546)
	at java.util.stream.AbstractPipeline.evaluateToArrayNode(AbstractPipeline.java:260)
	at java.util.stream.ReferencePipeline.toArray(ReferencePipeline.java:505)
	at org.apache.hadoop.hbase.master.assignment.AssignmentManager.createAssignProcedures(AssignmentManager.java:879)
	at org.apache.hadoop.hbase.master.assignment.AssignmentManager.createRoundRobinAssignProcedures(AssignmentManager.java:759)
	at org.apache.hadoop.hbase.master.assignment.AssignmentManager.createRoundRobinAssignProcedures(AssignmentManager.java:775)
	at org.apache.hadoop.hbase.master.assignment.AssignmentManager.processOfflineRegions(AssignmentManager.java:1513)
	at org.apache.hadoop.hbase.master.HMaster.finishActiveMasterInitialization(HMaster.java:1012)
	at org.apache.hadoop.hbase.master.HMaster.startActiveMasterManager(HMaster.java:2116)
	at org.apache.hadoop.hbase.master.HMaster.lambda$run$0(HMaster.java:515)
	at java.lang.Thread.run(Thread.java:748)
{noformat}",Critical,Fixed,Resolved,08/Nov/20 03:37,13/Nov/20 08:26,"Master fails to initialize when creating rs group table. Saw this when setup TestRSGroupsKillRS

{noformat}
2020-11-07 16:29:54,565 ERROR [master/e476f4f509a7:0:becomeActiveMaster] helpers.MarkerIgnoringBase(159): Failed to become active master
java.lang.AssertionError
	at org.apache.hadoop.hbase.master.assignment.RegionStateNode.setProcedure(RegionStateNode.java:198)
	at org.apache.hadoop.hbase.master.assignment.AssignmentManager.createAssignProcedure(AssignmentManager.java:647)
	at org.apache.hadoop.hbase.master.assignment.AssignmentManager.lambda$null$6(AssignmentManager.java:878)
	at java.util.stream.ReferencePipeline$3$1.accept(ReferencePipeline.java:193)
	at java.util.stream.ReferencePipeline$3$1.accept(ReferencePipeline.java:193)
	at java.util.ArrayList$ArrayListSpliterator.forEachRemaining(ArrayList.java:1382)
	at java.util.stream.AbstractPipeline.copyInto(AbstractPipeline.java:482)
	at java.util.stream.AbstractPipeline.wrapAndCopyInto(AbstractPipeline.java:472)
	at java.util.stream.ForEachOps$ForEachOp.evaluateSequential(ForEachOps.java:150)
	at java.util.stream.ForEachOps$ForEachOp$OfRef.evaluateSequential(ForEachOps.java:173)
	at java.util.stream.AbstractPipeline.evaluate(AbstractPipeline.java:234)
	at java.util.stream.ReferencePipeline.forEach(ReferencePipeline.java:485)
	at java.util.stream.ReferencePipeline$7$1.accept(ReferencePipeline.java:272)
	at java.util.HashMap$EntrySpliterator.forEachRemaining(HashMap.java:1699)
	at java.util.stream.AbstractPipeline.copyInto(AbstractPipeline.java:482)
	at java.util.stream.AbstractPipeline.wrapAndCopyInto(AbstractPipeline.java:472)
	at java.util.stream.AbstractPipeline.evaluate(AbstractPipeline.java:546)
	at java.util.stream.AbstractPipeline.evaluateToArrayNode(AbstractPipeline.java:260)
	at java.util.stream.ReferencePipeline.toArray(ReferencePipeline.java:505)
	at org.apache.hadoop.hbase.master.assignment.AssignmentManager.createAssignProcedures(AssignmentManager.java:879)
	at org.apache.hadoop.hbase.master.assignment.AssignmentManager.createRoundRobinAssignProcedures(AssignmentManager.java:759)
	at org.apache.hadoop.hbase.master.assignment.AssignmentManager.createRoundRobinAssignProcedures(AssignmentManager.java:775)
	at org.apache.hadoop.hbase.master.assignment.AssignmentManager.processOfflineRegions(AssignmentManager.java:1513)
	at org.apache.hadoop.hbase.master.HMaster.finishActiveMasterInitialization(HMaster.java:1012)
	at org.apache.hadoop.hbase.master.HMaster.startActiveMasterManager(HMaster.java:2116)
	at org.apache.hadoop.hbase.master.HMaster.lambda$run$0(HMaster.java:515)
	at java.lang.Thread.run(Thread.java:748)
{noformat}",1
HBASE-13416115,13416115,Investigate mTLS in RPC layer,"Current authentication options are heavily based on SASL and Kerberos. For organizations that don't already deploy Kerberos or other token provider, this is a heavy lift. Another very common way of authenticating in the industry is mTLS, which makes use of SSL certifications and can solve both wire encryption and auth. For those already deploying trusted certificates in their infra, mTLS may be much easier to integrate.

It isn't necessarily easy to implement this, but I do think we could use existing Netty SSL support in the NettyRpcClient and NettyRpcServer. I know it's easy to add SSL to non-blocking IO through a hadoop.rpc.socket.factory.class.default which returns SSLSockets, but that doesn't touch on the certification verification at all.

Much more investigation is needed, but logging this due to some interest encountered on slack.

Slack thread: https://apache-hbase.slack.com/archives/C13K8NVAM/p1638980520110600",Major,Done,Resolved,08/Dec/21 17:38,24/Aug/22 18:08,"Investigate mTLS in RPC layer. Current authentication options are heavily based on SASL and Kerberos. For organizations that don't already deploy Kerberos or other token provider, this is a heavy lift. Another very common way of authenticating in the industry is mTLS, which makes use of SSL certifications and can solve both wire encryption and auth. For those already deploying trusted certificates in their infra, mTLS may be much easier to integrate.

It isn't necessarily easy to implement this, but I do think we could use existing Netty SSL support in the NettyRpcClient and NettyRpcServer. I know it's easy to add SSL to non-blocking IO through a hadoop.rpc.socket.factory.class.default which returns SSLSockets, but that doesn't touch on the certification verification at all.

Much more investigation is needed, but logging this due to some interest encountered on slack.

Slack thread: https://apache-hbase.slack.com/archives/C13K8NVAM/p1638980520110600",0
HBASE-13324746,13324746,CompactingMemStore.timeOfOldestEdit error update,"when use 'flush in memory', update timeOfOldestEdit every flush in memory, cause PeriodicMemStoreFlusher to not take effect, wals not free, constant backlog until maxlogs  triggers forced flush, makes failure recovery slower",Critical,Fixed,Resolved,27/Aug/20 03:03,10/Sep/20 16:51,"CompactingMemStore.timeOfOldestEdit error update. when use 'flush in memory', update timeOfOldestEdit every flush in memory, cause PeriodicMemStoreFlusher to not take effect, wals not free, constant backlog until maxlogs  triggers forced flush, makes failure recovery slower",1
HBASE-13449222,13449222,All MR UTs are broken because of ClassNotFound,It seems we must include leveldbjni-all when starting a MiniYARNCluster.,Critical,Fixed,Resolved,09/Jun/22 12:02,09/Jun/22 17:02,All MR UTs are broken because of ClassNotFound. It seems we must include leveldbjni-all when starting a MiniYARNCluster.,1
HBASE-13310441,13310441,[branch-1] Support ZooKeeper 3.6.0+,"Fix compilation issues against ZooKeeper 3.6.0. Backwards compatible changes with 3.4 and 3.5. Tested with:

{{  mvn clean install -Dtest=org.apache.hadoop.hbase.zookeeper.**}}

{{  mvn clean install -Dzookeeper.version=3.5.8 -Dtest=org.apache.hadoop.hbase.zookeeper.**}}

{{  mvn clean install -Dzookeeper.version=3.6.0 -Dtest=org.apache.hadoop.hbase.zookeeper.**}}",Minor,Fixed,Resolved,09/Jun/20 17:10,05/Apr/21 03:49,"[branch-1] Support ZooKeeper 3.6.0+. Fix compilation issues against ZooKeeper 3.6.0. Backwards compatible changes with 3.4 and 3.5. Tested with:

{{  mvn clean install -Dtest=org.apache.hadoop.hbase.zookeeper.**}}

{{  mvn clean install -Dzookeeper.version=3.5.8 -Dtest=org.apache.hadoop.hbase.zookeeper.**}}

{{  mvn clean install -Dzookeeper.version=3.6.0 -Dtest=org.apache.hadoop.hbase.zookeeper.**}}",0
HBASE-13368083,13368083,Convert proto to RSGroupInfo is costly,"Convert RSGroupProtos.RSGroupInfo to RSGroupInfo is costly if the RSGroup has too many RSs and tables. 

We can use parallelStream to handle the HBaseProtos.ServerName list and TableProtos.TableName list in ProtubufUtil#toGroupInfo as blow.
{quote}Collection<Address> addresses = proto.getServersList()
 .parallelStream()
 .map(server -> Address.fromParts(server.getHostName(), server.getPort()))
 .collect(Collectors.toList());

Collection<TableName> tables = proto.getTablesList()
 .parallelStream()
 .map(tableName -> ProtobufUtil.toTableName(tableName))
 .collect(Collectors.toList());


{quote}
Get the RSGroupInfo which has 9 RS and 20k tables, the time cost reduced from 6038 ms to 684 ms.",Minor,Fixed,Resolved,27/Mar/21 10:18,29/Mar/21 19:01,"Convert proto to RSGroupInfo is costly. Convert RSGroupProtos.RSGroupInfo to RSGroupInfo is costly if the RSGroup has too many RSs and tables. 

We can use parallelStream to handle the HBaseProtos.ServerName list and TableProtos.TableName list in ProtubufUtil#toGroupInfo as blow.
{quote}Collection<Address> addresses = proto.getServersList()
 .parallelStream()
 .map(server -> Address.fromParts(server.getHostName(), server.getPort()))
 .collect(Collectors.toList());

Collection<TableName> tables = proto.getTablesList()
 .parallelStream()
 .map(tableName -> ProtobufUtil.toTableName(tableName))
 .collect(Collectors.toList());


{quote}
Get the RSGroupInfo which has 9 RS and 20k tables, the time cost reduced from 6038 ms to 684 ms.",0
HBASE-13419720,13419720,"Should use downloads.apache.org for checksum, signature, changes.md and releasenote.md","We still use dist.apache.org for some releases, should change them too.",Major,Fixed,Resolved,28/Dec/21 14:00,06/Jan/22 12:35,"Should use downloads.apache.org for checksum, signature, changes.md and releasenote.md. We still use dist.apache.org for some releases, should change them too.",0
HBASE-13513268,13513268,Provide RS coproc ability to attach WAL extended attributes to mutations at replication sink,"HBase provides coproc ability to enhance WALKey attributes (a.k.a. WAL annotations) in order for the replication sink cluster to build required metadata with the mutations. The endpoint is preWALAppend(). This ability was provided by HBASE-22622. The map of extended attributes is optional and hence not directly used by hbase internally. 

For any hbase downstreamers to build CDC (Change Data Capture) like functionality, it might required additional metadata in addition to the ones being used by hbase already (replication scope, list of cluster ids, seq id, table name, region id etc). For instance, Phoenix uses many additional attributes like tenant id, schema name, table type etc.
We already have this extended map of attributes available in WAL protobuf, to provide us the capability to (de)serialize it. While creating new ReplicateWALEntryRequest from the list of WAL entires, we are able to serialize the additional attributes. Similarly, at the replication sink side, the deserialized WALEntry has the extended attributes available.

At the sink cluster, we should be able to attach the deserialized extended attributes to the newly generated mutations so that the peer cluster can utilize the mutation attributes to re-build required metadata.",Major,Fixed,Resolved,12/Dec/22 23:44,16/Jan/23 19:55,"Provide RS coproc ability to attach WAL extended attributes to mutations at replication sink. HBase provides coproc ability to enhance WALKey attributes (a.k.a. WAL annotations) in order for the replication sink cluster to build required metadata with the mutations. The endpoint is preWALAppend(). This ability was provided by HBASE-22622. The map of extended attributes is optional and hence not directly used by hbase internally. 

For any hbase downstreamers to build CDC (Change Data Capture) like functionality, it might required additional metadata in addition to the ones being used by hbase already (replication scope, list of cluster ids, seq id, table name, region id etc). For instance, Phoenix uses many additional attributes like tenant id, schema name, table type etc.
We already have this extended map of attributes available in WAL protobuf, to provide us the capability to (de)serialize it. While creating new ReplicateWALEntryRequest from the list of WAL entires, we are able to serialize the additional attributes. Similarly, at the replication sink side, the deserialized WALEntry has the extended attributes available.

At the sink cluster, we should be able to attach the deserialized extended attributes to the newly generated mutations so that the peer cluster can utilize the mutation attributes to re-build required metadata.",0
HBASE-13376813,13376813,Backport HBASE-22120 (Replace HTrace with OpenTelemetry) to branch-2,"list of commits from upstream/master need to be backported 

{code}
HBASE-25373 https://github.com/apache/hbase/commit/302d9ea8b888762a5a20a5ba5c2be7bc239afaef 
HBASE-25401 https://github.com/apache/hbase/commit/242028671535dfed67ec13d9ed0d6067f3ccfd04 
HBASE-25424 https://github.com/apache/hbase/commit/57960fa8fa7228d65b1a4adc8e9b5b1a8158824d 
HBASE-23898 https://github.com/apache/hbase/commit/805b2ae2ad0f6325515d46043ff01e4e2c7a9f59 
HBASE-25454 https://github.com/apache/hbase/commit/dcb78bd4bda4a4ae13d863df8aec266031e5bc93
HBASE-25481 https://github.com/apache/hbase/commit/ae2c62ffaad5ba4c976b0a79c10a365edf2844fd
HBASE-25455 https://github.com/apache/hbase/commit/03e12bfa4ad62ecc6eee6a2c68d431bea2d5c473
HBASE-25484 https://github.com/apache/hbase/commit/2be2c63f0d3917a243b74af9754cbfc805b858d1
HBASE-25535 https://github.com/apache/hbase/commit/bb8c4967f8ce2c89ebaf1ddc5d8a1bf55f1e20d3
HBASE-25591 https://github.com/apache/hbase/commit/f6ff519dd0c7fe0e3ae3c175eefee27a26a065a4
HBASE-25617 https://github.com/apache/hbase/commit/8d68f8cd1c8613be1b499eaa99f46806b2743294
HBASE-25616 https://github.com/apache/hbase/commit/8399293e21127df3ffdcb757242e4cb5964c7e99
HBASE-25723 https://github.com/apache/hbase/commit/7f90c2201f6a17d2e2d031505c35ae7c2b1ed7ea
HBASE-25732 https://github.com/apache/hbase/commit/8df9bebdd367d52a32b08c18a7cf4f9c2d712071
HBASE-25733 https://github.com/apache/hbase/commit/b71488998970a3353086a34736ed1edab527f673
HBASE-23762 https://github.com/apache/hbase/commit/be4503d9f82f044fbfce21c8a42d0b1684607238
HBASE-25778 https://github.com/apache/hbase/commit/f36e1539648bbaee84c626fd54d1605baebf3c5a
{code}",Major,Fixed,Resolved,05/May/21 15:14,01/Sep/21 22:31,"Backport HBASE-22120 (Replace HTrace with OpenTelemetry) to branch-2. list of commits from upstream/master need to be backported 

{code}
HBASE-25373 https://github.com/apache/hbase/commit/302d9ea8b888762a5a20a5ba5c2be7bc239afaef 
HBASE-25401 https://github.com/apache/hbase/commit/242028671535dfed67ec13d9ed0d6067f3ccfd04 
HBASE-25424 https://github.com/apache/hbase/commit/57960fa8fa7228d65b1a4adc8e9b5b1a8158824d 
HBASE-23898 https://github.com/apache/hbase/commit/805b2ae2ad0f6325515d46043ff01e4e2c7a9f59 
HBASE-25454 https://github.com/apache/hbase/commit/dcb78bd4bda4a4ae13d863df8aec266031e5bc93
HBASE-25481 https://github.com/apache/hbase/commit/ae2c62ffaad5ba4c976b0a79c10a365edf2844fd
HBASE-25455 https://github.com/apache/hbase/commit/03e12bfa4ad62ecc6eee6a2c68d431bea2d5c473
HBASE-25484 https://github.com/apache/hbase/commit/2be2c63f0d3917a243b74af9754cbfc805b858d1
HBASE-25535 https://github.com/apache/hbase/commit/bb8c4967f8ce2c89ebaf1ddc5d8a1bf55f1e20d3
HBASE-25591 https://github.com/apache/hbase/commit/f6ff519dd0c7fe0e3ae3c175eefee27a26a065a4
HBASE-25617 https://github.com/apache/hbase/commit/8d68f8cd1c8613be1b499eaa99f46806b2743294
HBASE-25616 https://github.com/apache/hbase/commit/8399293e21127df3ffdcb757242e4cb5964c7e99
HBASE-25723 https://github.com/apache/hbase/commit/7f90c2201f6a17d2e2d031505c35ae7c2b1ed7ea
HBASE-25732 https://github.com/apache/hbase/commit/8df9bebdd367d52a32b08c18a7cf4f9c2d712071
HBASE-25733 https://github.com/apache/hbase/commit/b71488998970a3353086a34736ed1edab527f673
HBASE-23762 https://github.com/apache/hbase/commit/be4503d9f82f044fbfce21c8a42d0b1684607238
HBASE-25778 https://github.com/apache/hbase/commit/f36e1539648bbaee84c626fd54d1605baebf3c5a
{code}",0
HBASE-13376455,13376455,Move regionserver http-related code into o.a.h.h.regionserver.http,Minor refactor. Group code related to the Region Server's Info Page into a common package.,Minor,Fixed,Resolved,03/May/21 22:43,04/May/21 22:47,Move regionserver http-related code into o.a.h.h.regionserver.http. Minor refactor. Group code related to the Region Server's Info Page into a common package.,0
HBASE-13308417,13308417,Rename LocalRegion to MasterRegion,"This is a suggestion by [~ndimiduk] when reviewing the PR for HBASE-24408.

https://github.com/apache/hbase/pull/1753#discussion_r432783115

I think this can make the code less confusing.",Blocker,Fixed,Resolved,29/May/20 23:57,02/Jun/20 18:14,"Rename LocalRegion to MasterRegion. This is a suggestion by [~ndimiduk] when reviewing the PR for HBASE-24408.

https://github.com/apache/hbase/pull/1753#discussion_r432783115

I think this can make the code less confusing.",1
HBASE-13412865,13412865,Adhere to semantic conventions regarding table data operations,Follow the guidance outlined in https://github.com/open-telemetry/opentelemetry-specification/blob/3e380e2/specification/trace/semantic_conventions/database.dm,Major,Fixed,Resolved,20/Nov/21 00:43,01/Feb/22 21:53,Adhere to semantic conventions regarding table data operations. Follow the guidance outlined in https://github.com/open-telemetry/opentelemetry-specification/blob/3e380e2/specification/trace/semantic_conventions/database.dm,0
HBASE-13475624,13475624,Add mutual authentication support to TLS,"With HBASE-26666 we now have native TLS on server and client. By default clients validate server certificate on handshake. This issue adds server authentication of clients. We can also add support for custom rules, such as cert CommonName validation.

I've already got a POC running of this, so assigning to me",Major,Fixed,Resolved,07/Aug/22 21:26,23/Sep/22 13:20,"Add mutual authentication support to TLS. With HBASE-26666 we now have native TLS on server and client. By default clients validate server certificate on handshake. This issue adds server authentication of clients. We can also add support for custom rules, such as cert CommonName validation.

I've already got a POC running of this, so assigning to me",0
HBASE-13302594,13302594,Backport HBase-24199 to 2.1.x branches,Noticed that 2.1.x line has this issue also and we need this patch backported to 2.1.x line,Minor,Fixed,Resolved,04/May/20 07:55,09/Jun/20 08:58,Backport HBase-24199 to 2.1.x branches. Noticed that 2.1.x line has this issue also and we need this patch backported to 2.1.x line,0
HBASE-13585676,13585676,SteppingSplitPolicy may not work when table enables region replication,"Reproduction:

1. Create a table with region replication, and ensure that the primary region and replica region are on the same RS (eg: the HBase cluster has only one RS)
create 't01', 'info', \{REGION_REPLICATION => 2}

2. The first region does not split when storefile size exceed  flushsize * 2, because that we get 2 regions about this table on this RS (1 primary region and 1 replica region)

 

I think we should ignore the replica reggion when getting the count of regions on this same regionserver.

Is my idea correct? maybe can discuss it .",Minor,Fixed,Resolved,13/Jul/24 05:18,15/Jul/24 14:29,"SteppingSplitPolicy may not work when table enables region replication. Reproduction:

1. Create a table with region replication, and ensure that the primary region and replica region are on the same RS (eg: the HBase cluster has only one RS)
create 't01', 'info', \{REGION_REPLICATION => 2}

2. The first region does not split when storefile size exceed  flushsize * 2, because that we get 2 regions about this table on this RS (1 primary region and 1 replica region)

 

I think we should ignore the replica reggion when getting the count of regions on this same regionserver.

Is my idea correct? maybe can discuss it .",0
HBASE-13309564,13309564,async client deadlock,"I ran into an issue where one instance in a cluster of application servers backed by HBase stopped processing requests. Looking at a thread dump, it seems HBase client threads are deadlocked:

https://pastebin.com/raw/B3FJL1Ag

The deadlock seemed to happen at the same time that a region server was abruptly stopped (the physical server was restarted unexpectedly).

I'm using the hbase async API. The hbase client version is 2.2.4. The server is running 2.2.4 as well.",Blocker,Fixed,Resolved,05/Jun/20 00:34,08/Jun/20 02:21,"async client deadlock. I ran into an issue where one instance in a cluster of application servers backed by HBase stopped processing requests. Looking at a thread dump, it seems HBase client threads are deadlocked:

https://pastebin.com/raw/B3FJL1Ag

The deadlock seemed to happen at the same time that a region server was abruptly stopped (the physical server was restarted unexpectedly).

I'm using the hbase async API. The hbase client version is 2.2.4. The server is running 2.2.4 as well.",1
HBASE-13281765,13281765,Release 1.4.13,over due for 1.4.13. I'll try to use the release manager scripts this time.,Major,Fixed,Resolved,27/Jan/20 17:21,06/Mar/20 03:00,Release 1.4.13. over due for 1.4.13. I'll try to use the release manager scripts this time.,0
HBASE-13524992,13524992,Should not return false when WALKey has no following KVs while reading WAL file,"In the current implementation

{code}
      if (!walKey.hasFollowingKvCount() || 0 == walKey.getFollowingKvCount()) {
        LOG.trace(""WALKey has no KVs that follow it; trying the next one. current offset={}"",
          this.inputStream.getPos());
        seekOnFs(originalPosition);
        return false;
      }
{code}

Here we just return false, seek back to the original position. I think the intention here is that it means the data is not available yet and we should try to read them next time.

But this class is not only used for replication, it is also used by splitting, return false will make the reader.next return null, and WALSplitter will think the WAL file has been fully read and complete the splitting task. If there are still other WAL entries in the file, we will miss reading them and cause data loss.

And in fact, the following kv count is a field in a pb message, so it is impossible that now it is 0 but later it will become a value greater than 0, as we use writeDelimited to write the message, there is a size in front of the message, if we read it successfully, we can make sure the message is complete/ So seeking back in replication is also an useless operation.

So here we propose we still need to return true here, so the upper layer are free to skip or not, but they still need to read other entries.",Critical,Fixed,Resolved,16/Feb/23 09:47,26/Feb/23 08:36,"Should not return false when WALKey has no following KVs while reading WAL file. In the current implementation

{code}
      if (!walKey.hasFollowingKvCount() || 0 == walKey.getFollowingKvCount()) {
        LOG.trace(""WALKey has no KVs that follow it; trying the next one. current offset={}"",
          this.inputStream.getPos());
        seekOnFs(originalPosition);
        return false;
      }
{code}

Here we just return false, seek back to the original position. I think the intention here is that it means the data is not available yet and we should try to read them next time.

But this class is not only used for replication, it is also used by splitting, return false will make the reader.next return null, and WALSplitter will think the WAL file has been fully read and complete the splitting task. If there are still other WAL entries in the file, we will miss reading them and cause data loss.

And in fact, the following kv count is a field in a pb message, so it is impossible that now it is 0 but later it will become a value greater than 0, as we use writeDelimited to write the message, there is a size in front of the message, if we read it successfully, we can make sure the message is complete/ So seeking back in replication is also an useless operation.

So here we propose we still need to return true here, so the upper layer are free to skip or not, but they still need to read other entries.",1
HBASE-13292317,13292317,Backport the personality changes in HBASE-23989 to all active branches,,Major,Fixed,Resolved,18/Mar/20 02:01,20/Mar/20 06:34,Backport the personality changes in HBASE-23989 to all active branches.,0
HBASE-13284007,13284007,License checker for hbase-thirdparty,"I'm playing with hbase-thirdparty artifacts, and realized it doesn't perform license check like the core hbase do.

This is a wish list to add that support some day.",Minor,,Open,07/Feb/20 20:47,,"License checker for hbase-thirdparty. I'm playing with hbase-thirdparty artifacts, and realized it doesn't perform license check like the core hbase do.

This is a wish list to add that support some day.",0
HBASE-13570454,13570454,create-release should spotless:apply after making any file changes,"Looks like the release notes generator can sometimes leave whitespace in its changes, as is currently the case on branch-2.5. We should be a little more careful about this in the create-release scripts. Anything that performs and commits some change should run spotless:apply over the affected files.",Major,Fixed,Resolved,01/Mar/24 10:09,21/Apr/24 12:20,"create-release should spotless:apply after making any file changes. Looks like the release notes generator can sometimes leave whitespace in its changes, as is currently the case on branch-2.5. We should be a little more careful about this in the create-release scripts. Anything that performs and commits some change should run spotless:apply over the affected files.",0
HBASE-13316487,13316487,Distributing ROOT Region load,"HBASE-11288 'Splittable Meta' progress keeps getting hung up on how to cache the 'root' table – the first table in the hierarchy of lookups locating user-data in a Table Region. The 'root' table is not splittable by design so its load can not be spread about the cluster by splitting the hot Region as we would usually do.

This issue is about listing out requirements, sketching possible approaches, and then getting agreement ahead of implementation as subtasks.

In particular, an approach that would work whether the Region to be cached is master-based or hosted by a RegionServer (see design attached to HBASE-11288 for elaboration) would be preferred since then we can separate discussion of cache from the HBASE-11288 'split meta' discussion.",Major,,Open,13/Jul/20 15:51,,"Distributing ROOT Region load. HBASE-11288 'Splittable Meta' progress keeps getting hung up on how to cache the 'root' table – the first table in the hierarchy of lookups locating user-data in a Table Region. The 'root' table is not splittable by design so its load can not be spread about the cluster by splitting the hot Region as we would usually do.

This issue is about listing out requirements, sketching possible approaches, and then getting agreement ahead of implementation as subtasks.

In particular, an approach that would work whether the Region to be cached is master-based or hosted by a RegionServer (see design attached to HBASE-11288 for elaboration) would be preferred since then we can separate discussion of cache from the HBASE-11288 'split meta' discussion.",0
HBASE-13286162,13286162,[Flakey Test] TestStochasticLoadBalancerRegionReplicaSameHosts#testRegionReplicationOnMidClusterSameHosts,"Test has this on it:

@Test // Test is flakey. TODO: Fix!

Let me cut it down. It runs for a while.

It fails nearly every run since     HBASE-23865 Up flakey history from 5 to 10 which upped the flakey test so it ran with more fork count.",Major,Fixed,Resolved,19/Feb/20 06:38,19/Feb/20 06:42,"[Flakey Test] TestStochasticLoadBalancerRegionReplicaSameHosts#testRegionReplicationOnMidClusterSameHosts. Test has this on it:

@Test // Test is flakey. TODO: Fix!

Let me cut it down. It runs for a while.

It fails nearly every run since     HBASE-23865 Up flakey history from 5 to 10 which upped the flakey test so it ran with more fork count.",0
HBASE-13314406,13314406,Offload the replication source/sink job to independent Replication Server,"The basic idea is add a role ""ReplicationServer"" to take the replication source/sink job. HMaster is responsible for scheduling the replication job to different ReplicationServer.

[link Design doc|https://docs.google.com/document/d/16kRPVGctFSf__nC3yaVZmAm3GTxIbHefekKC_rMmTw8/edit?usp=sharing]

Suggestions are welcomed. Thanks.",Major,,Open,01/Jul/20 04:36,,"Offload the replication source/sink job to independent Replication Server. The basic idea is add a role ""ReplicationServer"" to take the replication source/sink job. HMaster is responsible for scheduling the replication job to different ReplicationServer.

[link Design doc|https://docs.google.com/document/d/16kRPVGctFSf__nC3yaVZmAm3GTxIbHefekKC_rMmTw8/edit?usp=sharing]

Suggestions are welcomed. Thanks.",0
HBASE-13380983,13380983,Data is not getting replicated to secondary replicas after altering a table to enable region replication (async Wal replication),"Data is not getting replicated to secondary replicas after altering a table to enable region replication (async Wal replication)
*Test Steps:*
1)Create table with one replica 
create 'table1','cf'
2)Alter table with region replica=3
alter 'table1',\{REGION_REPLICATION => '3'}
3)write data to table1 
*Observation:*
1)Data is not getting replicated to secondary replicas this is happening when alter table after the peer is created for region replication.
2)In table UI page also you can observe write requests showing for secondary replicas=0",Major,,Open,28/May/21 13:07,,"Data is not getting replicated to secondary replicas after altering a table to enable region replication (async Wal replication). Data is not getting replicated to secondary replicas after altering a table to enable region replication (async Wal replication)
*Test Steps:*
1)Create table with one replica 
create 'table1','cf'
2)Alter table with region replica=3
alter 'table1',\{REGION_REPLICATION => '3'}
3)write data to table1 
*Observation:*
1)Data is not getting replicated to secondary replicas this is happening when alter table after the peer is created for region replication.
2)In table UI page also you can observe write requests showing for secondary replicas=0",0
HBASE-13469963,13469963,[hbase-connectors] Fail to build hbase-connectors because of checkstyle error,"We set failOnViolation to true but in pre commit, we will use ""-Dcheckstyle.skip=true"" when running mvninstall so we can not find the problem in pre commit, but when we run 'mvn install' locally, the build will fail.",Major,Fixed,Resolved,04/Jul/22 13:22,02/Aug/23 07:59,"[hbase-connectors] Fail to build hbase-connectors because of checkstyle error. We set failOnViolation to true but in pre commit, we will use ""-Dcheckstyle.skip=true"" when running mvninstall so we can not find the problem in pre commit, but when we run 'mvn install' locally, the build will fail.",0
HBASE-13320418,13320418,Small Updates to Functionality of Shell IRB Workspace,"There are a few amendments I want to make to the first patch for shell IRB workspaces:
 # Hide the new warning: ""irb: warn: can't alias help from irb_help.""
 # Split Shell::Shell#eval_io into eval_io and exception_handler. This will be a better separation of concerns for both usage and testing.
 ## Why is this change so important? At the moment, eval_io may raise SystemExit, which would cause the ruby test executor to quit without running all tests. The method eval_io also used to refer to a global variable $fullTraceback, which is a poor separation of concerns.
 # Allow finding script2run in the load path. While undocumented, the 2.x shell did this, so we may need to do this for compatibility.",Major,Fixed,Closed,31/Jul/20 13:38,18/Aug/20 20:15,"Small Updates to Functionality of Shell IRB Workspace. There are a few amendments I want to make to the first patch for shell IRB workspaces:
 # Hide the new warning: ""irb: warn: can't alias help from irb_help.""
 # Split Shell::Shell#eval_io into eval_io and exception_handler. This will be a better separation of concerns for both usage and testing.
 ## Why is this change so important? At the moment, eval_io may raise SystemExit, which would cause the ruby test executor to quit without running all tests. The method eval_io also used to refer to a global variable $fullTraceback, which is a poor separation of concerns.
 # Allow finding script2run in the load path. While undocumented, the 2.x shell did this, so we may need to do this for compatibility.",0
HBASE-13310195,13310195,Reenable the TestExportSnapshot family of tests,"The yarn history server can take a while to start. It is hardcoded at one minute before all is killed. On loaded servers can take this long to start. Cannot disable history server in tests nor can we configure the mini yarn cluster so it can take longer starting history server. After this addressed, and yarn history server is given more time or disabled, reenable the TestExportSnapshot* family of tests. See parent issue for details.",Major,,Open,08/Jun/20 17:28,,"Reenable the TestExportSnapshot family of tests. The yarn history server can take a while to start. It is hardcoded at one minute before all is killed. On loaded servers can take this long to start. Cannot disable history server in tests nor can we configure the mini yarn cluster so it can take longer starting history server. After this addressed, and yarn history server is given more time or disabled, reenable the TestExportSnapshot* family of tests. See parent issue for details.",0
HBASE-13473890,13473890,Backport HBASE-22120 (Replace HTrace with OpenTelemetry) to branch-2.4,"list of commits from upstream/master need to be backported

{code:java}
HBASE-25373 https://github.com/apache/hbase/commit/302d9ea8b888762a5a20a5ba5c2be7bc239afaef 
HBASE-25401 https://github.com/apache/hbase/commit/242028671535dfed67ec13d9ed0d6067f3ccfd04 
HBASE-25424 https://github.com/apache/hbase/commit/57960fa8fa7228d65b1a4adc8e9b5b1a8158824d 
HBASE-23898 https://github.com/apache/hbase/commit/805b2ae2ad0f6325515d46043ff01e4e2c7a9f59 
HBASE-25454 https://github.com/apache/hbase/commit/dcb78bd4bda4a4ae13d863df8aec266031e5bc93
HBASE-25481 https://github.com/apache/hbase/commit/ae2c62ffaad5ba4c976b0a79c10a365edf2844fd
HBASE-25455 https://github.com/apache/hbase/commit/03e12bfa4ad62ecc6eee6a2c68d431bea2d5c473
HBASE-25484 https://github.com/apache/hbase/commit/2be2c63f0d3917a243b74af9754cbfc805b858d1
HBASE-25535 https://github.com/apache/hbase/commit/bb8c4967f8ce2c89ebaf1ddc5d8a1bf55f1e20d3
HBASE-25591 https://github.com/apache/hbase/commit/f6ff519dd0c7fe0e3ae3c175eefee27a26a065a4
HBASE-25617 https://github.com/apache/hbase/commit/8d68f8cd1c8613be1b499eaa99f46806b2743294
HBASE-25616 https://github.com/apache/hbase/commit/8399293e21127df3ffdcb757242e4cb5964c7e99
HBASE-25723 https://github.com/apache/hbase/commit/7f90c2201f6a17d2e2d031505c35ae7c2b1ed7ea
HBASE-25732 https://github.com/apache/hbase/commit/8df9bebdd367d52a32b08c18a7cf4f9c2d712071
HBASE-25733 https://github.com/apache/hbase/commit/b71488998970a3353086a34736ed1edab527f673
HBASE-23762 https://github.com/apache/hbase/commit/be4503d9f82f044fbfce21c8a42d0b1684607238
HBASE-25778 https://github.com/apache/hbase/commit/f36e1539648bbaee84c626fd54d1605baebf3c5a
{code}
",Major,,Open,28/Jul/22 02:00,,"Backport HBASE-22120 (Replace HTrace with OpenTelemetry) to branch-2.4. list of commits from upstream/master need to be backported

{code:java}
HBASE-25373 https://github.com/apache/hbase/commit/302d9ea8b888762a5a20a5ba5c2be7bc239afaef 
HBASE-25401 https://github.com/apache/hbase/commit/242028671535dfed67ec13d9ed0d6067f3ccfd04 
HBASE-25424 https://github.com/apache/hbase/commit/57960fa8fa7228d65b1a4adc8e9b5b1a8158824d 
HBASE-23898 https://github.com/apache/hbase/commit/805b2ae2ad0f6325515d46043ff01e4e2c7a9f59 
HBASE-25454 https://github.com/apache/hbase/commit/dcb78bd4bda4a4ae13d863df8aec266031e5bc93
HBASE-25481 https://github.com/apache/hbase/commit/ae2c62ffaad5ba4c976b0a79c10a365edf2844fd
HBASE-25455 https://github.com/apache/hbase/commit/03e12bfa4ad62ecc6eee6a2c68d431bea2d5c473
HBASE-25484 https://github.com/apache/hbase/commit/2be2c63f0d3917a243b74af9754cbfc805b858d1
HBASE-25535 https://github.com/apache/hbase/commit/bb8c4967f8ce2c89ebaf1ddc5d8a1bf55f1e20d3
HBASE-25591 https://github.com/apache/hbase/commit/f6ff519dd0c7fe0e3ae3c175eefee27a26a065a4
HBASE-25617 https://github.com/apache/hbase/commit/8d68f8cd1c8613be1b499eaa99f46806b2743294
HBASE-25616 https://github.com/apache/hbase/commit/8399293e21127df3ffdcb757242e4cb5964c7e99
HBASE-25723 https://github.com/apache/hbase/commit/7f90c2201f6a17d2e2d031505c35ae7c2b1ed7ea
HBASE-25732 https://github.com/apache/hbase/commit/8df9bebdd367d52a32b08c18a7cf4f9c2d712071
HBASE-25733 https://github.com/apache/hbase/commit/b71488998970a3353086a34736ed1edab527f673
HBASE-23762 https://github.com/apache/hbase/commit/be4503d9f82f044fbfce21c8a42d0b1684607238
HBASE-25778 https://github.com/apache/hbase/commit/f36e1539648bbaee84c626fd54d1605baebf3c5a
{code}",0
HBASE-13354860,13354860,Honor TableDescriptor settings earlier in normalization,"-Table can be enabled and disabled merge/split in TableDescriptor, we should judge before calculating the plan.-

The normalizer configuration can be set by table level. For example, hbase.normalizer.min.region.count can be set by ""alter ‘table’, CONFIGURATION=>\{'hbase.normalizer.min.region.count' => '5'}"". If the table is not set, then use the global configuration which is set in hbase-site.xml.",Major,Fixed,Resolved,27/Jan/21 08:39,25/May/21 15:24,"Honor TableDescriptor settings earlier in normalization. -Table can be enabled and disabled merge/split in TableDescriptor, we should judge before calculating the plan.-

The normalizer configuration can be set by table level. For example, hbase.normalizer.min.region.count can be set by ""alter ‘table’, CONFIGURATION=>\{'hbase.normalizer.min.region.count' => '5'}"". If the table is not set, then use the global configuration which is set in hbase-site.xml.",0
HBASE-13476867,13476867,Support using IP to expose master/rs servers for some special scenarios,"In our environment, when accessing the HBase cluster from another cluster (such as the Flink cluster), you cannot use the hostname to access the HBase cluster, but you can use IP. Because it is possible that the hostname of the HBase cluster automatic expansion node is not maintained in the Flink cluster. So we should support using IP to expose master/rs servers for this special scenarios.

 ",Minor,Fixed,Resolved,15/Aug/22 16:02,25/Sep/22 14:50,"Support using IP to expose master/rs servers for some special scenarios. In our environment, when accessing the HBase cluster from another cluster (such as the Flink cluster), you cannot use the hostname to access the HBase cluster, but you can use IP. Because it is possible that the hostname of the HBase cluster automatic expansion node is not maintained in the Flink cluster. So we should support using IP to expose master/rs servers for this special scenarios.",0
HBASE-13579378,13579378,Losing exception from scan RPC can lead to partial results,"This was discovered in Apache Impala using HBase 2.2 based branch hbase client and server. It is not clear yet whether other branches are also affected.

The issue happens if the server side of the scan throws an exception and closes the scanner, but at the same time, the client gets an rpc connection closed error and doesn't process the exception sent by the server. Client then thinks it got a network error, which leads to retrying the RPC instead of opening a new scanner. But then when the client retry reaches the server, the server returns an empty ScanResponse instead of an error, leading to closing the scanner on client side without returning any error.

A few pointers to critical parts:
region server:
1st call throws exception leading to closing (but not deleting) scanner:
[https://github.com/apache/hbase/blob/0c8607a35008b7dca15e9daaec41ec362d159d67/hbase-server/src/main/java/org/apache/hadoop/hbase/regionserver/RSRpcServices.java#L3539]
2nd call (retry of 1st) returns empty results:
[https://github.com/apache/hbase/blob/0c8607a35008b7dca15e9daaec41ec362d159d67/hbase-server/src/main/java/org/apache/hadoop/hbase/regionserver/RSRpcServices.java#L3403]

client:
some exceptions are handled as non-retriable at RPC level and are only handled through opening a new scanner:
[https://github.com/apache/hbase/blob/0c8607a35008b7dca15e9daaec41ec362d159d67/hbase-client/src/main/java/org/apache/hadoop/hbase/client/ScannerCallable.java#L214]
[https://github.com/apache/hbase/blob/0c8607a35008b7dca15e9daaec41ec362d159d67/hbase-client/src/main/java/org/apache/hadoop/hbase/client/ClientScanner.java#L367]

This mechanism in the client only works if it gets the exception from the server. If there are connection issues during the RPC then the client won't really know the state of the server.",Critical,Fixed,Resolved,15/May/24 14:05,18/May/24 14:50,"Losing exception from scan RPC can lead to partial results. This was discovered in Apache Impala using HBase 2.2 based branch hbase client and server. It is not clear yet whether other branches are also affected.

The issue happens if the server side of the scan throws an exception and closes the scanner, but at the same time, the client gets an rpc connection closed error and doesn't process the exception sent by the server. Client then thinks it got a network error, which leads to retrying the RPC instead of opening a new scanner. But then when the client retry reaches the server, the server returns an empty ScanResponse instead of an error, leading to closing the scanner on client side without returning any error.

A few pointers to critical parts:
region server:
1st call throws exception leading to closing (but not deleting) scanner:
[https://github.com/apache/hbase/blob/0c8607a35008b7dca15e9daaec41ec362d159d67/hbase-server/src/main/java/org/apache/hadoop/hbase/regionserver/RSRpcServices.java#L3539]
2nd call (retry of 1st) returns empty results:
[https://github.com/apache/hbase/blob/0c8607a35008b7dca15e9daaec41ec362d159d67/hbase-server/src/main/java/org/apache/hadoop/hbase/regionserver/RSRpcServices.java#L3403]

client:
some exceptions are handled as non-retriable at RPC level and are only handled through opening a new scanner:
[https://github.com/apache/hbase/blob/0c8607a35008b7dca15e9daaec41ec362d159d67/hbase-client/src/main/java/org/apache/hadoop/hbase/client/ScannerCallable.java#L214]
[https://github.com/apache/hbase/blob/0c8607a35008b7dca15e9daaec41ec362d159d67/hbase-client/src/main/java/org/apache/hadoop/hbase/client/ClientScanner.java#L367]

This mechanism in the client only works if it gets the exception from the server. If there are connection issues during the RPC then the client won't really know the state of the server.",1
HBASE-13436492,13436492,ReplicationPeerManager#checkPeerExists should throw ReplicationPeerNotFoundException if peer doesn't exists,"ReplicationPeerManager#checkPeerExists should throw ReplicationPeerNotFoundException if peer doesn't exists. Currently it throws generic DoNotRetryIOException.
{code:java}
private ReplicationPeerDescription checkPeerExists(String peerId) throws DoNotRetryIOException {
  ReplicationPeerDescription desc = peers.get(peerId);
  if (desc == null) {
    throw new DoNotRetryIOException(""Replication peer "" + peerId + "" does not exist"");
  }
  return desc;
} {code}",Major,Fixed,Resolved,29/Mar/22 17:49,14/May/22 01:29,"ReplicationPeerManager#checkPeerExists should throw ReplicationPeerNotFoundException if peer doesn't exists. ReplicationPeerManager#checkPeerExists should throw ReplicationPeerNotFoundException if peer doesn't exists. Currently it throws generic DoNotRetryIOException.
{code:java}
private ReplicationPeerDescription checkPeerExists(String peerId) throws DoNotRetryIOException {
  ReplicationPeerDescription desc = peers.get(peerId);
  if (desc == null) {
    throw new DoNotRetryIOException(""Replication peer "" + peerId + "" does not exist"");
  }
  return desc;
} {code}",0
HBASE-13571079,13571079,Set correct Result to RegionActionResult for successful Put/Delete mutations,"While returning response of multi(), RSRpcServices build the RegionActionResult with Result or Exception (ClientProtos.ResultOrException). It sets the Exception to this class in all cases where the operation fails with corresponding exception types e.g. NoSuchColumnFamilyException or FailedSanityCheckException etc.

In case of atomic mutations Increment and Append, we add the Result object to ClientProtos.ResultOrException, which is used by client to retrieve result from the batch API: {_}Table#batch(List<? extends Row> actions, Object[] results){_}.

Phoenix performs atomic mutation for Put using _preBatchMutate()_ endpoint. Hence, returning Result object with ResultOrException is important for the purpose of returning the result back to the client as part of the atomic operation. Even if Phoenix returns the OperationStatus (with Result) to MiniBatchOperationInProgress, since HBase uses the empty Result for the Success case, the client would not be able to get the expected result.
{code:java}
case SUCCESS:
  builder.addResultOrException(
    getResultOrException(ClientProtos.Result.getDefaultInstance(), index));
  break; {code}
If OperationStatus returned by _Region#batchMutate_ has valid Result object, it should be used by RSRpcServices while returning the response.",Major,Fixed,Resolved,07/Mar/24 00:59,10/Mar/24 08:47,"Set correct Result to RegionActionResult for successful Put/Delete mutations. While returning response of multi(), RSRpcServices build the RegionActionResult with Result or Exception (ClientProtos.ResultOrException). It sets the Exception to this class in all cases where the operation fails with corresponding exception types e.g. NoSuchColumnFamilyException or FailedSanityCheckException etc.

In case of atomic mutations Increment and Append, we add the Result object to ClientProtos.ResultOrException, which is used by client to retrieve result from the batch API: {_}Table#batch(List<? extends Row> actions, Object[] results){_}.

Phoenix performs atomic mutation for Put using _preBatchMutate()_ endpoint. Hence, returning Result object with ResultOrException is important for the purpose of returning the result back to the client as part of the atomic operation. Even if Phoenix returns the OperationStatus (with Result) to MiniBatchOperationInProgress, since HBase uses the empty Result for the Success case, the client would not be able to get the expected result.
{code:java}
case SUCCESS:
  builder.addResultOrException(
    getResultOrException(ClientProtos.Result.getDefaultInstance(), index));
  break; {code}
If OperationStatus returned by _Region#batchMutate_ has valid Result object, it should be used by RSRpcServices while returning the response.",0
HBASE-13340947,13340947,Refactor the locate WAL logic in ReplicationSource,"When cluster replication enabled and one RegionServer crashed, its WALs will be move from WALs dir to oldWALs dir and its replication queue will moved to other RegionServer's replication queue.
 
HDFS layout (WAL Storage)
/hbase/WALs/RS1/1.log
/hbase/WALs/RS1/2.log
/hbase/WALs/RS1/3.log
ZooKeeper layout (Replication queue storage)
/hbase/replication/rs/RS1/peerId/1.log
/hbase/replication/rs/RS1/peerId/2.log
/hbase/replication/rs/RS1/peerId/3.log
 
Failover finished:
HDFS layout (WAL Storage)
/hbase/.oldWALs/1.log
/hbase/.oldWALs/2.log
/hbase/.oldWALs/3.log
ZooKeeper layout (Replication queue storage)
/hbase/replication/rs/RS2/peerId-RS1/1.log
/hbase/replication/rs/RS2/peerId-RS1/2.log
/hbase/replication/rs/RS2/peerId-RS1/3.log
 
And if enabled hbase.separate.oldlogdir.by.regionserver, the HDFS layout may be:
HDFS layout (WAL Storage)
/hbase/.oldWALs/RS1/1.log
/hbase/.oldWALs/RS1/2.log
/hbase/.oldWALs/RS1/3.log
 
Then if RS2 crashed, the HDFS layout will not change but ZooKeeper layout may changed.
ZooKeeper layout (Replication queue storage)
/hbase/replication/rs/RS3/peerId-RS1-RS2/1.log
/hbase/replication/rs/RS3/peerId-RS1-RS2/2.log
/hbase/replication/rs/RS3/peerId-RS1-RS2/3.log
 
So even the replication queue was transfered many times, the HDFS layout never change.
 
Another case is master-cluster disaster, the failover work not finished. Then ReplicationSyncUp tool can start replication source to replicate the WAL data. The HDFS layout need to consider two more case:
/hbase/WALs/RS1/1.log
/hbase/WALs/RS1/2.log
/hbase/WALs/RS1/3.log
or
/hbase/WALs/RS1-splitting/1.log
/hbase/WALs/RS1-splitting/2.log
/hbase/WALs/RS1-splitting/3.log",Major,,Open,17/Nov/20 01:09,,"Refactor the locate WAL logic in ReplicationSource. When cluster replication enabled and one RegionServer crashed, its WALs will be move from WALs dir to oldWALs dir and its replication queue will moved to other RegionServer's replication queue.
 
HDFS layout (WAL Storage)
/hbase/WALs/RS1/1.log
/hbase/WALs/RS1/2.log
/hbase/WALs/RS1/3.log
ZooKeeper layout (Replication queue storage)
/hbase/replication/rs/RS1/peerId/1.log
/hbase/replication/rs/RS1/peerId/2.log
/hbase/replication/rs/RS1/peerId/3.log
 
Failover finished:
HDFS layout (WAL Storage)
/hbase/.oldWALs/1.log
/hbase/.oldWALs/2.log
/hbase/.oldWALs/3.log
ZooKeeper layout (Replication queue storage)
/hbase/replication/rs/RS2/peerId-RS1/1.log
/hbase/replication/rs/RS2/peerId-RS1/2.log
/hbase/replication/rs/RS2/peerId-RS1/3.log
 
And if enabled hbase.separate.oldlogdir.by.regionserver, the HDFS layout may be:
HDFS layout (WAL Storage)
/hbase/.oldWALs/RS1/1.log
/hbase/.oldWALs/RS1/2.log
/hbase/.oldWALs/RS1/3.log
 
Then if RS2 crashed, the HDFS layout will not change but ZooKeeper layout may changed.
ZooKeeper layout (Replication queue storage)
/hbase/replication/rs/RS3/peerId-RS1-RS2/1.log
/hbase/replication/rs/RS3/peerId-RS1-RS2/2.log
/hbase/replication/rs/RS3/peerId-RS1-RS2/3.log
 
So even the replication queue was transfered many times, the HDFS layout never change.
 
Another case is master-cluster disaster, the failover work not finished. Then ReplicationSyncUp tool can start replication source to replicate the WAL data. The HDFS layout need to consider two more case:
/hbase/WALs/RS1/1.log
/hbase/WALs/RS1/2.log
/hbase/WALs/RS1/3.log
or
/hbase/WALs/RS1-splitting/1.log
/hbase/WALs/RS1-splitting/2.log
/hbase/WALs/RS1-splitting/3.log",0
HBASE-13440944,13440944,FilterList with FuzzyRowFilter and SingleColumnValueFilter evaluated with operator MUST_PASS_ONE doesn't work as expected,"I created test table with two column families by hbase shell:

 
{code:java}
create 'test_table2', 'f1', 'f2'
put 'test_table2', '1', 'f1:col1', 'a1'
put 'test_table2', '1', 'f2:col2', 'a2'
put 'test_table2', '2', 'f1:col1', 'b1'
put 'test_table2', '2', 'f2:col2', 'b2' {code}
 

 

The table contains of two rows (rowkeys '1' and '2'), tested FuzzyRowFilter selects first row,

SingleColumnValueFilter selects no rows, combination of both filters evaluated with

MUST_PASS_ONE operator returns surprisingly whole table. I prepared java examples to

show this strange behavior.

 

Code snippet below doesn't work as expected:

 
{code:java}
try (Table table = connection.getTable(TableName.valueOf(""test_table2""))) {
    Scan scan = new Scan();
    scan.addFamily(Bytes.toBytes(""f1""));
    scan.addFamily(Bytes.toBytes(""f2""));
    Filter fuzzyRowFilter = new FuzzyRowFilter(List.of(new Pair<>(Bytes.toBytes(""1""), new byte[] { 0x00 })));
    scan.setFilter(fuzzyRowFilter);
    System.out.println(""result of fuzzy filter:"");
    for (Result r : table.getScanner(scan)) {
        System.out.println(Bytes.toString(r.getRow()));
    }
    System.out.println(""result of single column value filter:"");
    Filter singleColumnValueFilter = new SingleColumnValueFilter(Bytes.toBytes(""f2""), Bytes.toBytes(""col2""), CompareOperator.EQUAL,
            Bytes.toBytes(""x""));
    scan.setFilter(singleColumnValueFilter);
    for (Result r : table.getScanner(scan)) {
        System.out.println(Bytes.toString(r.getRow()));
    }
    System.out.println(""result of fuzzy or single column value filters:"");
    FilterList filterList = new FilterList(Operator.MUST_PASS_ONE);
    filterList.addFilter(fuzzyRowFilter);
    filterList.addFilter(singleColumnValueFilter);
    scan.setFilter(filterList);
    for (Result r : table.getScanner(scan)) {
        System.out.println(Bytes.toString(r.getRow()));
    }
} {code}
Expected result in my opinion is:

 
{quote}result of fuzzy filter:
1
result of single column value filter:
result of fuzzy or single column value filters:
1
{quote}
But i am getting (NOT OK):
{quote}result of fuzzy filter:
1
result of single column value filter:
result of fuzzy or single column value filters:
1
2
{quote}
 

For tables with one column family or commentig out the line _{color:#000000}scan{color}.addFamily({color:#000000}Bytes{color}.toBytes({color:#067d17}""f1""{color}))_ filter list evaluation is working OK. Similar example with PrefixFilter is working like a charm:

 
{code:java}
try (Table table = connection.getTable(TableName.valueOf(""test_table2""))) {
    Scan scan = new Scan();
    scan.addFamily(Bytes.toBytes(""f1""));
    scan.addFamily(Bytes.toBytes(""f2""));
    Filter prefixFilter = new PrefixFilter(Bytes.toBytes(""1""));
    scan.setFilter(prefixFilter);
    System.out.println(""result of prefix filter:"");
    for (Result r : table.getScanner(scan)) {
        System.out.println(Bytes.toString(r.getRow()));
    }
    System.out.println(""result of single column value filter:"");
    Filter singleColumnValueFilter = new SingleColumnValueFilter(Bytes.toBytes(""f2""), Bytes.toBytes(""col2""), CompareOperator.EQUAL,
            Bytes.toBytes(""x""));
    scan.setFilter(singleColumnValueFilter);
    for (Result r : table.getScanner(scan)) {
        System.out.println(Bytes.toString(r.getRow()));
    }
    System.out.println(""result of prefix or single column value filters"");
    FilterList filterList = new FilterList(Operator.MUST_PASS_ONE);
    filterList.addFilter(prefixFilter);
    filterList.addFilter(singleColumnValueFilter);
    scan.setFilter(filterList);
    for (Result r : table.getScanner(scan)) {
        System.out.println(Bytes.toString(r.getRow()));
    }
} {code}
 

 

Result OK{_}:{_}
{quote}result of prefix filter:
1
result of single column value filter:
result of prefix or single column value filters
1
{quote}",Critical,Fixed,Resolved,21/Apr/22 14:46,29/Jan/23 10:39,"FilterList with FuzzyRowFilter and SingleColumnValueFilter evaluated with operator MUST_PASS_ONE doesn't work as expected. I created test table with two column families by hbase shell:

 
{code:java}
create 'test_table2', 'f1', 'f2'
put 'test_table2', '1', 'f1:col1', 'a1'
put 'test_table2', '1', 'f2:col2', 'a2'
put 'test_table2', '2', 'f1:col1', 'b1'
put 'test_table2', '2', 'f2:col2', 'b2' {code}
 

 

The table contains of two rows (rowkeys '1' and '2'), tested FuzzyRowFilter selects first row,

SingleColumnValueFilter selects no rows, combination of both filters evaluated with

MUST_PASS_ONE operator returns surprisingly whole table. I prepared java examples to

show this strange behavior.

 

Code snippet below doesn't work as expected:

 
{code:java}
try (Table table = connection.getTable(TableName.valueOf(""test_table2""))) {
    Scan scan = new Scan();
    scan.addFamily(Bytes.toBytes(""f1""));
    scan.addFamily(Bytes.toBytes(""f2""));
    Filter fuzzyRowFilter = new FuzzyRowFilter(List.of(new Pair<>(Bytes.toBytes(""1""), new byte[] { 0x00 })));
    scan.setFilter(fuzzyRowFilter);
    System.out.println(""result of fuzzy filter:"");
    for (Result r : table.getScanner(scan)) {
        System.out.println(Bytes.toString(r.getRow()));
    }
    System.out.println(""result of single column value filter:"");
    Filter singleColumnValueFilter = new SingleColumnValueFilter(Bytes.toBytes(""f2""), Bytes.toBytes(""col2""), CompareOperator.EQUAL,
            Bytes.toBytes(""x""));
    scan.setFilter(singleColumnValueFilter);
    for (Result r : table.getScanner(scan)) {
        System.out.println(Bytes.toString(r.getRow()));
    }
    System.out.println(""result of fuzzy or single column value filters:"");
    FilterList filterList = new FilterList(Operator.MUST_PASS_ONE);
    filterList.addFilter(fuzzyRowFilter);
    filterList.addFilter(singleColumnValueFilter);
    scan.setFilter(filterList);
    for (Result r : table.getScanner(scan)) {
        System.out.println(Bytes.toString(r.getRow()));
    }
} {code}
Expected result in my opinion is:

 
{quote}result of fuzzy filter:
1
result of single column value filter:
result of fuzzy or single column value filters:
1
{quote}
But i am getting (NOT OK):
{quote}result of fuzzy filter:
1
result of single column value filter:
result of fuzzy or single column value filters:
1
2
{quote}
 

For tables with one column family or commentig out the line _{color:#000000}scan{color}.addFamily({color:#000000}Bytes{color}.toBytes({color:#067d17}""f1""{color}))_ filter list evaluation is working OK. Similar example with PrefixFilter is working like a charm:

 
{code:java}
try (Table table = connection.getTable(TableName.valueOf(""test_table2""))) {
    Scan scan = new Scan();
    scan.addFamily(Bytes.toBytes(""f1""));
    scan.addFamily(Bytes.toBytes(""f2""));
    Filter prefixFilter = new PrefixFilter(Bytes.toBytes(""1""));
    scan.setFilter(prefixFilter);
    System.out.println(""result of prefix filter:"");
    for (Result r : table.getScanner(scan)) {
        System.out.println(Bytes.toString(r.getRow()));
    }
    System.out.println(""result of single column value filter:"");
    Filter singleColumnValueFilter = new SingleColumnValueFilter(Bytes.toBytes(""f2""), Bytes.toBytes(""col2""), CompareOperator.EQUAL,
            Bytes.toBytes(""x""));
    scan.setFilter(singleColumnValueFilter);
    for (Result r : table.getScanner(scan)) {
        System.out.println(Bytes.toString(r.getRow()));
    }
    System.out.println(""result of prefix or single column value filters"");
    FilterList filterList = new FilterList(Operator.MUST_PASS_ONE);
    filterList.addFilter(prefixFilter);
    filterList.addFilter(singleColumnValueFilter);
    scan.setFilter(filterList);
    for (Result r : table.getScanner(scan)) {
        System.out.println(Bytes.toString(r.getRow()));
    }
} {code}
 

 

Result OK{_}:{_}
{quote}result of prefix filter:
1
result of single column value filter:
result of prefix or single column value filters
1
{quote}",1
HBASE-13532266,13532266,"Backport ""HBASE-24914 Remove duplicate code appearing continuously in method ReplicationPeerManager.updatePeerConfig"" to branch-2","Branch-2/ Branch-2.4/Branch-2.5 also have duplicate code in ReplicationPeerManager#updatePeerConfig


newPeerConfigBuilder.putAllConfiguration(oldPeerConfig.getConfiguration());
newPeerConfigBuilder.putAllConfiguration(peerConfig.getConfiguration());
newPeerConfigBuilder.putAllConfiguration(oldPeerConfig.getConfiguration());
newPeerConfigBuilder.putAllConfiguration(peerConfig.getConfiguration());",Minor,Fixed,Resolved,12/Apr/23 03:24,14/Apr/23 10:49,"Backport ""HBASE-24914 Remove duplicate code appearing continuously in method ReplicationPeerManager.updatePeerConfig"" to branch-2. Branch-2/ Branch-2.4/Branch-2.5 also have duplicate code in ReplicationPeerManager#updatePeerConfig


newPeerConfigBuilder.putAllConfiguration(oldPeerConfig.getConfiguration());
newPeerConfigBuilder.putAllConfiguration(peerConfig.getConfiguration());
newPeerConfigBuilder.putAllConfiguration(oldPeerConfig.getConfiguration());
newPeerConfigBuilder.putAllConfiguration(peerConfig.getConfiguration());",0
HBASE-13426993,13426993,Incorrect exception handling in shell,"The exception handling changed in the shell compared to 2.2.
{noformat}
➜  hbase-upstream git:(branch-2.4) ✗ cat commands.txt
scan 'foo'
exit
➜  hbase-upstream git:(branch-2.4) ✗ bin/hbase shell -n commands.txt
2022-02-07 16:21:33,654 WARN  [main] util.NativeCodeLoader: Unable to load native-hadoop library for your platform... using builtin-java classes where applicable
hbase:001:0> scan 'foo'
ROW                                  COLUMN+CELL
Took 0.3890 seconds                                                                                                                         Traceback (most recent call last):
RuntimeError (Unknown table foo!)
hbase:002:0> exit
➜  hbase-upstream git:(branch-2.4) ✗ echo $?
0 {noformat}
The execution continues even after an exception is thrown. In 2.2.7 the execution stops when an exception is thrown and the shell exits with error code.
{noformat}
➜  hbase-2.2.7 bin/hbase shell -n commands.txt
2022-02-07 16:33:54,930 WARN  [main] util.NativeCodeLoader: Unable to load native-hadoop library for your platform... using builtin-java classes where applicable
ROW                                  COLUMN+CELL
Took 0.3082 seconds                                                                                                                         RuntimeError: Unknown table foo!
  translate_hbase_exceptions at /Users/petersomogyi/tmp/hbase-2.2.7/lib/ruby/shell/commands.rb:130
                command_safe at /Users/petersomogyi/tmp/hbase-2.2.7/lib/ruby/shell/commands.rb:49
            internal_command at /Users/petersomogyi/tmp/hbase-2.2.7/lib/ruby/shell.rb:148
                     command at /Users/petersomogyi/tmp/hbase-2.2.7/lib/ruby/shell.rb:140
                        scan at (eval):2
                      <main> at commands.txt:1
                        load at org/jruby/RubyKernel.java:973
                      <main> at /Users/petersomogyi/tmp/hbase-2.2.7/bin/../bin/hirb.rb:186
➜  hbase-2.2.7 echo $?
1 {noformat}",Critical,Fixed,Resolved,07/Feb/22 17:02,10/Feb/22 11:49,"Incorrect exception handling in shell. The exception handling changed in the shell compared to 2.2.
{noformat}
➜  hbase-upstream git:(branch-2.4) ✗ cat commands.txt
scan 'foo'
exit
➜  hbase-upstream git:(branch-2.4) ✗ bin/hbase shell -n commands.txt
2022-02-07 16:21:33,654 WARN  [main] util.NativeCodeLoader: Unable to load native-hadoop library for your platform... using builtin-java classes where applicable
hbase:001:0> scan 'foo'
ROW                                  COLUMN+CELL
Took 0.3890 seconds                                                                                                                         Traceback (most recent call last):
RuntimeError (Unknown table foo!)
hbase:002:0> exit
➜  hbase-upstream git:(branch-2.4) ✗ echo $?
0 {noformat}
The execution continues even after an exception is thrown. In 2.2.7 the execution stops when an exception is thrown and the shell exits with error code.
{noformat}
➜  hbase-2.2.7 bin/hbase shell -n commands.txt
2022-02-07 16:33:54,930 WARN  [main] util.NativeCodeLoader: Unable to load native-hadoop library for your platform... using builtin-java classes where applicable
ROW                                  COLUMN+CELL
Took 0.3082 seconds                                                                                                                         RuntimeError: Unknown table foo!
  translate_hbase_exceptions at /Users/petersomogyi/tmp/hbase-2.2.7/lib/ruby/shell/commands.rb:130
                command_safe at /Users/petersomogyi/tmp/hbase-2.2.7/lib/ruby/shell/commands.rb:49
            internal_command at /Users/petersomogyi/tmp/hbase-2.2.7/lib/ruby/shell.rb:148
                     command at /Users/petersomogyi/tmp/hbase-2.2.7/lib/ruby/shell.rb:140
                        scan at (eval):2
                      <main> at commands.txt:1
                        load at org/jruby/RubyKernel.java:973
                      <main> at /Users/petersomogyi/tmp/hbase-2.2.7/bin/../bin/hirb.rb:186
➜  hbase-2.2.7 echo $?
1 {noformat}",1
HBASE-13338539,13338539,Upgrading HBase from 2.2.0 to 2.3.x fails because of “Message missing required fields: state”,"When we upgraded HBASE cluster from 2.2.0-RC0 to 2.3.0 or 2.3.3, the HMaster on upgraded node failed to start.

The error message is shown below: 
{code:java}
2020-11-02 23:04:01,998 ERROR [master/2c4006997f99:16000:becomeActiveMaster] master.HMaster: Failed to become active masterorg.apache.hbase.thirdparty.com.google.protobuf.InvalidProtocolBufferException: Message missing required fields: state           at org.apache.hbase.thirdparty.com.google.protobuf.UninitializedMessageException.asInvalidProtocolBufferException(UninitializedMessageException.java:79)           at org.apache.hbase.thirdparty.com.google.protobuf.AbstractParser.checkMessageInitialized(AbstractParser.java:68)           at org.apache.hbase.thirdparty.com.google.protobuf.AbstractParser.parseFrom(AbstractParser.java:120)           at org.apache.hbase.thirdparty.com.google.protobuf.AbstractParser.parseFrom(AbstractParser.java:125)           at org.apache.hbase.thirdparty.com.google.protobuf.AbstractParser.parseFrom(AbstractParser.java:48)           at org.apache.hbase.thirdparty.com.google.protobuf.Any.unpack(Any.java:228)           at org.apache.hadoop.hbase.procedure2.ProcedureUtil$StateSerializer.deserialize(ProcedureUtil.java:124)           at org.apache.hadoop.hbase.master.assignment.RegionRemoteProcedureBase.deserializeStateData(RegionRemoteProcedureBase.java:352)           at org.apache.hadoop.hbase.master.assignment.OpenRegionProcedure.deserializeStateData(OpenRegionProcedure.java:72)           at org.apache.hadoop.hbase.procedure2.ProcedureUtil.convertToProcedure(ProcedureUtil.java:294)           at org.apache.hadoop.hbase.procedure2.store.ProtoAndProcedure.getProcedure(ProtoAndProcedure.java:43)           at org.apache.hadoop.hbase.procedure2.store.InMemoryProcedureIterator.next(InMemoryProcedureIterator.java:90)           at org.apache.hadoop.hbase.procedure2.store.region.RegionProcedureStore$1.load(RegionProcedureStore.java:194)           at org.apache.hadoop.hbase.procedure2.store.wal.WALProcedureStore$2.load(WALProcedureStore.java:474)           at org.apache.hadoop.hbase.procedure2.store.wal.ProcedureWALFormatReader.finish(ProcedureWALFormatReader.java:151)           at org.apache.hadoop.hbase.procedure2.store.wal.ProcedureWALFormat.load(ProcedureWALFormat.java:103)           at org.apache.hadoop.hbase.procedure2.store.wal.WALProcedureStore.load(WALProcedureStore.java:465)           at org.apache.hadoop.hbase.procedure2.store.region.RegionProcedureStore.tryMigrate(RegionProcedureStore.java:184)           at org.apache.hadoop.hbase.procedure2.store.region.RegionProcedureStore.recoverLease(RegionProcedureStore.java:257)           at org.apache.hadoop.hbase.procedure2.ProcedureExecutor.init(ProcedureExecutor.java:587)           at org.apache.hadoop.hbase.master.HMaster.createProcedureExecutor(HMaster.java:1572)           at org.apache.hadoop.hbase.master.HMaster.finishActiveMasterInitialization(HMaster.java:950)           at org.apache.hadoop.hbase.master.HMaster.startActiveMasterManager(HMaster.java:2240)           at org.apache.hadoop.hbase.master.HMaster.lambda$run$0(HMaster.java:622)           at java.lang.Thread.run(Thread.java:748)2020-11-02 23:04:01,998 ERROR [master/2c4006997f99:16000:becomeActiveMaster] master.HMaster: ***** ABORTING master 2c4006997f99,16000,1604358237412: Unhandled exception. Starting shutdown. *****org.apache.hbase.thirdparty.com.google.protobuf.InvalidProtocolBufferException: Message missing required fields: state           at org.apache.hbase.thirdparty.com.google.protobuf.UninitializedMessageException.asInvalidProtocolBufferException(UninitializedMessageException.java:79)           at org.apache.hbase.thirdparty.com.google.protobuf.AbstractParser.checkMessageInitialized(AbstractParser.java:68)           at org.apache.hbase.thirdparty.com.google.protobuf.AbstractParser.parseFrom(AbstractParser.java:120)           at org.apache.hbase.thirdparty.com.google.protobuf.AbstractParser.parseFrom(AbstractParser.java:125)           at org.apache.hbase.thirdparty.com.google.protobuf.AbstractParser.parseFrom(AbstractParser.java:48)           at org.apache.hbase.thirdparty.com.google.protobuf.Any.unpack(Any.java:228)           at org.apache.hadoop.hbase.procedure2.ProcedureUtil$StateSerializer.deserialize(ProcedureUtil.java:124)           at org.apache.hadoop.hbase.master.assignment.RegionRemoteProcedureBase.deserializeStateData(RegionRemoteProcedureBase.java:352)           at org.apache.hadoop.hbase.master.assignment.OpenRegionProcedure.deserializeStateData(OpenRegionProcedure.java:72)           at org.apache.hadoop.hbase.procedure2.ProcedureUtil.convertToProcedure(ProcedureUtil.java:294)           at org.apache.hadoop.hbase.procedure2.store.ProtoAndProcedure.getProcedure(ProtoAndProcedure.java:43)           at org.apache.hadoop.hbase.procedure2.store.InMemoryProcedureIterator.next(InMemoryProcedureIterator.java:90)           at org.apache.hadoop.hbase.procedure2.store.region.RegionProcedureStore$1.load(RegionProcedureStore.java:194)           at org.apache.hadoop.hbase.procedure2.store.wal.WALProcedureStore$2.load(WALProcedureStore.java:474)           at org.apache.hadoop.hbase.procedure2.store.wal.ProcedureWALFormatReader.finish(ProcedureWALFormatReader.java:151)           at org.apache.hadoop.hbase.procedure2.store.wal.ProcedureWALFormat.load(ProcedureWALFormat.java:103)           at org.apache.hadoop.hbase.procedure2.store.wal.WALProcedureStore.load(WALProcedureStore.java:465)           at org.apache.hadoop.hbase.procedure2.store.region.RegionProcedureStore.tryMigrate(RegionProcedureStore.java:184)           at org.apache.hadoop.hbase.procedure2.store.region.RegionProcedureStore.recoverLease(RegionProcedureStore.java:257)           at org.apache.hadoop.hbase.procedure2.ProcedureExecutor.init(ProcedureExecutor.java:587)           at org.apache.hadoop.hbase.master.HMaster.createProcedureExecutor(HMaster.java:1572)           at org.apache.hadoop.hbase.master.HMaster.finishActiveMasterInitialization(HMaster.java:950)           at org.apache.hadoop.hbase.master.HMaster.startActiveMasterManager(HMaster.java:2240)           at org.apache.hadoop.hbase.master.HMaster.lambda$run$0(HMaster.java:622)           at java.lang.Thread.run(Thread.java:748)2020-11-02 23:04:01,999 INFO  [master/2c4006997f99:16000:becomeActiveMaster] regionserver.HRegionServer: ***** STOPPING region server '2c4006997f99,16000,1604358237412' *****2020-11-02 23:04:01,999 INFO  [master/2c4006997f99:16000:becomeActiveMaster] regionserver.HRegionServer: STOPPED: Stopped by master/2c4006997f99:16000:becomeActiveMaster2020-11-02 23:04:02,814 INFO  [2c4006997f99:16000.splitLogManager..Chore.1] hbase.ScheduledChore: Chore: SplitLogManager Timeout Monitor was stopped2020-11-02 23:04:03,652 INFO  [master/2c4006997f99:16000] ipc.NettyRpcServer: Stopping server on /252.17.1.2:160002020-11-02 23:04:03,658 INFO  [master/2c4006997f99:16000] regionserver.HRegionServer: Stopping infoServer2020-11-02 23:04:03,871 INFO  [master/2c4006997f99:16000] handler.ContextHandler: Stopped o.e.j.w.WebAppContext@6136998b{/,null,UNAVAILABLE}{file:/hbase/hbase-webapps/master}2020-11-02 23:04:03,877 INFO  [master/2c4006997f99:16000] server.AbstractConnector: Stopped ServerConnector@60d1b21f{HTTP/1.1,[http/1.1]}{0.0.0.0:16010}2020-11-02 23:04:03,878 INFO  [master/2c4006997f99:16000] handler.ContextHandler: Stopped o.e.j.s.ServletContextHandler@aa004a0{/static,file:///hbase/hbase-webapps/static/,UNAVAILABLE}2020-11-02 23:04:03,878 INFO  [master/2c4006997f99:16000] handler.ContextHandler: Stopped o.e.j.s.ServletContextHandler@5965844d{/logs,file:///hbase/logs/,UNAVAILABLE}2020-11-02 23:04:03,888 INFO  [master/2c4006997f99:16000] regionserver.HRegionServer: aborting server 2c4006997f99,16000,16043582374122020-11-02 23:04:03,889 INFO  [master/2c4006997f99:16000] regionserver.HRegionServer: stopping server 2c4006997f99,16000,1604358237412; all regions closed.2020-11-02 23:04:03,889 INFO  [master/2c4006997f99:16000] hbase.ChoreService: Chore service for: master/2c4006997f99:16000 had [] on shutdown2020-11-02 23:04:03,890 INFO  [master/2c4006997f99:16000] region.RegionProcedureStore: Stopping the Region Procedure Store, isAbort=true2020-11-02 23:04:03,894 WARN  [master/2c4006997f99:16000] master.ActiveMasterManager: Failed get of master address: java.io.IOException: Can't get master address from ZooKeeper; znode data == null2020-11-02 23:04:03,894 INFO  [master/2c4006997f99:16000] region.MasterRegion: Closing local region {ENCODED => 1595e783b53d99cd5eef43b6debb2682, NAME => 'master:store,,1.1595e783b53d99cd5eef43b6debb2682.', STARTKEY => '', ENDKEY => ''}, isAbort=true2020-11-02 23:04:03,901 INFO  [master/2c4006997f99:16000] regionserver.HRegion: Closing region master:store,,1.1595e783b53d99cd5eef43b6debb2682.2020-11-02 23:04:03,903 INFO  [master/2c4006997f99:16000] regionserver.HRegion: Closed master:store,,1.1595e783b53d99cd5eef43b6debb2682.2020-11-02 23:04:03,903 INFO  [master/2c4006997f99:16000] hbase.ChoreService: Chore service for: 2c4006997f99:16000.splitLogManager. had [] on shutdown2020-11-02 23:04:03,904 INFO  [master:store-WAL-Roller] wal.AbstractWALRoller: LogRoller exiting.2020-11-02 23:04:03,998 INFO  [ReadOnlyZKClient-252.17.1.5:2181@0x0432f3aa] zookeeper.ZooKeeper: Session: 0x10138d353e5001b closed2020-11-02 23:04:03,998 INFO  [ReadOnlyZKClient-252.17.1.5:2181@0x0432f3aa-EventThread] zookeeper.ClientCnxn: EventThread shut down for session: 0x10138d353e5001b2020-11-02 23:04:04,098 INFO  [master/2c4006997f99:16000] zookeeper.ZooKeeper: Session: 0x10138d353e50018 closed2020-11-02 23:04:04,098 INFO  [master/2c4006997f99:16000] regionserver.HRegionServer: Exiting; stopping=2c4006997f99,16000,1604358237412; zookeeper connection closed.2020-11-02 23:04:04,098 INFO  [main-EventThread] zookeeper.ClientCnxn: EventThread shut down for session: 0x10138d353e500182020-11-02 23:04:04,099 ERROR [main] master.HMasterCommandLine: Master exitingjava.lang.RuntimeException: HMaster Aborted           at org.apache.hadoop.hbase.master.HMasterCommandLine.startMaster(HMasterCommandLine.java:244)           at org.apache.hadoop.hbase.master.HMasterCommandLine.run(HMasterCommandLine.java:140)           at org.apache.hadoop.util.ToolRunner.run(ToolRunner.java:76)           at org.apache.hadoop.hbase.util.ServerCommandLine.doMain(ServerCommandLine.java:149)           at org.apache.hadoop.hbase.master.HMaster.main(HMaster.java:3072)
{code}
 

It can be reproduced through the following steps:
 # Start up a cluster of version 2.2.0-RC0 with 3 nodes
 # Use hbase pe to write data. 
 # 
{code:java}
/hbase/bin/hbase pe --nomapred --oneCon=true --valueSize=10 --rows=100 sequentialWrite 1
{code}

 # Stop the cluster:
 ## using the graceful_stop.sh to stop all regionservers.
 ## Then run stop-hbase.sh
 #  Upgrade the node to branch-2.3
 # After upgraded, as the log, hbase--master-2c4006997f99.log, suggested, HMaster failed to start.",Critical,Fixed,Resolved,03/Nov/20 03:14,05/Nov/20 17:44,"Upgrading HBase from 2.2.0 to 2.3.x fails because of “Message missing required fields: state”. When we upgraded HBASE cluster from 2.2.0-RC0 to 2.3.0 or 2.3.3, the HMaster on upgraded node failed to start.

The error message is shown below: 
{code:java}
2020-11-02 23:04:01,998 ERROR [master/2c4006997f99:16000:becomeActiveMaster] master.HMaster: Failed to become active masterorg.apache.hbase.thirdparty.com.google.protobuf.InvalidProtocolBufferException: Message missing required fields: state           at org.apache.hbase.thirdparty.com.google.protobuf.UninitializedMessageException.asInvalidProtocolBufferException(UninitializedMessageException.java:79)           at org.apache.hbase.thirdparty.com.google.protobuf.AbstractParser.checkMessageInitialized(AbstractParser.java:68)           at org.apache.hbase.thirdparty.com.google.protobuf.AbstractParser.parseFrom(AbstractParser.java:120)           at org.apache.hbase.thirdparty.com.google.protobuf.AbstractParser.parseFrom(AbstractParser.java:125)           at org.apache.hbase.thirdparty.com.google.protobuf.AbstractParser.parseFrom(AbstractParser.java:48)           at org.apache.hbase.thirdparty.com.google.protobuf.Any.unpack(Any.java:228)           at org.apache.hadoop.hbase.procedure2.ProcedureUtil$StateSerializer.deserialize(ProcedureUtil.java:124)           at org.apache.hadoop.hbase.master.assignment.RegionRemoteProcedureBase.deserializeStateData(RegionRemoteProcedureBase.java:352)           at org.apache.hadoop.hbase.master.assignment.OpenRegionProcedure.deserializeStateData(OpenRegionProcedure.java:72)           at org.apache.hadoop.hbase.procedure2.ProcedureUtil.convertToProcedure(ProcedureUtil.java:294)           at org.apache.hadoop.hbase.procedure2.store.ProtoAndProcedure.getProcedure(ProtoAndProcedure.java:43)           at org.apache.hadoop.hbase.procedure2.store.InMemoryProcedureIterator.next(InMemoryProcedureIterator.java:90)           at org.apache.hadoop.hbase.procedure2.store.region.RegionProcedureStore$1.load(RegionProcedureStore.java:194)           at org.apache.hadoop.hbase.procedure2.store.wal.WALProcedureStore$2.load(WALProcedureStore.java:474)           at org.apache.hadoop.hbase.procedure2.store.wal.ProcedureWALFormatReader.finish(ProcedureWALFormatReader.java:151)           at org.apache.hadoop.hbase.procedure2.store.wal.ProcedureWALFormat.load(ProcedureWALFormat.java:103)           at org.apache.hadoop.hbase.procedure2.store.wal.WALProcedureStore.load(WALProcedureStore.java:465)           at org.apache.hadoop.hbase.procedure2.store.region.RegionProcedureStore.tryMigrate(RegionProcedureStore.java:184)           at org.apache.hadoop.hbase.procedure2.store.region.RegionProcedureStore.recoverLease(RegionProcedureStore.java:257)           at org.apache.hadoop.hbase.procedure2.ProcedureExecutor.init(ProcedureExecutor.java:587)           at org.apache.hadoop.hbase.master.HMaster.createProcedureExecutor(HMaster.java:1572)           at org.apache.hadoop.hbase.master.HMaster.finishActiveMasterInitialization(HMaster.java:950)           at org.apache.hadoop.hbase.master.HMaster.startActiveMasterManager(HMaster.java:2240)           at org.apache.hadoop.hbase.master.HMaster.lambda$run$0(HMaster.java:622)           at java.lang.Thread.run(Thread.java:748)2020-11-02 23:04:01,998 ERROR [master/2c4006997f99:16000:becomeActiveMaster] master.HMaster: ***** ABORTING master 2c4006997f99,16000,1604358237412: Unhandled exception. Starting shutdown. *****org.apache.hbase.thirdparty.com.google.protobuf.InvalidProtocolBufferException: Message missing required fields: state           at org.apache.hbase.thirdparty.com.google.protobuf.UninitializedMessageException.asInvalidProtocolBufferException(UninitializedMessageException.java:79)           at org.apache.hbase.thirdparty.com.google.protobuf.AbstractParser.checkMessageInitialized(AbstractParser.java:68)           at org.apache.hbase.thirdparty.com.google.protobuf.AbstractParser.parseFrom(AbstractParser.java:120)           at org.apache.hbase.thirdparty.com.google.protobuf.AbstractParser.parseFrom(AbstractParser.java:125)           at org.apache.hbase.thirdparty.com.google.protobuf.AbstractParser.parseFrom(AbstractParser.java:48)           at org.apache.hbase.thirdparty.com.google.protobuf.Any.unpack(Any.java:228)           at org.apache.hadoop.hbase.procedure2.ProcedureUtil$StateSerializer.deserialize(ProcedureUtil.java:124)           at org.apache.hadoop.hbase.master.assignment.RegionRemoteProcedureBase.deserializeStateData(RegionRemoteProcedureBase.java:352)           at org.apache.hadoop.hbase.master.assignment.OpenRegionProcedure.deserializeStateData(OpenRegionProcedure.java:72)           at org.apache.hadoop.hbase.procedure2.ProcedureUtil.convertToProcedure(ProcedureUtil.java:294)           at org.apache.hadoop.hbase.procedure2.store.ProtoAndProcedure.getProcedure(ProtoAndProcedure.java:43)           at org.apache.hadoop.hbase.procedure2.store.InMemoryProcedureIterator.next(InMemoryProcedureIterator.java:90)           at org.apache.hadoop.hbase.procedure2.store.region.RegionProcedureStore$1.load(RegionProcedureStore.java:194)           at org.apache.hadoop.hbase.procedure2.store.wal.WALProcedureStore$2.load(WALProcedureStore.java:474)           at org.apache.hadoop.hbase.procedure2.store.wal.ProcedureWALFormatReader.finish(ProcedureWALFormatReader.java:151)           at org.apache.hadoop.hbase.procedure2.store.wal.ProcedureWALFormat.load(ProcedureWALFormat.java:103)           at org.apache.hadoop.hbase.procedure2.store.wal.WALProcedureStore.load(WALProcedureStore.java:465)           at org.apache.hadoop.hbase.procedure2.store.region.RegionProcedureStore.tryMigrate(RegionProcedureStore.java:184)           at org.apache.hadoop.hbase.procedure2.store.region.RegionProcedureStore.recoverLease(RegionProcedureStore.java:257)           at org.apache.hadoop.hbase.procedure2.ProcedureExecutor.init(ProcedureExecutor.java:587)           at org.apache.hadoop.hbase.master.HMaster.createProcedureExecutor(HMaster.java:1572)           at org.apache.hadoop.hbase.master.HMaster.finishActiveMasterInitialization(HMaster.java:950)           at org.apache.hadoop.hbase.master.HMaster.startActiveMasterManager(HMaster.java:2240)           at org.apache.hadoop.hbase.master.HMaster.lambda$run$0(HMaster.java:622)           at java.lang.Thread.run(Thread.java:748)2020-11-02 23:04:01,999 INFO  [master/2c4006997f99:16000:becomeActiveMaster] regionserver.HRegionServer: ***** STOPPING region server '2c4006997f99,16000,1604358237412' *****2020-11-02 23:04:01,999 INFO  [master/2c4006997f99:16000:becomeActiveMaster] regionserver.HRegionServer: STOPPED: Stopped by master/2c4006997f99:16000:becomeActiveMaster2020-11-02 23:04:02,814 INFO  [2c4006997f99:16000.splitLogManager..Chore.1] hbase.ScheduledChore: Chore: SplitLogManager Timeout Monitor was stopped2020-11-02 23:04:03,652 INFO  [master/2c4006997f99:16000] ipc.NettyRpcServer: Stopping server on /252.17.1.2:160002020-11-02 23:04:03,658 INFO  [master/2c4006997f99:16000] regionserver.HRegionServer: Stopping infoServer2020-11-02 23:04:03,871 INFO  [master/2c4006997f99:16000] handler.ContextHandler: Stopped o.e.j.w.WebAppContext@6136998b{/,null,UNAVAILABLE}{file:/hbase/hbase-webapps/master}2020-11-02 23:04:03,877 INFO  [master/2c4006997f99:16000] server.AbstractConnector: Stopped ServerConnector@60d1b21f{HTTP/1.1,[http/1.1]}{0.0.0.0:16010}2020-11-02 23:04:03,878 INFO  [master/2c4006997f99:16000] handler.ContextHandler: Stopped o.e.j.s.ServletContextHandler@aa004a0{/static,file:///hbase/hbase-webapps/static/,UNAVAILABLE}2020-11-02 23:04:03,878 INFO  [master/2c4006997f99:16000] handler.ContextHandler: Stopped o.e.j.s.ServletContextHandler@5965844d{/logs,file:///hbase/logs/,UNAVAILABLE}2020-11-02 23:04:03,888 INFO  [master/2c4006997f99:16000] regionserver.HRegionServer: aborting server 2c4006997f99,16000,16043582374122020-11-02 23:04:03,889 INFO  [master/2c4006997f99:16000] regionserver.HRegionServer: stopping server 2c4006997f99,16000,1604358237412; all regions closed.2020-11-02 23:04:03,889 INFO  [master/2c4006997f99:16000] hbase.ChoreService: Chore service for: master/2c4006997f99:16000 had [] on shutdown2020-11-02 23:04:03,890 INFO  [master/2c4006997f99:16000] region.RegionProcedureStore: Stopping the Region Procedure Store, isAbort=true2020-11-02 23:04:03,894 WARN  [master/2c4006997f99:16000] master.ActiveMasterManager: Failed get of master address: java.io.IOException: Can't get master address from ZooKeeper; znode data == null2020-11-02 23:04:03,894 INFO  [master/2c4006997f99:16000] region.MasterRegion: Closing local region {ENCODED => 1595e783b53d99cd5eef43b6debb2682, NAME => 'master:store,,1.1595e783b53d99cd5eef43b6debb2682.', STARTKEY => '', ENDKEY => ''}, isAbort=true2020-11-02 23:04:03,901 INFO  [master/2c4006997f99:16000] regionserver.HRegion: Closing region master:store,,1.1595e783b53d99cd5eef43b6debb2682.2020-11-02 23:04:03,903 INFO  [master/2c4006997f99:16000] regionserver.HRegion: Closed master:store,,1.1595e783b53d99cd5eef43b6debb2682.2020-11-02 23:04:03,903 INFO  [master/2c4006997f99:16000] hbase.ChoreService: Chore service for: 2c4006997f99:16000.splitLogManager. had [] on shutdown2020-11-02 23:04:03,904 INFO  [master:store-WAL-Roller] wal.AbstractWALRoller: LogRoller exiting.2020-11-02 23:04:03,998 INFO  [ReadOnlyZKClient-252.17.1.5:2181@0x0432f3aa] zookeeper.ZooKeeper: Session: 0x10138d353e5001b closed2020-11-02 23:04:03,998 INFO  [ReadOnlyZKClient-252.17.1.5:2181@0x0432f3aa-EventThread] zookeeper.ClientCnxn: EventThread shut down for session: 0x10138d353e5001b2020-11-02 23:04:04,098 INFO  [master/2c4006997f99:16000] zookeeper.ZooKeeper: Session: 0x10138d353e50018 closed2020-11-02 23:04:04,098 INFO  [master/2c4006997f99:16000] regionserver.HRegionServer: Exiting; stopping=2c4006997f99,16000,1604358237412; zookeeper connection closed.2020-11-02 23:04:04,098 INFO  [main-EventThread] zookeeper.ClientCnxn: EventThread shut down for session: 0x10138d353e500182020-11-02 23:04:04,099 ERROR [main] master.HMasterCommandLine: Master exitingjava.lang.RuntimeException: HMaster Aborted           at org.apache.hadoop.hbase.master.HMasterCommandLine.startMaster(HMasterCommandLine.java:244)           at org.apache.hadoop.hbase.master.HMasterCommandLine.run(HMasterCommandLine.java:140)           at org.apache.hadoop.util.ToolRunner.run(ToolRunner.java:76)           at org.apache.hadoop.hbase.util.ServerCommandLine.doMain(ServerCommandLine.java:149)           at org.apache.hadoop.hbase.master.HMaster.main(HMaster.java:3072)
{code}
 

It can be reproduced through the following steps:
 # Start up a cluster of version 2.2.0-RC0 with 3 nodes
 # Use hbase pe to write data. 
 # 
{code:java}
/hbase/bin/hbase pe --nomapred --oneCon=true --valueSize=10 --rows=100 sequentialWrite 1
{code}

 # Stop the cluster:
 ## using the graceful_stop.sh to stop all regionservers.
 ## Then run stop-hbase.sh
 #  Upgrade the node to branch-2.3
 # After upgraded, as the log, hbase--master-2c4006997f99.log, suggested, HMaster failed to start.",1
HBASE-13315739,13315739,Turn OFF Canary WebUI as default,"See parent issue. There is a CLASSPATH issue when running against hadoop3 that needs resolving. Meantime, the canary fails to run with a cryptic message. This will surprise operators. Let me make it so you ask for the canary webui; by default, it does not come up.",Major,Duplicate,Resolved,08/Jul/20 22:25,08/Jul/20 22:54,"Turn OFF Canary WebUI as default. See parent issue. There is a CLASSPATH issue when running against hadoop3 that needs resolving. Meantime, the canary fails to run with a cryptic message. This will surprise operators. Let me make it so you ask for the canary webui; by default, it does not come up.",0
HBASE-13333720,13333720,Set java.io.tmpdir to project build directory to avoid writing std*deferred files to /tmp,,Major,Fixed,Resolved,05/Oct/20 12:48,06/Oct/20 00:48,Set java.io.tmpdir to project build directory to avoid writing std*deferred files to /tmp.,0
HBASE-13517033,13517033,[JDK17] Update shade plugin version,"maven-shade-plugin:3.2.4 cannot support JDK17, if build HBase with releaseTarget=17 will meet this error:

!image-2023-01-06-18-54-09-703.png!

So need to update it's version.",Minor,Fixed,Resolved,06/Jan/23 10:54,20/Jan/23 05:33,"[JDK17] Update shade plugin version. maven-shade-plugin:3.2.4 cannot support JDK17, if build HBase with releaseTarget=17 will meet this error:

!image-2023-01-06-18-54-09-703.png!

So need to update it's version.",0
HBASE-13525833,13525833,Set size of systable queue in UT,"TestSlowLogAccessor#testHigherSlowLogs failed in my CI pipeline.

!image-2023-02-23-14-52-38-867.png|width=654,height=409!

!image-2023-02-23-14-53-02-177.png|width=702,height=328!

SlowLogPersistentService use an [EvictingQueue|https://github.com/apache/hbase/blob/22dbb7afc383b9b9a8678f2c9eca1dca31784615/hbase-server/src/main/java/org/apache/hadoop/hbase/namequeues/SlowLogPersistentService.java#L58] to handle slowLogs. and default size is 1000.

So when the write speed is fast, this UT cannot guarantee that more than 2000 slowLogs will be stored in the table (they will be evicted in the queue).",Major,Fixed,Resolved,23/Feb/23 06:52,25/Feb/23 15:58,"Set size of systable queue in UT. TestSlowLogAccessor#testHigherSlowLogs failed in my CI pipeline.

!image-2023-02-23-14-52-38-867.png|width=654,height=409!

!image-2023-02-23-14-53-02-177.png|width=702,height=328!

SlowLogPersistentService use an [EvictingQueue|https://github.com/apache/hbase/blob/22dbb7afc383b9b9a8678f2c9eca1dca31784615/hbase-server/src/main/java/org/apache/hadoop/hbase/namequeues/SlowLogPersistentService.java#L58] to handle slowLogs. and default size is 1000.

So when the write speed is fast, this UT cannot guarantee that more than 2000 slowLogs will be stored in the table (they will be evicted in the queue).",0
HBASE-13500317,13500317,Use different jdks when running hadoopcheck in personality scripts,,Critical,Fixed,Resolved,09/Nov/22 03:32,10/Nov/22 15:22,Use different jdks when running hadoopcheck in personality scripts.,1
HBASE-13375755,13375755,RSGroupBasedLoadBalancer.onConfigurationChange should chain the request to internal balancer,,Major,Fixed,Resolved,29/Apr/21 06:53,30/Apr/21 15:15,RSGroupBasedLoadBalancer.onConfigurationChange should chain the request to internal balancer.,0
HBASE-13544215,13544215,NPE in MigrateReplicationQueueFromZkToTableProcedure recovery,"MigrateReplicationQueueFromZkToTableProcedure will restore the disabled state of replication log cleaner barrier when replayed in master recovery,
{code:java}
@Override
protected void afterReplay(MasterProcedureEnv env) {
  if (getCurrentState() == getInitialState()) {
    // do not need to disable log cleaner or acquire lock if we are in the initial state, later
    // when executing the procedure we will try to disable and acquire.
    return;
  }
  if (!env.getReplicationPeerManager().getReplicationLogCleanerBarrier().disable()) {
    throw new IllegalStateException(""can not disable log cleaner, this should not happen"");
  }
} {code}


however the replicationPeerManager has not been initialized when replay procedure, which will cause a nullPointerException and master to abort.

Maybe better to add a check after the initialization of replicationPeerManager to determine whether replication log cleaner barrier needs to be disabled ?",Trivial,Fixed,Resolved,20/Jul/23 04:56,22/Jul/23 13:28,"NPE in MigrateReplicationQueueFromZkToTableProcedure recovery. MigrateReplicationQueueFromZkToTableProcedure will restore the disabled state of replication log cleaner barrier when replayed in master recovery,
{code:java}
@Override
protected void afterReplay(MasterProcedureEnv env) {
  if (getCurrentState() == getInitialState()) {
    // do not need to disable log cleaner or acquire lock if we are in the initial state, later
    // when executing the procedure we will try to disable and acquire.
    return;
  }
  if (!env.getReplicationPeerManager().getReplicationLogCleanerBarrier().disable()) {
    throw new IllegalStateException(""can not disable log cleaner, this should not happen"");
  }
} {code}


however the replicationPeerManager has not been initialized when replay procedure, which will cause a nullPointerException and master to abort.

Maybe better to add a check after the initialization of replicationPeerManager to determine whether replication log cleaner barrier needs to be disabled ?",0
HBASE-13414278,13414278,Separate the blockcache enabled key and cache data on read key,"Currently, we use CACHE_DATA_ON_READ_KEY as BLOCKCACHE_ENABLED. This makes the usage ambiguous. 
In my opinion, we should use a flag to control the on/off of the whole blockcache and one another flag to control if we cache data blocks on read (cache on write stay the same).
I added a new BLOCKCACHE_ENABLED key to make the name and usage more clear. However, there are some cache logic changes, for which I changes the related UTs a little bit in my MR. 
Hope to have a discussion about the cache logic then.",Minor,Won't Do,Resolved,29/Nov/21 11:22,14/Dec/21 05:26,"Separate the blockcache enabled key and cache data on read key. Currently, we use CACHE_DATA_ON_READ_KEY as BLOCKCACHE_ENABLED. This makes the usage ambiguous. 
In my opinion, we should use a flag to control the on/off of the whole blockcache and one another flag to control if we cache data blocks on read (cache on write stay the same).
I added a new BLOCKCACHE_ENABLED key to make the name and usage more clear. However, there are some cache logic changes, for which I changes the related UTs a little bit in my MR. 
Hope to have a discussion about the cache logic then.",0
HBASE-13304143,13304143,Use rubocop 0.81.0 in Dockerfile,Nightly branch-2.2 docker image is broken as a result of rubocop 0.82.0 which dropped support for Ruby 2.3,Blocker,Fixed,Resolved,11/May/20 15:18,12/May/20 08:36,Use rubocop 0.81.0 in Dockerfile. Nightly branch-2.2 docker image is broken as a result of rubocop 0.82.0 which dropped support for Ruby 2.3,1
HBASE-13592663,13592663,Implement proper string builder for MoveRegionRequest in ProtobufUtil.getShortTextFormat ,"While looking into an issue where I was trying to debug MoveRegion, came across this responseTooSlow log where the params aren't properly build for MoveRegionRequest. Would be good to properly formulate this so that we know the regionName and other details.
{code:java}
ipc.RpcServer - (responseTooSlow): {""call"":""MoveRegion(org.apache.hadoop.hbase.shaded.protobuf.generated.MasterProtos$MoveRegionRequest)"",""starttimems"":""<>"",""responsesize"":""0"",""method"":""MoveRegion"",""param"":""TODO: class org.apache.hadoop.hbase.shaded.protobuf.generated.MasterProtos$MoveRegionRequest"",""processingtimems"":830247,""client"":""<>"",""queuetimems"":0,""class"":""HMaster""}{code}",Major,Fixed,Resolved,20/Sep/24 04:57,14/Oct/24 07:38,"Implement proper string builder for MoveRegionRequest in ProtobufUtil.getShortTextFormat . While looking into an issue where I was trying to debug MoveRegion, came across this responseTooSlow log where the params aren't properly build for MoveRegionRequest. Would be good to properly formulate this so that we know the regionName and other details.
{code:java}
ipc.RpcServer - (responseTooSlow): {""call"":""MoveRegion(org.apache.hadoop.hbase.shaded.protobuf.generated.MasterProtos$MoveRegionRequest)"",""starttimems"":""<>"",""responsesize"":""0"",""method"":""MoveRegion"",""param"":""TODO: class org.apache.hadoop.hbase.shaded.protobuf.generated.MasterProtos$MoveRegionRequest"",""processingtimems"":830247,""client"":""<>"",""queuetimems"":0,""class"":""HMaster""}{code}",0
HBASE-13410156,13410156,Modify download page to mention that 2.4.x is the stable release line,"We have updated the pointer in the dist, but our download page still marks 2.3.x as the stable release line.",Major,Fixed,Resolved,05/Nov/21 01:40,05/Nov/21 15:55,"Modify download page to mention that 2.4.x is the stable release line. We have updated the pointer in the dist, but our download page still marks 2.3.x as the stable release line.",0
HBASE-13300837,13300837,"When fixOverlap hits the max region limit, it is possible to include the same region in multiple merge request","If the same region is included in multiple merge requests, the first merge cleans up the region state, the second merge request will fail with error msg ""No state for region ****"". The algo needs to be improved to make sure the same region is not included in multi merge requests.",Major,Fixed,Resolved,24/Apr/20 16:50,12/May/20 16:58,"When fixOverlap hits the max region limit, it is possible to include the same region in multiple merge request. If the same region is included in multiple merge requests, the first merge cleans up the region state, the second merge request will fail with error msg ""No state for region ****"". The algo needs to be improved to make sure the same region is not included in multi merge requests.",0
HBASE-13449645,13449645,Revert HBASE-25709,"HBASE-25709 has caused regression for large rows scan results and since the change has already been released to 2.4.11, creating this Jira to track it's revert.",Blocker,Fixed,Resolved,12/Jun/22 01:41,12/Jun/22 17:40,"Revert HBASE-25709. HBASE-25709 has caused regression for large rows scan results and since the change has already been released to 2.4.11, creating this Jira to track it's revert.",1
HBASE-13340877,13340877,Document how to enable the meta replica load balance mode for the client and clean up around hbase:meta read replicas,Need to document how to enable meta replica Load Balance mode for clients.,Major,Fixed,Closed,16/Nov/20 17:08,20/Nov/20 23:50,Document how to enable the meta replica load balance mode for the client and clean up around hbase:meta read replicas. Need to document how to enable meta replica Load Balance mode for clients.,0
HBASE-13328188,13328188,Fan out the edits to root to backup masters,,Major,,In Progress,18/Sep/20 07:15,,Fan out the edits to root to backup masters.,0
HBASE-13309097,13309097,Include jetty-schemas so that xml parsing does not need to hit sun/oracle urls.,,Minor,Incomplete,Resolved,03/Jun/20 04:09,06/Oct/20 00:56,Include jetty-schemas so that xml parsing does not need to hit sun/oracle urls..,0
HBASE-13309856,13309856,The default readRpcTimeout and writeRpcTimeout is incorrectly calculated in AsyncConnectionConfiguration,,Critical,Fixed,Resolved,06/Jun/20 10:55,07/Jun/20 10:40,The default readRpcTimeout and writeRpcTimeout is incorrectly calculated in AsyncConnectionConfiguration.,1
HBASE-13600535,13600535,Upgrade JAX-WS to to 2.3.7,"The current version is old and pulls in a lot of CVEs.

-The jaxws-ri artifact is for the binary assembly, jaxws-rt is the one to be used from maven.-
-(Actual dependencies should be identical)-",Major,Fixed,Resolved,02/Dec/24 07:15,10/Jan/25 06:19,"Upgrade JAX-WS to to 2.3.7. The current version is old and pulls in a lot of CVEs.

-The jaxws-ri artifact is for the binary assembly, jaxws-rt is the one to be used from maven.-
-(Actual dependencies should be identical)-",0
HBASE-13551318,13551318,"protobuf-java core and lite versions prior to 3.21.7, 3.20.3, 3.19.6 and 3.16.3 is vulnerable to CVE-2022-3509","protobuf-java 3.23.2  causing increasing disk usage. Because of this we are not in position to upgrade protobuf to latest version.

we are currently using hbase 2.4.13 which uses protobuf version older than 3.23.2 which is vulnerable to cve.

is there any latest hbase and hadoop version available which is using protobuf version 3.23.2? ",Major,,Open,20/Sep/23 04:57,,"protobuf-java core and lite versions prior to 3.21.7, 3.20.3, 3.19.6 and 3.16.3 is vulnerable to CVE-2022-3509. protobuf-java 3.23.2  causing increasing disk usage. Because of this we are not in position to upgrade protobuf to latest version.

we are currently using hbase 2.4.13 which uses protobuf version older than 3.23.2 which is vulnerable to cve.

is there any latest hbase and hadoop version available which is using protobuf version 3.23.2?",0
HBASE-13573669,13573669,Integration of time-based priority caching into cacheOnRead read code paths.,"This Jira tracks the integration of time-based caching framework APIs into read code paths.



Thanks,

Janardhan

 ",Major,Fixed,Resolved,28/Mar/24 10:43,22/May/24 18:47,"Integration of time-based priority caching into cacheOnRead read code paths.. This Jira tracks the integration of time-based caching framework APIs into read code paths.



Thanks,

Janardhan",0
HBASE-13322650,13322650,Fix the shellcheck download url,"*10:43:08* You are downloading ShellCheck from an outdated URL! *10:43:08* *10:43:08* Please update to the new URL: *10:43:08* [https://github.com/koalaman/shellcheck/releases/download/stable/shellcheck-stable.linux.x86_64.tar.xz] *10:43:08* *10:43:08* For more information, see: *10:43:08* [https://github.com/koalaman/shellcheck/issues/1871] *10:43:08* *10:43:08* PS: Sorry for breaking your build :( *10:43:08* You are downloading ShellCheck from an outdated URL!",Major,Fixed,Resolved,14/Aug/20 03:11,17/Aug/20 06:14,"Fix the shellcheck download url. *10:43:08* You are downloading ShellCheck from an outdated URL! *10:43:08* *10:43:08* Please update to the new URL: *10:43:08* [https://github.com/koalaman/shellcheck/releases/download/stable/shellcheck-stable.linux.x86_64.tar.xz] *10:43:08* *10:43:08* For more information, see: *10:43:08* [https://github.com/koalaman/shellcheck/issues/1871] *10:43:08* *10:43:08* PS: Sorry for breaking your build :( *10:43:08* You are downloading ShellCheck from an outdated URL!",0
HBASE-13459971,13459971,Under compaction mark may leak,"HBASE-26249 introduced an under compaction mark to reduce repeatedly compactions for the same stores for a short period of time after bulk loading files.

Since the mark adding and removing are in difference threads,
{code:java}
pool.execute(
  new CompactionRunner(store, region, compaction, tracker, completeTracker, pool, user));
if (LOG.isDebugEnabled()) {
  LOG.debug(
    ""Add compact mark for store {}, priority={}, current under compaction ""
      + ""store size is {}"",
    getStoreNameForUnderCompaction(store), priority, underCompactionStores.size());
}
underCompactionStores.add(getStoreNameForUnderCompaction(store)); {code}
 it happens that the concurrently of thread-1 using underCompactionStores.add() and thread-2 which running a CompactionRunner that using underCompactionStores.remove(). If the removing happens before adding, the mark will leak.",Major,Fixed,Resolved,23/Jun/22 05:05,29/Aug/22 17:25,"Under compaction mark may leak. HBASE-26249 introduced an under compaction mark to reduce repeatedly compactions for the same stores for a short period of time after bulk loading files.

Since the mark adding and removing are in difference threads,
{code:java}
pool.execute(
  new CompactionRunner(store, region, compaction, tracker, completeTracker, pool, user));
if (LOG.isDebugEnabled()) {
  LOG.debug(
    ""Add compact mark for store {}, priority={}, current under compaction ""
      + ""store size is {}"",
    getStoreNameForUnderCompaction(store), priority, underCompactionStores.size());
}
underCompactionStores.add(getStoreNameForUnderCompaction(store)); {code}
 it happens that the concurrently of thread-1 using underCompactionStores.add() and thread-2 which running a CompactionRunner that using underCompactionStores.remove(). If the removing happens before adding, the mark will leak.",0
HBASE-13322359,13322359,Fix hbase-shell access to ModifiableTableDescriptor methods,"HBASE-20819 prepared us for HBase 3.x by removing usages of the deprecated HTableDescriptor and HColumnDescriptor classes from the shell. However, it did use two methods from the ModifiableTableDescriptor, which was only public for compatibility/migration and was marked with {{@InterfaceAudience.Private}}. When {{ModifiableTableDescriptor}} was made private last week by HBASE-24507 it broke two hbase-shell commands (*describe* and *alter* when used to set a coprocessor) that were using methods from {{ModifiableTableDescriptor}} (these methods are not present on the general {{TableDescriptor}} interface).

This story will remove the two references in hbase-shell to methods on the now-private {{ModifiableTableDescriptor}} class and will find appropriate replacements for the calls.",Major,Fixed,Resolved,12/Aug/20 20:18,18/Aug/20 20:01,"Fix hbase-shell access to ModifiableTableDescriptor methods. HBASE-20819 prepared us for HBase 3.x by removing usages of the deprecated HTableDescriptor and HColumnDescriptor classes from the shell. However, it did use two methods from the ModifiableTableDescriptor, which was only public for compatibility/migration and was marked with {{@InterfaceAudience.Private}}. When {{ModifiableTableDescriptor}} was made private last week by HBASE-24507 it broke two hbase-shell commands (*describe* and *alter* when used to set a coprocessor) that were using methods from {{ModifiableTableDescriptor}} (these methods are not present on the general {{TableDescriptor}} interface).

This story will remove the two references in hbase-shell to methods on the now-private {{ModifiableTableDescriptor}} class and will find appropriate replacements for the calls.",0
HBASE-13277245,13277245,DeadServer cleanup,"Cleanup of DeadServer class shutting down access, undoing duplication, adding doc., and removing unused code.

One change is that we do not remove a server from 'processing' list when we 'remove' deadservers; we let SCP do it since it owns processing list (Saw issue where on fast restart of a server, the server was removed from deadserver and from processing list though the SCP for the dead server was still running -- no repercussions that I could see but a little confusing).",Minor,Fixed,Resolved,02/Jan/20 17:39,03/Jan/20 04:26,"DeadServer cleanup. Cleanup of DeadServer class shutting down access, undoing duplication, adding doc., and removing unused code.

One change is that we do not remove a server from 'processing' list when we 'remove' deadservers; we let SCP do it since it owns processing list (Saw issue where on fast restart of a server, the server was removed from deadserver and from processing list though the SCP for the dead server was still running -- no repercussions that I could see but a little confusing).",0
HBASE-13314107,13314107,Address asciidoc warnings about images,"Noticed this while tailing the log for 2.3.0rc1. I assume this is related to generating the PDF version of the book. Should verify these images do indeed make it into the pdf.

{noformat}
17:15:36 [INFO] asciidoctor: WARN: image to embed not found or not readable: /home/vagrant/hbase-rm/output/hbase/src/main/asciidoc/images/WAL_splitting.png
17:16:37 [INFO] asciidoctor: WARN: image to embed not found or not readable: /home/vagrant/hbase-rm/output/hbase/src/main/asciidoc/images/master-snapshot.png                                         
17:16:37 [INFO] asciidoctor: WARN: image to embed not found or not readable: /home/vagrant/hbase-rm/output/hbase/src/main/asciidoc/images/1-snapshot.png
17:16:37 [INFO] asciidoctor: WARN: image to embed not found or not readable: /home/vagrant/hbase-rm/output/hbase/src/main/asciidoc/images/2-snapshots.png
17:16:37 [INFO] asciidoctor: WARN: image to embed not found or not readable: /home/vagrant/hbase-rm/output/hbase/src/main/asciidoc/images/empty-snapshots.png
17:17:03 [INFO] asciidoctor: WARN: GIF image format not supported. Install the prawn-gmagick gem or convert https://hbase.apache.org/hbtop-images/top_screen.gif to PNG.                              
17:17:03 [INFO] asciidoctor: WARN: GIF image format not supported. Install the prawn-gmagick gem or convert https://hbase.apache.org/hbtop-images/scrolling_metric_records.gif to PNG.
17:17:04 [INFO] asciidoctor: WARN: GIF image format not supported. Install the prawn-gmagick gem or convert https://hbase.apache.org/hbtop-images/changing_mode.gif to PNG.
17:17:04 [INFO] asciidoctor: WARN: GIF image format not supported. Install the prawn-gmagick gem or convert https://hbase.apache.org/hbtop-images/changing_refresh_delay.gif to PNG.
17:17:04 [INFO] asciidoctor: WARN: GIF image format not supported. Install the prawn-gmagick gem or convert https://hbase.apache.org/hbtop-images/changing_displayed_fields.gif to PNG.               
17:17:04 [INFO] asciidoctor: WARN: GIF image format not supported. Install the prawn-gmagick gem or convert https://hbase.apache.org/hbtop-images/changing_sort_field.gif to PNG.
17:17:04 [INFO] asciidoctor: WARN: GIF image format not supported. Install the prawn-gmagick gem or convert https://hbase.apache.org/hbtop-images/changing_order_of_fields.gif to PNG.
17:17:04 [INFO] asciidoctor: WARN: GIF image format not supported. Install the prawn-gmagick gem or convert https://hbase.apache.org/hbtop-images/adding_filters.gif to PNG.
17:17:04 [INFO] asciidoctor: WARN: GIF image format not supported. Install the prawn-gmagick gem or convert https://hbase.apache.org/hbtop-images/showing_and_clearing_filters.gif to PNG.
17:17:04 [INFO] asciidoctor: WARN: GIF image format not supported. Install the prawn-gmagick gem or convert https://hbase.apache.org/hbtop-images/driling_down.gif to PNG.
17:17:04 [INFO] asciidoctor: WARN: GIF image format not supported. Install the prawn-gmagick gem or convert https://hbase.apache.org/hbtop-images/help_screen.gif to PNG.
{noformat}",Major,,Open,29/Jun/20 17:20,,"Address asciidoc warnings about images. Noticed this while tailing the log for 2.3.0rc1. I assume this is related to generating the PDF version of the book. Should verify these images do indeed make it into the pdf.

{noformat}
17:15:36 [INFO] asciidoctor: WARN: image to embed not found or not readable: /home/vagrant/hbase-rm/output/hbase/src/main/asciidoc/images/WAL_splitting.png
17:16:37 [INFO] asciidoctor: WARN: image to embed not found or not readable: /home/vagrant/hbase-rm/output/hbase/src/main/asciidoc/images/master-snapshot.png                                         
17:16:37 [INFO] asciidoctor: WARN: image to embed not found or not readable: /home/vagrant/hbase-rm/output/hbase/src/main/asciidoc/images/1-snapshot.png
17:16:37 [INFO] asciidoctor: WARN: image to embed not found or not readable: /home/vagrant/hbase-rm/output/hbase/src/main/asciidoc/images/2-snapshots.png
17:16:37 [INFO] asciidoctor: WARN: image to embed not found or not readable: /home/vagrant/hbase-rm/output/hbase/src/main/asciidoc/images/empty-snapshots.png
17:17:03 [INFO] asciidoctor: WARN: GIF image format not supported. Install the prawn-gmagick gem or convert https://hbase.apache.org/hbtop-images/top_screen.gif to PNG.                              
17:17:03 [INFO] asciidoctor: WARN: GIF image format not supported. Install the prawn-gmagick gem or convert https://hbase.apache.org/hbtop-images/scrolling_metric_records.gif to PNG.
17:17:04 [INFO] asciidoctor: WARN: GIF image format not supported. Install the prawn-gmagick gem or convert https://hbase.apache.org/hbtop-images/changing_mode.gif to PNG.
17:17:04 [INFO] asciidoctor: WARN: GIF image format not supported. Install the prawn-gmagick gem or convert https://hbase.apache.org/hbtop-images/changing_refresh_delay.gif to PNG.
17:17:04 [INFO] asciidoctor: WARN: GIF image format not supported. Install the prawn-gmagick gem or convert https://hbase.apache.org/hbtop-images/changing_displayed_fields.gif to PNG.               
17:17:04 [INFO] asciidoctor: WARN: GIF image format not supported. Install the prawn-gmagick gem or convert https://hbase.apache.org/hbtop-images/changing_sort_field.gif to PNG.
17:17:04 [INFO] asciidoctor: WARN: GIF image format not supported. Install the prawn-gmagick gem or convert https://hbase.apache.org/hbtop-images/changing_order_of_fields.gif to PNG.
17:17:04 [INFO] asciidoctor: WARN: GIF image format not supported. Install the prawn-gmagick gem or convert https://hbase.apache.org/hbtop-images/adding_filters.gif to PNG.
17:17:04 [INFO] asciidoctor: WARN: GIF image format not supported. Install the prawn-gmagick gem or convert https://hbase.apache.org/hbtop-images/showing_and_clearing_filters.gif to PNG.
17:17:04 [INFO] asciidoctor: WARN: GIF image format not supported. Install the prawn-gmagick gem or convert https://hbase.apache.org/hbtop-images/driling_down.gif to PNG.
17:17:04 [INFO] asciidoctor: WARN: GIF image format not supported. Install the prawn-gmagick gem or convert https://hbase.apache.org/hbtop-images/help_screen.gif to PNG.
{noformat}",0
HBASE-13406597,13406597,Use gen_redirect_html for linking test logs,"It is introduced in HBASE-26341, for linking the flaky dashboard.

We could also use it to link test logs.",Major,Fixed,Resolved,14/Oct/21 15:11,17/Oct/21 15:28,"Use gen_redirect_html for linking test logs. It is introduced in HBASE-26341, for linking the flaky dashboard.

We could also use it to link test logs.",0
HBASE-13282077,13282077,[OpenTracing] Migrate from HTrace to OpenTracing (Java code),,Major,Won't Fix,Resolved,28/Jan/20 22:49,24/Dec/20 02:40,[OpenTracing] Migrate from HTrace to OpenTracing (Java code).,0
HBASE-13311564,13311564,Bump version on branch-2.3 to 2.3.1-SNAPSHOT,Upgrade pom version after successful 2.3.0 release.,Major,Invalid,Resolved,15/Jun/20 21:26,17/Jun/20 21:18,Bump version on branch-2.3 to 2.3.1-SNAPSHOT. Upgrade pom version after successful 2.3.0 release.,0
HBASE-13287357,13287357,PreCommit-HBASE-Build ignores the `ATTACHMENT_ID` provided by PreCommit-Admin,"It appears that we've dropped the parameter {{ATTACHMENT_ID}} from our {{PreCommit-HBASE-Build}} job. (It may be the case that Yetus's {{test-patch}} doesn't support specifying what attachment id to test.) The result, I believe, is that when a Jira issue has patches attached for more than one branch, we only get precommit testing on the patch for master.",Major,Won't Fix,Resolved,24/Feb/20 22:27,30/Oct/20 22:48,"PreCommit-HBASE-Build ignores the `ATTACHMENT_ID` provided by PreCommit-Admin. It appears that we've dropped the parameter {{ATTACHMENT_ID}} from our {{PreCommit-HBASE-Build}} job. (It may be the case that Yetus's {{test-patch}} doesn't support specifying what attachment id to test.) The result, I believe, is that when a Jira issue has patches attached for more than one branch, we only get precommit testing on the patch for master.",0
HBASE-13323918,13323918,Should call setFailure in MergeTableRegionsProcedure when isMergeable returns false,,Major,Fixed,Resolved,21/Aug/20 09:07,21/Aug/20 14:43,Should call setFailure in MergeTableRegionsProcedure when isMergeable returns false.,0
HBASE-13299363,13299363,Update Apache POM to version 23 for hbase-thirdparty,Version 23 for the Apache parent POM has been released. We should update the hbase-thirdparty to use this one.,Minor,Fixed,Resolved,18/Apr/20 11:07,23/Apr/20 15:14,Update Apache POM to version 23 for hbase-thirdparty. Version 23 for the Apache parent POM has been released. We should update the hbase-thirdparty to use this one.,0
HBASE-13330666,13330666,warmupRegion frustrates registering WALs on the catalog replicationsource,"Writing a test for HBASE-25145

I noticed that the warmupRegion call triggered by the Master on Region move mess-up registering hbase:meta ReplicationSource. Add accommodation.",Major,Fixed,Closed,03/Oct/20 08:36,07/Oct/20 18:22,"warmupRegion frustrates registering WALs on the catalog replicationsource. Writing a test for HBASE-25145

I noticed that the warmupRegion call triggered by the Master on Region move mess-up registering hbase:meta ReplicationSource. Add accommodation.",0
HBASE-13288009,13288009,move_namespaces_rsgroup is not moving namespace into desired rsgroup,"When creating a namespace and specifying a rs group in hbase.rsgroup.name, the namespace gets associated with the mentioned rs group. However later, the namespace does not move to another rs group when using ""move_namespace_rsgroup"".

 

Steps to reproduce the issue:
 # create a rs group 'r1' and add a region server in it.
 # *create_namespace 'namespace',\{METHOD => 'set', 'hbase.rsgroup.name' => 'r1'}*
 # *describe_namespace 'namespace'*
 # *move_namespaces_rsgroup 'default',['namespace']*
 # *describe_namespace 'namespace'*

Before moving the namespace into another rs group, it will show rsgroup r1 but even after the step 4, it still shows same description of the namespace. This bug is not allowing me to remove a rs group because it keeps on telling ""r1 cannot be deleted as namespace 'namespace' is still associated with the rs group 'r1' "".

 

 

 

 ",Major,Invalid,Resolved,27/Feb/20 10:47,17/Mar/20 06:01,"move_namespaces_rsgroup is not moving namespace into desired rsgroup. When creating a namespace and specifying a rs group in hbase.rsgroup.name, the namespace gets associated with the mentioned rs group. However later, the namespace does not move to another rs group when using ""move_namespace_rsgroup"".

 

Steps to reproduce the issue:
 # create a rs group 'r1' and add a region server in it.
 # *create_namespace 'namespace',\{METHOD => 'set', 'hbase.rsgroup.name' => 'r1'}*
 # *describe_namespace 'namespace'*
 # *move_namespaces_rsgroup 'default',['namespace']*
 # *describe_namespace 'namespace'*

Before moving the namespace into another rs group, it will show rsgroup r1 but even after the step 4, it still shows same description of the namespace. This bug is not allowing me to remove a rs group because it keeps on telling ""r1 cannot be deleted as namespace 'namespace' is still associated with the rs group 'r1' "".",0
HBASE-13354738,13354738,hbase 3.0.0 example source not usable due to hbase-asyncfs-3.0.0-SNAPSHOT jar not found,"tried to run maven on the example client pom for hbase 3.0.0. 

[ERROR] Failed to execute goal on project hbase-examples: Could not resolve dependencies for project org.apache.hbase:hbase-examples:jar:3.0.0-SNAPSHOT: The following artifacts could not be resolved: org.apache.hbase:hbase-asyncfs:jar:3.0.0-SNAPSHOT, org.apache.hbase:hbase-replication:jar:3.0.0-SNAPSHOT: Failure to find org.apache.hbase:hbase-asyncfs:jar:3.0.0-SNAPSHOT in https://repository.apache.org/snapshots was cached in the local repository, resolution will not be reattempted until the update interval of apache.snapshots has elapsed or updates are forced -> [Help 1]

 

I can't seem to find this jar and the link that points to the jar is dead. ",Major,Invalid,Resolved,26/Jan/21 18:43,05/Feb/21 22:03,"hbase 3.0.0 example source not usable due to hbase-asyncfs-3.0.0-SNAPSHOT jar not found. tried to run maven on the example client pom for hbase 3.0.0. 

[ERROR] Failed to execute goal on project hbase-examples: Could not resolve dependencies for project org.apache.hbase:hbase-examples:jar:3.0.0-SNAPSHOT: The following artifacts could not be resolved: org.apache.hbase:hbase-asyncfs:jar:3.0.0-SNAPSHOT, org.apache.hbase:hbase-replication:jar:3.0.0-SNAPSHOT: Failure to find org.apache.hbase:hbase-asyncfs:jar:3.0.0-SNAPSHOT in https://repository.apache.org/snapshots was cached in the local repository, resolution will not be reattempted until the update interval of apache.snapshots has elapsed or updates are forced -> [Help 1]

 

I can't seem to find this jar and the link that points to the jar is dead.",0
HBASE-13480162,13480162,Online schema migration causes the master to report a very high or negative number of QPS,"We've seen this a few times when making an online schema change, e.g.:
{code:java}
alter 'foo', {NAME=>'e',VERSIONS=>'2147483646'} {code}
This causes the master to briefly show extremely high QPS per regionserver, and probably causes an integer overflow in the sum.

!Screen Shot 2022-09-05 at 18.31.00.png|width=859,height=323!

...

!Screen Shot 2022-09-05 at 18.31.06.png|width=856,height=322!

This could be related to the issue reported in HBASE-27242.",Minor,,Open,05/Sep/22 16:53,,"Online schema migration causes the master to report a very high or negative number of QPS. We've seen this a few times when making an online schema change, e.g.:
{code:java}
alter 'foo', {NAME=>'e',VERSIONS=>'2147483646'} {code}
This causes the master to briefly show extremely high QPS per regionserver, and probably causes an integer overflow in the sum.

!Screen Shot 2022-09-05 at 18.31.00.png|width=859,height=323!

...

!Screen Shot 2022-09-05 at 18.31.06.png|width=856,height=322!

This could be related to the issue reported in HBASE-27242.",0
HBASE-13325378,13325378,Wait for connection attempt to succeed before performing operations on ZK,"{color:#1d1c1d}Creating the connection with ZK  is asynchronous and notified via the passed in watcher about the  successful connection event. When we attempt any operations, we try to create a connection and then perform a read/write ({color}{color:#1d1c1d}[https://github.com/apache/hbase/blob/979edfe72046b2075adcc869c65ae820e6f3ec2d/hbase-zookeeper/src/main/java/org/apache/hadoop/hbase/zookeeper/RecoverableZooKeeper.java#L323]{color}{color:#1d1c1d}) without really waiting for the notification event ([https://github.com/apache/hbase/blob/979edfe72046b2075adcc869c65ae820e6f3ec2d/hbase-zookeeper/src/main/java/org/apache/hadoop/hbase/zookeeper/ZKWatcher.java#L582)]{color}

 

{color:#1d1c1d}It is possible we get ConnectionLoss errors when we perform operations on ZK without waiting for the connection attempt to succeed{color}",Minor,,In Progress,31/Aug/20 18:01,,"Wait for connection attempt to succeed before performing operations on ZK. {color:#1d1c1d}Creating the connection with ZK  is asynchronous and notified via the passed in watcher about the  successful connection event. When we attempt any operations, we try to create a connection and then perform a read/write ({color}{color:#1d1c1d}[https://github.com/apache/hbase/blob/979edfe72046b2075adcc869c65ae820e6f3ec2d/hbase-zookeeper/src/main/java/org/apache/hadoop/hbase/zookeeper/RecoverableZooKeeper.java#L323]{color}{color:#1d1c1d}) without really waiting for the notification event ([https://github.com/apache/hbase/blob/979edfe72046b2075adcc869c65ae820e6f3ec2d/hbase-zookeeper/src/main/java/org/apache/hadoop/hbase/zookeeper/ZKWatcher.java#L582)]{color}

 

{color:#1d1c1d}It is possible we get ConnectionLoss errors when we perform operations on ZK without waiting for the connection attempt to succeed{color}",0
HBASE-13465443,13465443,Potential race condition in WorkerAssigner,"Multiple SplitWALProcedures share the same WorkerAssigner instance, so there is potential race condition because the suspend and the wake method are not synchronized.",Minor,,Open,24/Jun/22 05:13,,"Potential race condition in WorkerAssigner. Multiple SplitWALProcedures share the same WorkerAssigner instance, so there is potential race condition because the suspend and the wake method are not synchronized.",0
HBASE-13529082,13529082,NPE in TestBasicWALEntryStreamFSHLog.testEOFExceptionInOldWALsDirectory,"https://ci-hbase.apache.org/job/HBase-Flaky-Tests/job/master/7985/testReport/junit/org.apache.hadoop.hbase.replication.regionserver/TestBasicWALEntryStreamFSHLog/testEOFExceptionInOldWALsDirectory_1__isCompressionEnabled_true_/
{noformat}
java.lang.NullPointerException
	at org.apache.hadoop.hbase.wal.AbstractFSWALProvider.findArchivedLog(AbstractFSWALProvider.java:488)
	at org.apache.hadoop.hbase.replication.regionserver.TestBasicWALEntryStream.testEOFExceptionInOldWALsDirectory(TestBasicWALEntryStream.java:771)
	at sun.reflect.NativeMethodAccessorImpl.invoke0(Native Method)
	at sun.reflect.NativeMethodAccessorImpl.invoke(NativeMethodAccessorImpl.java:62)
	at sun.reflect.DelegatingMethodAccessorImpl.invoke(DelegatingMethodAccessorImpl.java:43)
	at java.lang.reflect.Method.invoke(Method.java:498)
	at org.junit.runners.model.FrameworkMethod$1.runReflectiveCall(FrameworkMethod.java:59)
	at org.junit.internal.runners.model.ReflectiveCallable.run(ReflectiveCallable.java:12)
	at org.junit.runners.model.FrameworkMethod.invokeExplosively(FrameworkMethod.java:56)
	at org.junit.internal.runners.statements.InvokeMethod.evaluate(InvokeMethod.java:17)
	at org.junit.internal.runners.statements.RunBefores.evaluate(RunBefores.java:26)
	at org.junit.internal.runners.statements.RunAfters.evaluate(RunAfters.java:27)
	at org.junit.rules.TestWatcher$1.evaluate(TestWatcher.java:61)
	at org.junit.runners.ParentRunner$3.evaluate(ParentRunner.java:306)
	at org.junit.runners.BlockJUnit4ClassRunner$1.evaluate(BlockJUnit4ClassRunner.java:100)
	at org.junit.runners.ParentRunner.runLeaf(ParentRunner.java:366)
	at org.junit.runners.BlockJUnit4ClassRunner.runChild(BlockJUnit4ClassRunner.java:103)
	at org.junit.runners.BlockJUnit4ClassRunner.runChild(BlockJUnit4ClassRunner.java:63)
	at org.junit.runners.ParentRunner$4.run(ParentRunner.java:331)
	at org.junit.runners.ParentRunner$1.schedule(ParentRunner.java:79)
	at org.junit.runners.ParentRunner.runChildren(ParentRunner.java:329)
	at org.junit.runners.ParentRunner.access$100(ParentRunner.java:66)
	at org.junit.runners.ParentRunner$2.evaluate(ParentRunner.java:293)
	at org.junit.runners.ParentRunner.run(ParentRunner.java:413)
	at org.junit.runners.Suite.runChild(Suite.java:128)
	at org.junit.runners.Suite.runChild(Suite.java:27)
	at org.junit.runners.ParentRunner$4.run(ParentRunner.java:331)
	at org.junit.runners.ParentRunner$1.schedule(ParentRunner.java:79)
	at org.junit.runners.ParentRunner.runChildren(ParentRunner.java:329)
	at org.junit.runners.ParentRunner.access$100(ParentRunner.java:66)
	at org.junit.runners.ParentRunner$2.evaluate(ParentRunner.java:293)
	at org.junit.internal.runners.statements.RunBefores.evaluate(RunBefores.java:26)
	at org.junit.internal.runners.statements.RunAfters.evaluate(RunAfters.java:27)
	at org.apache.hadoop.hbase.SystemExitRule$1.evaluate(SystemExitRule.java:39)
	at org.junit.internal.runners.statements.FailOnTimeout$CallableStatement.call(FailOnTimeout.java:299)
	at org.junit.internal.runners.statements.FailOnTimeout$CallableStatement.call(FailOnTimeout.java:293)
	at java.util.concurrent.FutureTask.run(FutureTask.java:266)
	at java.lang.Thread.run(Thread.java:750)
{noformat}",Major,Fixed,Resolved,18/Mar/23 13:55,24/Mar/23 10:03,"NPE in TestBasicWALEntryStreamFSHLog.testEOFExceptionInOldWALsDirectory. https://ci-hbase.apache.org/job/HBase-Flaky-Tests/job/master/7985/testReport/junit/org.apache.hadoop.hbase.replication.regionserver/TestBasicWALEntryStreamFSHLog/testEOFExceptionInOldWALsDirectory_1__isCompressionEnabled_true_/
{noformat}
java.lang.NullPointerException
	at org.apache.hadoop.hbase.wal.AbstractFSWALProvider.findArchivedLog(AbstractFSWALProvider.java:488)
	at org.apache.hadoop.hbase.replication.regionserver.TestBasicWALEntryStream.testEOFExceptionInOldWALsDirectory(TestBasicWALEntryStream.java:771)
	at sun.reflect.NativeMethodAccessorImpl.invoke0(Native Method)
	at sun.reflect.NativeMethodAccessorImpl.invoke(NativeMethodAccessorImpl.java:62)
	at sun.reflect.DelegatingMethodAccessorImpl.invoke(DelegatingMethodAccessorImpl.java:43)
	at java.lang.reflect.Method.invoke(Method.java:498)
	at org.junit.runners.model.FrameworkMethod$1.runReflectiveCall(FrameworkMethod.java:59)
	at org.junit.internal.runners.model.ReflectiveCallable.run(ReflectiveCallable.java:12)
	at org.junit.runners.model.FrameworkMethod.invokeExplosively(FrameworkMethod.java:56)
	at org.junit.internal.runners.statements.InvokeMethod.evaluate(InvokeMethod.java:17)
	at org.junit.internal.runners.statements.RunBefores.evaluate(RunBefores.java:26)
	at org.junit.internal.runners.statements.RunAfters.evaluate(RunAfters.java:27)
	at org.junit.rules.TestWatcher$1.evaluate(TestWatcher.java:61)
	at org.junit.runners.ParentRunner$3.evaluate(ParentRunner.java:306)
	at org.junit.runners.BlockJUnit4ClassRunner$1.evaluate(BlockJUnit4ClassRunner.java:100)
	at org.junit.runners.ParentRunner.runLeaf(ParentRunner.java:366)
	at org.junit.runners.BlockJUnit4ClassRunner.runChild(BlockJUnit4ClassRunner.java:103)
	at org.junit.runners.BlockJUnit4ClassRunner.runChild(BlockJUnit4ClassRunner.java:63)
	at org.junit.runners.ParentRunner$4.run(ParentRunner.java:331)
	at org.junit.runners.ParentRunner$1.schedule(ParentRunner.java:79)
	at org.junit.runners.ParentRunner.runChildren(ParentRunner.java:329)
	at org.junit.runners.ParentRunner.access$100(ParentRunner.java:66)
	at org.junit.runners.ParentRunner$2.evaluate(ParentRunner.java:293)
	at org.junit.runners.ParentRunner.run(ParentRunner.java:413)
	at org.junit.runners.Suite.runChild(Suite.java:128)
	at org.junit.runners.Suite.runChild(Suite.java:27)
	at org.junit.runners.ParentRunner$4.run(ParentRunner.java:331)
	at org.junit.runners.ParentRunner$1.schedule(ParentRunner.java:79)
	at org.junit.runners.ParentRunner.runChildren(ParentRunner.java:329)
	at org.junit.runners.ParentRunner.access$100(ParentRunner.java:66)
	at org.junit.runners.ParentRunner$2.evaluate(ParentRunner.java:293)
	at org.junit.internal.runners.statements.RunBefores.evaluate(RunBefores.java:26)
	at org.junit.internal.runners.statements.RunAfters.evaluate(RunAfters.java:27)
	at org.apache.hadoop.hbase.SystemExitRule$1.evaluate(SystemExitRule.java:39)
	at org.junit.internal.runners.statements.FailOnTimeout$CallableStatement.call(FailOnTimeout.java:299)
	at org.junit.internal.runners.statements.FailOnTimeout$CallableStatement.call(FailOnTimeout.java:293)
	at java.util.concurrent.FutureTask.run(FutureTask.java:266)
	at java.lang.Thread.run(Thread.java:750)
{noformat}",0
HBASE-13468414,13468414,Improve TestMultiRespectsLimits,"TestMultiRespectLimits submits puts with empty values due to what appears to be a simple mistake. See https://github.com/apache/hbase/blob/c0e7e98ec71e77a9bfccf8f59e0c7c59aa70c828/hbase-server/src/test/java/org/apache/hadoop/hbase/client/TestMultiRespectsLimits.java#L156

Refer to https://issues.apache.org/jira/browse/HBASE-26856?focusedCommentId=17558469&page=com.atlassian.jira.plugin.system.issuetabpanels:comment-tabpanel#comment-17558469 for more context. ",Minor,Fixed,Resolved,25/Jun/22 18:04,12/Jul/22 18:21,"Improve TestMultiRespectsLimits. TestMultiRespectLimits submits puts with empty values due to what appears to be a simple mistake. See https://github.com/apache/hbase/blob/c0e7e98ec71e77a9bfccf8f59e0c7c59aa70c828/hbase-server/src/test/java/org/apache/hadoop/hbase/client/TestMultiRespectsLimits.java#L156

Refer to https://issues.apache.org/jira/browse/HBASE-26856?focusedCommentId=17558469&page=com.atlassian.jira.plugin.system.issuetabpanels:comment-tabpanel#comment-17558469 for more context.",0
HBASE-13529174,13529174,"hfile split occurs during bulkload, the new HFile file does not specify favored nodes","## BulkloadHFilesTool.class

/**
* Copy half of an HFile into a new HFile.
*/
private static void copyHFileHalf(Configuration conf, Path inFile, Path outFile,
Reference reference, ColumnFamilyDescriptor familyDescriptor) throws IOException {
FileSystem fs = inFile.getFileSystem(conf);
CacheConfig cacheConf = CacheConfig.DISABLED;
HalfStoreFileReader halfReader = null;
StoreFileWriter halfWriter = null;
try {
ReaderContext context = new ReaderContextBuilder().withFileSystemAndPath(fs, inFile).build();
StoreFileInfo storeFileInfo =
new StoreFileInfo(conf, fs, fs.getFileStatus(inFile), reference);
storeFileInfo.initHFileInfo(context);
halfReader = (HalfStoreFileReader) storeFileInfo.createReader(context, cacheConf);
storeFileInfo.getHFileInfo().initMetaAndIndex(halfReader.getHFileReader());
Map<byte[], byte[]> fileInfo = halfReader.loadFileInfo();

int blocksize = familyDescriptor.getBlocksize();
Algorithm compression = familyDescriptor.getCompressionType();
BloomType bloomFilterType = familyDescriptor.getBloomFilterType();
HFileContext hFileContext = new HFileContextBuilder().withCompression(compression)
.withChecksumType(StoreUtils.getChecksumType(conf))
.withBytesPerCheckSum(StoreUtils.getBytesPerChecksum(conf)).withBlockSize(blocksize)
.withDataBlockEncoding(familyDescriptor.getDataBlockEncoding()).withIncludesTags(true)
.withCreateTime(EnvironmentEdgeManager.currentTime()).build();
*halfWriter = new StoreFileWriter.Builder(conf, cacheConf, fs).withFilePath(outFile)*
 *.withBloomType(bloomFilterType).withFileContext(hFileContext).build();*
HFileScanner scanner = halfReader.getScanner(false, false, false);
scanner.seekTo();

...

 

When hfile splitting occurs during bulkload, the new HFile file does not specify favored nodes, which will affect the locality of data. Internally, we implemented a version of the code that allows us to specify the favored nodes of the split HFile in copyHFileHalf() to avoid compromising locality",Major,Fixed,Resolved,20/Mar/23 05:34,30/Dec/24 14:49,"hfile split occurs during bulkload, the new HFile file does not specify favored nodes. ## BulkloadHFilesTool.class

/**
* Copy half of an HFile into a new HFile.
*/
private static void copyHFileHalf(Configuration conf, Path inFile, Path outFile,
Reference reference, ColumnFamilyDescriptor familyDescriptor) throws IOException {
FileSystem fs = inFile.getFileSystem(conf);
CacheConfig cacheConf = CacheConfig.DISABLED;
HalfStoreFileReader halfReader = null;
StoreFileWriter halfWriter = null;
try {
ReaderContext context = new ReaderContextBuilder().withFileSystemAndPath(fs, inFile).build();
StoreFileInfo storeFileInfo =
new StoreFileInfo(conf, fs, fs.getFileStatus(inFile), reference);
storeFileInfo.initHFileInfo(context);
halfReader = (HalfStoreFileReader) storeFileInfo.createReader(context, cacheConf);
storeFileInfo.getHFileInfo().initMetaAndIndex(halfReader.getHFileReader());
Map<byte[], byte[]> fileInfo = halfReader.loadFileInfo();

int blocksize = familyDescriptor.getBlocksize();
Algorithm compression = familyDescriptor.getCompressionType();
BloomType bloomFilterType = familyDescriptor.getBloomFilterType();
HFileContext hFileContext = new HFileContextBuilder().withCompression(compression)
.withChecksumType(StoreUtils.getChecksumType(conf))
.withBytesPerCheckSum(StoreUtils.getBytesPerChecksum(conf)).withBlockSize(blocksize)
.withDataBlockEncoding(familyDescriptor.getDataBlockEncoding()).withIncludesTags(true)
.withCreateTime(EnvironmentEdgeManager.currentTime()).build();
*halfWriter = new StoreFileWriter.Builder(conf, cacheConf, fs).withFilePath(outFile)*
 *.withBloomType(bloomFilterType).withFileContext(hFileContext).build();*
HFileScanner scanner = halfReader.getScanner(false, false, false);
scanner.seekTo();

...

 

When hfile splitting occurs during bulkload, the new HFile file does not specify favored nodes, which will affect the locality of data. Internally, we implemented a version of the code that allows us to specify the favored nodes of the split HFile in copyHFileHalf() to avoid compromising locality",0
HBASE-13553940,13553940,hbck -o should not allow bypassing pre transit check by default,"When operator uses hbck assigns or unassigns with ""-o"", the override will also skip pre transit checks. While this is one of the intentions with ""-o"", the primary purpose should still be to only unattach existing procedure from RegionStateNode so that newly scheduled assign proc can take exclusive region level lock.

We should restrict bypassing preTransitCheck by only providing it as site config.

If bypassing preTransitCheck is configured, only then any hbck ""-o"" should be allowed to bypass this check, otherwise by default they should go through the check.

 

It is important to keep ""unset of the procedure from RegionStateNode"" and ""bypassing preTransitCheck"" separate so that when the cluster state is bad, we don't explicitly deteriorate it further e.g. if a region was successfully split and now if operator performs ""hbck assigns \{region} -o"" and if it bypasses the transit check, master would bring the region online and it could compact store files and archive the store file which is referenced by daughter region. This would not allow daughter region to come online.

Let's introduce hbase site config to allow bypassing preTransitCheck, it should not be doable only by operator using hbck alone.

 

""-o"" should mean ""override"" the procedure that is attached to the RegionStateNode, it should not mean forcefully skip any region transition validation checks.",Major,Fixed,Resolved,13/Oct/23 01:36,21/Nov/24 07:38,"hbck -o should not allow bypassing pre transit check by default. When operator uses hbck assigns or unassigns with ""-o"", the override will also skip pre transit checks. While this is one of the intentions with ""-o"", the primary purpose should still be to only unattach existing procedure from RegionStateNode so that newly scheduled assign proc can take exclusive region level lock.

We should restrict bypassing preTransitCheck by only providing it as site config.

If bypassing preTransitCheck is configured, only then any hbck ""-o"" should be allowed to bypass this check, otherwise by default they should go through the check.

 

It is important to keep ""unset of the procedure from RegionStateNode"" and ""bypassing preTransitCheck"" separate so that when the cluster state is bad, we don't explicitly deteriorate it further e.g. if a region was successfully split and now if operator performs ""hbck assigns \{region} -o"" and if it bypasses the transit check, master would bring the region online and it could compact store files and archive the store file which is referenced by daughter region. This would not allow daughter region to come online.

Let's introduce hbase site config to allow bypassing preTransitCheck, it should not be doable only by operator using hbck alone.

 

""-o"" should mean ""override"" the procedure that is attached to the RegionStateNode, it should not mean forcefully skip any region transition validation checks.",0
HBASE-13341778,13341778,Remove class DeadServer ,"This issue is following issue [HBASE-25282|https://issues.apache.org/jira/browse/HBASE-25282]

We can directly use instance of ServerCrashProcedure to replace the role DeadServer plays",Minor,,Open,20/Nov/20 11:52,,"Remove class DeadServer . This issue is following issue [HBASE-25282|https://issues.apache.org/jira/browse/HBASE-25282]

We can directly use instance of ServerCrashProcedure to replace the role DeadServer plays",0
HBASE-13321816,13321816,make export snapshot report size can be config,"current export snapshot will be report ONE MB (1*1024*1024 Bytes),

we can make it can be config ",Minor,Fixed,Resolved,10/Aug/20 15:11,17/Aug/21 00:16,"make export snapshot report size can be config. current export snapshot will be report ONE MB (1*1024*1024 Bytes),

we can make it can be config",0
HBASE-13573942,13573942,Finish 2.4.18 release,"# Release the artifacts on repository.apache.org
# Move the binaries from dist-dev to dist-release
# Add xml to download page(via HBASE-28473)
# Push tag 2.4.18RCx as tag rel/2.4.18 (/)
# Release 2.4.18 on JIRA https://issues.apache.org/jira/projects/HBASE/versions/12353080
# Add release data on https://reporter.apache.org/addrelease.html?hbase
# Send announcement email",Major,Fixed,Resolved,30/Mar/24 06:28,25/May/24 14:54,"Finish 2.4.18 release. # Release the artifacts on repository.apache.org
# Move the binaries from dist-dev to dist-release
# Add xml to download page(via HBASE-28473)
# Push tag 2.4.18RCx as tag rel/2.4.18 (/)
# Release 2.4.18 on JIRA https://issues.apache.org/jira/projects/HBASE/versions/12353080
# Add release data on https://reporter.apache.org/addrelease.html?hbase
# Send announcement email",0
HBASE-13435686,13435686,"Backport ""HBASE-26810 Add dynamic configuration support for system coprocessors"" to branch-2",Backport HBASE-26810 to streams of branch-2,Major,Fixed,Resolved,25/Mar/22 00:11,23/Aug/22 12:06,"Backport ""HBASE-26810 Add dynamic configuration support for system coprocessors"" to branch-2. Backport HBASE-26810 to streams of branch-2",0
HBASE-13337716,13337716,Optimize in-memory representation for HBase map reduce table splits for MultiTableInputFormat,"It has been observed that when the table has too many regions, MR jobs consume a lot of memory in the client. This is because we keep the region level information in memory and the memory heavy object is TableSplit because of the Scan object as a part of it.

There is a jira [HBASE-24859|https://issues.apache.org/jira/projects/HBASE/issues/HBASE-24859] which fix this single table TableInputFormat because we do not use the scan object from TableSplit in this case. 
However, it looks like we can do some optimization in case of MultiTableInputFormat as well since each split is not required to have memory heavy scan object.",Major,,Open,28/Oct/20 17:45,,"Optimize in-memory representation for HBase map reduce table splits for MultiTableInputFormat. It has been observed that when the table has too many regions, MR jobs consume a lot of memory in the client. This is because we keep the region level information in memory and the memory heavy object is TableSplit because of the Scan object as a part of it.

There is a jira [HBASE-24859|https://issues.apache.org/jira/projects/HBASE/issues/HBASE-24859] which fix this single table TableInputFormat because we do not use the scan object from TableSplit in this case. 
However, it looks like we can do some optimization in case of MultiTableInputFormat as well since each split is not required to have memory heavy scan object.",0
HBASE-13527861,13527861,Migrate meta locations from zookeeper to master data may not always possible if we migrate from 1.x HBase,"In HBase 1.x versions meta server location from zookeeper will be removed when the server stopped. In such cases migrating to 2.5.x branches may not create any meta entries in master data. So in case if we could not find the meta location from zookeeper we can get meta location from wal directories with .meta extension and add to master data.

{noformat}
  private void tryMigrateMetaLocationsFromZooKeeper() throws IOException, KeeperException {
    // try migrate data from zookeeper
    try (ResultScanner scanner =
      masterRegion.getScanner(new Scan().addFamily(HConstants.CATALOG_FAMILY))) {
      if (scanner.next() != null) {
        // notice that all replicas for a region are in the same row, so the migration can be
        // done with in a one row put, which means if we have data in catalog family then we can
        // make sure that the migration is done.
        LOG.info(""The {} family in master local region already has data in it, skip migrating..."",
          HConstants.CATALOG_FAMILY_STR);
        return;
      }
    }
    // start migrating
    byte[] row = CatalogFamilyFormat.getMetaKeyForRegion(RegionInfoBuilder.FIRST_META_REGIONINFO);
    Put put = new Put(row);
    List<String> metaReplicaNodes = zooKeeper.getMetaReplicaNodes();
    StringBuilder info = new StringBuilder(""Migrating meta locations:"");
    for (String metaReplicaNode : metaReplicaNodes) {
      int replicaId = zooKeeper.getZNodePaths().getMetaReplicaIdFromZNode(metaReplicaNode);
      RegionState state = MetaTableLocator.getMetaRegionState(zooKeeper, replicaId);
      info.append("" "").append(state);
      put.setTimestamp(state.getStamp());
      MetaTableAccessor.addRegionInfo(put, state.getRegion());
      if (state.getServerName() != null) {
        MetaTableAccessor.addLocation(put, state.getServerName(), HConstants.NO_SEQNUM, replicaId);
      }
      put.add(CellBuilderFactory.create(CellBuilderType.SHALLOW_COPY).setRow(put.getRow())
        .setFamily(HConstants.CATALOG_FAMILY)
        .setQualifier(RegionStateStore.getStateColumn(replicaId)).setTimestamp(put.getTimestamp())
        .setType(Cell.Type.Put).setValue(Bytes.toBytes(state.getState().name())).build());
    }
    if (!put.isEmpty()) {
      LOG.info(info.toString());
      masterRegion.update(r -> r.put(put));
    } else {
      LOG.info(""No meta location available on zookeeper, skip migrating..."");
    }
  }
{noformat}",Major,,In Progress,09/Mar/23 17:51,,"Migrate meta locations from zookeeper to master data may not always possible if we migrate from 1.x HBase. In HBase 1.x versions meta server location from zookeeper will be removed when the server stopped. In such cases migrating to 2.5.x branches may not create any meta entries in master data. So in case if we could not find the meta location from zookeeper we can get meta location from wal directories with .meta extension and add to master data.

{noformat}
  private void tryMigrateMetaLocationsFromZooKeeper() throws IOException, KeeperException {
    // try migrate data from zookeeper
    try (ResultScanner scanner =
      masterRegion.getScanner(new Scan().addFamily(HConstants.CATALOG_FAMILY))) {
      if (scanner.next() != null) {
        // notice that all replicas for a region are in the same row, so the migration can be
        // done with in a one row put, which means if we have data in catalog family then we can
        // make sure that the migration is done.
        LOG.info(""The {} family in master local region already has data in it, skip migrating..."",
          HConstants.CATALOG_FAMILY_STR);
        return;
      }
    }
    // start migrating
    byte[] row = CatalogFamilyFormat.getMetaKeyForRegion(RegionInfoBuilder.FIRST_META_REGIONINFO);
    Put put = new Put(row);
    List<String> metaReplicaNodes = zooKeeper.getMetaReplicaNodes();
    StringBuilder info = new StringBuilder(""Migrating meta locations:"");
    for (String metaReplicaNode : metaReplicaNodes) {
      int replicaId = zooKeeper.getZNodePaths().getMetaReplicaIdFromZNode(metaReplicaNode);
      RegionState state = MetaTableLocator.getMetaRegionState(zooKeeper, replicaId);
      info.append("" "").append(state);
      put.setTimestamp(state.getStamp());
      MetaTableAccessor.addRegionInfo(put, state.getRegion());
      if (state.getServerName() != null) {
        MetaTableAccessor.addLocation(put, state.getServerName(), HConstants.NO_SEQNUM, replicaId);
      }
      put.add(CellBuilderFactory.create(CellBuilderType.SHALLOW_COPY).setRow(put.getRow())
        .setFamily(HConstants.CATALOG_FAMILY)
        .setQualifier(RegionStateStore.getStateColumn(replicaId)).setTimestamp(put.getTimestamp())
        .setType(Cell.Type.Put).setValue(Bytes.toBytes(state.getState().name())).build());
    }
    if (!put.isEmpty()) {
      LOG.info(info.toString());
      masterRegion.update(r -> r.put(put));
    } else {
      LOG.info(""No meta location available on zookeeper, skip migrating..."");
    }
  }
{noformat}",0
HBASE-13576373,13576373,Implement a region server level configuration to enable/disable data-tiering,"Provide the user with the ability to enable and disable the data tiering feature. The time-based data tiering is applicable to a specific set of use cases which write date based records and access to recently written data.
The feature, in general, should be avoided for use cases which are not dependent on the date-based reads and writes as the code flows which enable data temperature checks can induce performance regressions.

This Jira is added to track the functionality to optionally enable region-server wide configuration to disable or enable the feature.

Thanks,

Janardhan",Major,Fixed,Resolved,18/Apr/24 12:43,02/May/24 08:25,"Implement a region server level configuration to enable/disable data-tiering. Provide the user with the ability to enable and disable the data tiering feature. The time-based data tiering is applicable to a specific set of use cases which write date based records and access to recently written data.
The feature, in general, should be avoided for use cases which are not dependent on the date-based reads and writes as the code flows which enable data temperature checks can induce performance regressions.

This Jira is added to track the functionality to optionally enable region-server wide configuration to disable or enable the feature.

Thanks,

Janardhan",0
HBASE-13551324,13551324, The size that is checked against the maxfilesize threshold is the uncompressed size of the HFile,"HBase server is configured to use Snappy compression.when doing bulkload in HBase, the size that is checked against the maxfilesize threshold is the uncompressed size of the HFile, not the compressed size.

HFileOutputFormat2.class

 
{code:java}
//代码占位符
new RecordWriter<ImmutableBytesWritable, V>() {
....
@Override
public void write(ImmutableBytesWritable row, V cell) throws IOException {
...


}

}
 {code}
!image-2023-09-20-12-09-49-959.png!

 ",Major,,Open,20/Sep/23 05:32,,"The size that is checked against the maxfilesize threshold is the uncompressed size of the HFile. HBase server is configured to use Snappy compression.when doing bulkload in HBase, the size that is checked against the maxfilesize threshold is the uncompressed size of the HFile, not the compressed size.

HFileOutputFormat2.class

 
{code:java}
//代码占位符
new RecordWriter<ImmutableBytesWritable, V>() {
....
@Override
public void write(ImmutableBytesWritable row, V cell) throws IOException {
...


}

}
 {code}
!image-2023-09-20-12-09-49-959.png!",0
HBASE-13505205,13505205,The .flattened-pom.xml for some modules are not installed,"Found this when trying to make 2.5.2 release, at least the pom for the root pom and hbase-build-configuration still contain ${revision} and profiles.",Blocker,Fixed,Resolved,22/Nov/22 03:42,23/Nov/22 13:06,"The .flattened-pom.xml for some modules are not installed. Found this when trying to make 2.5.2 release, at least the pom for the root pom and hbase-build-configuration still contain ${revision} and profiles.",1
HBASE-13438631,13438631,LocalHBaseCluster.waitOnRegionServer should not call join while interrupted,"{code}
  public String waitOnRegionServer(JVMClusterUtil.RegionServerThread rst) {
    while (rst.isAlive()) {
      try {
        LOG.info(""Waiting on "" + rst.getRegionServer().toString());
        rst.join();
      } catch (InterruptedException e) {
        LOG.error(""Interrupted while waiting for {} to finish. Retrying join"", rst.getName(), e);
        Thread.currentThread().interrupt();
      }
    }
    regionThreads.remove(rst);
    return rst.getName();
  }
{code}

Now it will retry again without any sleep(actually if the thread is interrupted, sleep will also fail soon), so it could generate bunch of logs and eat all the spaces, like this

{noformat}
2022-04-05T12:10:18,854 ERROR [Time-limited test] hbase.LocalHBaseCluster(318): Interrupted while waiting for RS:0;130a8c5b2d31:38109 to finish. Retrying join
java.lang.InterruptedException: null
        at java.lang.Object.wait(Native Method) ~[?:?]
        at java.lang.Thread.join(Thread.java:1305) ~[?:?]
        at java.lang.Thread.join(Thread.java:1380) ~[?:?]
        at org.apache.hadoop.hbase.LocalHBaseCluster.waitOnRegionServer(LocalHBaseCluster.java:316) ~[classes/:?]
        at org.apache.hadoop.hbase.master.TestRollingRestart.testBasicRollingRestart(TestRollingRestart.java:194) ~[test-classes/:?]
        at jdk.internal.reflect.NativeMethodAccessorImpl.invoke0(Native Method) ~[?:?]
        at jdk.internal.reflect.NativeMethodAccessorImpl.invoke(NativeMethodAccessorImpl.java:62) ~[?:?]
        at jdk.internal.reflect.DelegatingMethodAccessorImpl.invoke(DelegatingMethodAccessorImpl.java:43) ~[?:?]
        at java.lang.reflect.Method.invoke(Method.java:566) ~[?:?]
        at org.junit.runners.model.FrameworkMethod$1.runReflectiveCall(FrameworkMethod.java:59) ~[junit-4.13.2.jar:4.13.2]
        at org.junit.internal.runners.model.ReflectiveCallable.run(ReflectiveCallable.java:12) ~[junit-4.13.2.jar:4.13.2]
        at org.junit.runners.model.FrameworkMethod.invokeExplosively(FrameworkMethod.java:56) ~[junit-4.13.2.jar:4.13.2]
        at org.junit.internal.runners.statements.InvokeMethod.evaluate(InvokeMethod.java:17) ~[junit-4.13.2.jar:4.13.2]
        at org.junit.rules.TestWatcher$1.evaluate(TestWatcher.java:61) ~[junit-4.13.2.jar:4.13.2]
        at org.junit.runners.ParentRunner$3.evaluate(ParentRunner.java:306) ~[junit-4.13.2.jar:4.13.2]
        at org.junit.runners.BlockJUnit4ClassRunner$1.evaluate(BlockJUnit4ClassRunner.java:100) ~[junit-4.13.2.jar:4.13.2]
        at org.junit.runners.ParentRunner.runLeaf(ParentRunner.java:366) ~[junit-4.13.2.jar:4.13.2]
        at org.junit.runners.BlockJUnit4ClassRunner.runChild(BlockJUnit4ClassRunner.java:103) ~[junit-4.13.2.jar:4.13.2]
        at org.junit.runners.BlockJUnit4ClassRunner.runChild(BlockJUnit4ClassRunner.java:63) ~[junit-4.13.2.jar:4.13.2]
        at org.junit.runners.ParentRunner$4.run(ParentRunner.java:331) ~[junit-4.13.2.jar:4.13.2]
        at org.junit.runners.ParentRunner$1.schedule(ParentRunner.java:79) ~[junit-4.13.2.jar:4.13.2]
        at org.junit.runners.ParentRunner.runChildren(ParentRunner.java:329) ~[junit-4.13.2.jar:4.13.2]
        at org.junit.runners.ParentRunner.access$100(ParentRunner.java:66) ~[junit-4.13.2.jar:4.13.2]
        at org.junit.runners.ParentRunner$2.evaluate(ParentRunner.java:293) ~[junit-4.13.2.jar:4.13.2]
        at org.junit.runners.ParentRunner.run(ParentRunner.java:413) ~[junit-4.13.2.jar:4.13.2]
        at org.junit.runners.Suite.runChild(Suite.java:128) ~[junit-4.13.2.jar:4.13.2]
        at org.junit.runners.Suite.runChild(Suite.java:27) ~[junit-4.13.2.jar:4.13.2]
        at org.junit.runners.ParentRunner$4.run(ParentRunner.java:331) ~[junit-4.13.2.jar:4.13.2]
        at org.junit.runners.ParentRunner$1.schedule(ParentRunner.java:79) ~[junit-4.13.2.jar:4.13.2]
        at org.junit.runners.ParentRunner.runChildren(ParentRunner.java:329) ~[junit-4.13.2.jar:4.13.2]
        at org.junit.runners.ParentRunner.access$100(ParentRunner.java:66) ~[junit-4.13.2.jar:4.13.2]
        at org.junit.runners.ParentRunner$2.evaluate(ParentRunner.java:293) ~[junit-4.13.2.jar:4.13.2]
        at org.apache.hadoop.hbase.SystemExitRule$1.evaluate(SystemExitRule.java:38) ~[test-classes/:?]
        at org.junit.internal.runners.statements.FailOnTimeout$CallableStatement.call(FailOnTimeout.java:299) ~[junit-4.13.2.jar:4.13.2]
        at org.junit.internal.runners.statements.FailOnTimeout$CallableStatement.call(FailOnTimeout.java:293) ~[junit-4.13.2.jar:4.13.2]
        at java.util.concurrent.FutureTask.run(FutureTask.java:264) ~[?:?]
        at java.lang.Thread.run(Thread.java:834) ~[?:?]
2022-04-05T12:10:18,858 INFO  [Time-limited test] hbase.LocalHBaseCluster(315): Waiting on 130a8c5b2d31,38109,1649159073346
2022-04-05T12:10:18,858 ERROR [Time-limited test] hbase.LocalHBaseCluster(318): Interrupted while waiting for RS:0;130a8c5b2d31:38109 to finish. Retrying join
java.lang.InterruptedException: null
        at java.lang.Object.wait(Native Method) ~[?:?]
        at java.lang.Thread.join(Thread.java:1305) ~[?:?]
        at java.lang.Thread.join(Thread.java:1380) ~[?:?]
        at org.apache.hadoop.hbase.LocalHBaseCluster.waitOnRegionServer(LocalHBaseCluster.java:316) ~[classes/:?]
        at org.apache.hadoop.hbase.master.TestRollingRestart.testBasicRollingRestart(TestRollingRestart.java:194) ~[test-classes/:?]
        at jdk.internal.reflect.NativeMethodAccessorImpl.invoke0(Native Method) ~[?:?]
        at jdk.internal.reflect.NativeMethodAccessorImpl.invoke(NativeMethodAccessorImpl.java:62) ~[?:?]
        at jdk.internal.reflect.DelegatingMethodAccessorImpl.invoke(DelegatingMethodAccessorImpl.java:43) ~[?:?]
        at java.lang.reflect.Method.invoke(Method.java:566) ~[?:?]
        at org.junit.runners.model.FrameworkMethod$1.runReflectiveCall(FrameworkMethod.java:59) ~[junit-4.13.2.jar:4.13.2]
        at org.junit.internal.runners.model.ReflectiveCallable.run(ReflectiveCallable.java:12) ~[junit-4.13.2.jar:4.13.2]
        at org.junit.runners.model.FrameworkMethod.invokeExplosively(FrameworkMethod.java:56) ~[junit-4.13.2.jar:4.13.2]
        at org.junit.internal.runners.statements.InvokeMethod.evaluate(InvokeMethod.java:17) ~[junit-4.13.2.jar:4.13.2]
        at org.junit.rules.TestWatcher$1.evaluate(TestWatcher.java:61) ~[junit-4.13.2.jar:4.13.2]
        at org.junit.runners.ParentRunner$3.evaluate(ParentRunner.java:306) ~[junit-4.13.2.jar:4.13.2]
        at org.junit.runners.BlockJUnit4ClassRunner$1.evaluate(BlockJUnit4ClassRunner.java:100) ~[junit-4.13.2.jar:4.13.2]
        at org.junit.runners.ParentRunner.runLeaf(ParentRunner.java:366) ~[junit-4.13.2.jar:4.13.2]
        at org.junit.runners.BlockJUnit4ClassRunner.runChild(BlockJUnit4ClassRunner.java:103) ~[junit-4.13.2.jar:4.13.2]
        at org.junit.runners.BlockJUnit4ClassRunner.runChild(BlockJUnit4ClassRunner.java:63) ~[junit-4.13.2.jar:4.13.2]
        at org.junit.runners.ParentRunner$4.run(ParentRunner.java:331) ~[junit-4.13.2.jar:4.13.2]
        at org.junit.runners.ParentRunner$1.schedule(ParentRunner.java:79) ~[junit-4.13.2.jar:4.13.2]
        at org.junit.runners.ParentRunner.runChildren(ParentRunner.java:329) ~[junit-4.13.2.jar:4.13.2]
        at org.junit.runners.ParentRunner.access$100(ParentRunner.java:66) ~[junit-4.13.2.jar:4.13.2]
        at org.junit.runners.ParentRunner$2.evaluate(ParentRunner.java:293) ~[junit-4.13.2.jar:4.13.2]
        at org.junit.runners.ParentRunner.run(ParentRunner.java:413) ~[junit-4.13.2.jar:4.13.2]
        at org.junit.runners.Suite.runChild(Suite.java:128) ~[junit-4.13.2.jar:4.13.2]
        at org.junit.runners.Suite.runChild(Suite.java:27) ~[junit-4.13.2.jar:4.13.2]
        at org.junit.runners.ParentRunner$4.run(ParentRunner.java:331) ~[junit-4.13.2.jar:4.13.2]
        at org.junit.runners.ParentRunner$1.schedule(ParentRunner.java:79) ~[junit-4.13.2.jar:4.13.2]
        at org.junit.runners.ParentRunner.runChildren(ParentRunner.java:329) ~[junit-4.13.2.jar:4.13.2]
        at org.junit.runners.ParentRunner.access$100(ParentRunner.java:66) ~[junit-4.13.2.jar:4.13.2]
        at org.junit.runners.ParentRunner$2.evaluate(ParentRunner.java:293) ~[junit-4.13.2.jar:4.13.2]
        at org.apache.hadoop.hbase.SystemExitRule$1.evaluate(SystemExitRule.java:38) ~[test-classes/:?]
        at org.junit.internal.runners.statements.FailOnTimeout$CallableStatement.call(FailOnTimeout.java:299) ~[junit-4.13.2.jar:4.13.2]
        at org.junit.internal.runners.statements.FailOnTimeout$CallableStatement.call(FailOnTimeout.java:293) ~[junit-4.13.2.jar:4.13.2]
        at java.util.concurrent.FutureTask.run(FutureTask.java:264) ~[?:?]
        at java.lang.Thread.run(Thread.java:834) ~[?:?]
{noformat}",Critical,Fixed,Resolved,08/Apr/22 15:42,17/Apr/22 15:38,"LocalHBaseCluster.waitOnRegionServer should not call join while interrupted. {code}
  public String waitOnRegionServer(JVMClusterUtil.RegionServerThread rst) {
    while (rst.isAlive()) {
      try {
        LOG.info(""Waiting on "" + rst.getRegionServer().toString());
        rst.join();
      } catch (InterruptedException e) {
        LOG.error(""Interrupted while waiting for {} to finish. Retrying join"", rst.getName(), e);
        Thread.currentThread().interrupt();
      }
    }
    regionThreads.remove(rst);
    return rst.getName();
  }
{code}

Now it will retry again without any sleep(actually if the thread is interrupted, sleep will also fail soon), so it could generate bunch of logs and eat all the spaces, like this

{noformat}
2022-04-05T12:10:18,854 ERROR [Time-limited test] hbase.LocalHBaseCluster(318): Interrupted while waiting for RS:0;130a8c5b2d31:38109 to finish. Retrying join
java.lang.InterruptedException: null
        at java.lang.Object.wait(Native Method) ~[?:?]
        at java.lang.Thread.join(Thread.java:1305) ~[?:?]
        at java.lang.Thread.join(Thread.java:1380) ~[?:?]
        at org.apache.hadoop.hbase.LocalHBaseCluster.waitOnRegionServer(LocalHBaseCluster.java:316) ~[classes/:?]
        at org.apache.hadoop.hbase.master.TestRollingRestart.testBasicRollingRestart(TestRollingRestart.java:194) ~[test-classes/:?]
        at jdk.internal.reflect.NativeMethodAccessorImpl.invoke0(Native Method) ~[?:?]
        at jdk.internal.reflect.NativeMethodAccessorImpl.invoke(NativeMethodAccessorImpl.java:62) ~[?:?]
        at jdk.internal.reflect.DelegatingMethodAccessorImpl.invoke(DelegatingMethodAccessorImpl.java:43) ~[?:?]
        at java.lang.reflect.Method.invoke(Method.java:566) ~[?:?]
        at org.junit.runners.model.FrameworkMethod$1.runReflectiveCall(FrameworkMethod.java:59) ~[junit-4.13.2.jar:4.13.2]
        at org.junit.internal.runners.model.ReflectiveCallable.run(ReflectiveCallable.java:12) ~[junit-4.13.2.jar:4.13.2]
        at org.junit.runners.model.FrameworkMethod.invokeExplosively(FrameworkMethod.java:56) ~[junit-4.13.2.jar:4.13.2]
        at org.junit.internal.runners.statements.InvokeMethod.evaluate(InvokeMethod.java:17) ~[junit-4.13.2.jar:4.13.2]
        at org.junit.rules.TestWatcher$1.evaluate(TestWatcher.java:61) ~[junit-4.13.2.jar:4.13.2]
        at org.junit.runners.ParentRunner$3.evaluate(ParentRunner.java:306) ~[junit-4.13.2.jar:4.13.2]
        at org.junit.runners.BlockJUnit4ClassRunner$1.evaluate(BlockJUnit4ClassRunner.java:100) ~[junit-4.13.2.jar:4.13.2]
        at org.junit.runners.ParentRunner.runLeaf(ParentRunner.java:366) ~[junit-4.13.2.jar:4.13.2]
        at org.junit.runners.BlockJUnit4ClassRunner.runChild(BlockJUnit4ClassRunner.java:103) ~[junit-4.13.2.jar:4.13.2]
        at org.junit.runners.BlockJUnit4ClassRunner.runChild(BlockJUnit4ClassRunner.java:63) ~[junit-4.13.2.jar:4.13.2]
        at org.junit.runners.ParentRunner$4.run(ParentRunner.java:331) ~[junit-4.13.2.jar:4.13.2]
        at org.junit.runners.ParentRunner$1.schedule(ParentRunner.java:79) ~[junit-4.13.2.jar:4.13.2]
        at org.junit.runners.ParentRunner.runChildren(ParentRunner.java:329) ~[junit-4.13.2.jar:4.13.2]
        at org.junit.runners.ParentRunner.access$100(ParentRunner.java:66) ~[junit-4.13.2.jar:4.13.2]
        at org.junit.runners.ParentRunner$2.evaluate(ParentRunner.java:293) ~[junit-4.13.2.jar:4.13.2]
        at org.junit.runners.ParentRunner.run(ParentRunner.java:413) ~[junit-4.13.2.jar:4.13.2]
        at org.junit.runners.Suite.runChild(Suite.java:128) ~[junit-4.13.2.jar:4.13.2]
        at org.junit.runners.Suite.runChild(Suite.java:27) ~[junit-4.13.2.jar:4.13.2]
        at org.junit.runners.ParentRunner$4.run(ParentRunner.java:331) ~[junit-4.13.2.jar:4.13.2]
        at org.junit.runners.ParentRunner$1.schedule(ParentRunner.java:79) ~[junit-4.13.2.jar:4.13.2]
        at org.junit.runners.ParentRunner.runChildren(ParentRunner.java:329) ~[junit-4.13.2.jar:4.13.2]
        at org.junit.runners.ParentRunner.access$100(ParentRunner.java:66) ~[junit-4.13.2.jar:4.13.2]
        at org.junit.runners.ParentRunner$2.evaluate(ParentRunner.java:293) ~[junit-4.13.2.jar:4.13.2]
        at org.apache.hadoop.hbase.SystemExitRule$1.evaluate(SystemExitRule.java:38) ~[test-classes/:?]
        at org.junit.internal.runners.statements.FailOnTimeout$CallableStatement.call(FailOnTimeout.java:299) ~[junit-4.13.2.jar:4.13.2]
        at org.junit.internal.runners.statements.FailOnTimeout$CallableStatement.call(FailOnTimeout.java:293) ~[junit-4.13.2.jar:4.13.2]
        at java.util.concurrent.FutureTask.run(FutureTask.java:264) ~[?:?]
        at java.lang.Thread.run(Thread.java:834) ~[?:?]
2022-04-05T12:10:18,858 INFO  [Time-limited test] hbase.LocalHBaseCluster(315): Waiting on 130a8c5b2d31,38109,1649159073346
2022-04-05T12:10:18,858 ERROR [Time-limited test] hbase.LocalHBaseCluster(318): Interrupted while waiting for RS:0;130a8c5b2d31:38109 to finish. Retrying join
java.lang.InterruptedException: null
        at java.lang.Object.wait(Native Method) ~[?:?]
        at java.lang.Thread.join(Thread.java:1305) ~[?:?]
        at java.lang.Thread.join(Thread.java:1380) ~[?:?]
        at org.apache.hadoop.hbase.LocalHBaseCluster.waitOnRegionServer(LocalHBaseCluster.java:316) ~[classes/:?]
        at org.apache.hadoop.hbase.master.TestRollingRestart.testBasicRollingRestart(TestRollingRestart.java:194) ~[test-classes/:?]
        at jdk.internal.reflect.NativeMethodAccessorImpl.invoke0(Native Method) ~[?:?]
        at jdk.internal.reflect.NativeMethodAccessorImpl.invoke(NativeMethodAccessorImpl.java:62) ~[?:?]
        at jdk.internal.reflect.DelegatingMethodAccessorImpl.invoke(DelegatingMethodAccessorImpl.java:43) ~[?:?]
        at java.lang.reflect.Method.invoke(Method.java:566) ~[?:?]
        at org.junit.runners.model.FrameworkMethod$1.runReflectiveCall(FrameworkMethod.java:59) ~[junit-4.13.2.jar:4.13.2]
        at org.junit.internal.runners.model.ReflectiveCallable.run(ReflectiveCallable.java:12) ~[junit-4.13.2.jar:4.13.2]
        at org.junit.runners.model.FrameworkMethod.invokeExplosively(FrameworkMethod.java:56) ~[junit-4.13.2.jar:4.13.2]
        at org.junit.internal.runners.statements.InvokeMethod.evaluate(InvokeMethod.java:17) ~[junit-4.13.2.jar:4.13.2]
        at org.junit.rules.TestWatcher$1.evaluate(TestWatcher.java:61) ~[junit-4.13.2.jar:4.13.2]
        at org.junit.runners.ParentRunner$3.evaluate(ParentRunner.java:306) ~[junit-4.13.2.jar:4.13.2]
        at org.junit.runners.BlockJUnit4ClassRunner$1.evaluate(BlockJUnit4ClassRunner.java:100) ~[junit-4.13.2.jar:4.13.2]
        at org.junit.runners.ParentRunner.runLeaf(ParentRunner.java:366) ~[junit-4.13.2.jar:4.13.2]
        at org.junit.runners.BlockJUnit4ClassRunner.runChild(BlockJUnit4ClassRunner.java:103) ~[junit-4.13.2.jar:4.13.2]
        at org.junit.runners.BlockJUnit4ClassRunner.runChild(BlockJUnit4ClassRunner.java:63) ~[junit-4.13.2.jar:4.13.2]
        at org.junit.runners.ParentRunner$4.run(ParentRunner.java:331) ~[junit-4.13.2.jar:4.13.2]
        at org.junit.runners.ParentRunner$1.schedule(ParentRunner.java:79) ~[junit-4.13.2.jar:4.13.2]
        at org.junit.runners.ParentRunner.runChildren(ParentRunner.java:329) ~[junit-4.13.2.jar:4.13.2]
        at org.junit.runners.ParentRunner.access$100(ParentRunner.java:66) ~[junit-4.13.2.jar:4.13.2]
        at org.junit.runners.ParentRunner$2.evaluate(ParentRunner.java:293) ~[junit-4.13.2.jar:4.13.2]
        at org.junit.runners.ParentRunner.run(ParentRunner.java:413) ~[junit-4.13.2.jar:4.13.2]
        at org.junit.runners.Suite.runChild(Suite.java:128) ~[junit-4.13.2.jar:4.13.2]
        at org.junit.runners.Suite.runChild(Suite.java:27) ~[junit-4.13.2.jar:4.13.2]
        at org.junit.runners.ParentRunner$4.run(ParentRunner.java:331) ~[junit-4.13.2.jar:4.13.2]
        at org.junit.runners.ParentRunner$1.schedule(ParentRunner.java:79) ~[junit-4.13.2.jar:4.13.2]
        at org.junit.runners.ParentRunner.runChildren(ParentRunner.java:329) ~[junit-4.13.2.jar:4.13.2]
        at org.junit.runners.ParentRunner.access$100(ParentRunner.java:66) ~[junit-4.13.2.jar:4.13.2]
        at org.junit.runners.ParentRunner$2.evaluate(ParentRunner.java:293) ~[junit-4.13.2.jar:4.13.2]
        at org.apache.hadoop.hbase.SystemExitRule$1.evaluate(SystemExitRule.java:38) ~[test-classes/:?]
        at org.junit.internal.runners.statements.FailOnTimeout$CallableStatement.call(FailOnTimeout.java:299) ~[junit-4.13.2.jar:4.13.2]
        at org.junit.internal.runners.statements.FailOnTimeout$CallableStatement.call(FailOnTimeout.java:293) ~[junit-4.13.2.jar:4.13.2]
        at java.util.concurrent.FutureTask.run(FutureTask.java:264) ~[?:?]
        at java.lang.Thread.run(Thread.java:834) ~[?:?]
{noformat}",1
HBASE-13384486,13384486,Get operations readRows metrics becomes zero after HBASE-25677,"After HBASE-25677, Server+table counters on each scan are extracted from #nextRaw to rsServices scan. In this case, the get operation will not count the read rows. So that the readRows metrics becomes zero. Should add counter in metricsUpdateForGet.",Minor,Fixed,Resolved,18/Jun/21 08:37,24/Jun/21 08:02,"Get operations readRows metrics becomes zero after HBASE-25677. After HBASE-25677, Server+table counters on each scan are extracted from #nextRaw to rsServices scan. In this case, the get operation will not count the read rows. So that the readRows metrics becomes zero. Should add counter in metricsUpdateForGet.",0
HBASE-13322200,13322200,Replication may loss data when refresh recovered replication sources,"See code in [https://github.com/apache/hbase/blob/master/hbase-server/src/main/java/org/apache/hadoop/hbase/replication/regionserver/ReplicationSourceManager.java#L519]

 

The WAL enqueued to wrong replication source.
{code:java}
    for (String queueId : previousQueueIds) {
        ReplicationSourceInterface replicationSource = createSource(queueId, peer);
        this.oldsources.add(replicationSource);
        this.queueStorage.getWALsInQueue(this.server.getServerName(), queueId)
          .forEach(wal -> src.enqueueLog(new Path(wal)));
        toStartup.add(replicationSource);
      }
{code}",Major,Fixed,Resolved,12/Aug/20 06:52,25/Aug/20 00:05,"Replication may loss data when refresh recovered replication sources. See code in [https://github.com/apache/hbase/blob/master/hbase-server/src/main/java/org/apache/hadoop/hbase/replication/regionserver/ReplicationSourceManager.java#L519]

 

The WAL enqueued to wrong replication source.
{code:java}
    for (String queueId : previousQueueIds) {
        ReplicationSourceInterface replicationSource = createSource(queueId, peer);
        this.oldsources.add(replicationSource);
        this.queueStorage.getWALsInQueue(this.server.getServerName(), queueId)
          .forEach(wal -> src.enqueueLog(new Path(wal)));
        toStartup.add(replicationSource);
      }
{code}",0
HBASE-13469701,13469701,Consider adding ResourceLeakDetector to RefCnt,"In my quest to figure out HBASE-27170, I ended up adding ResourceLeakDetector to RefCnt in my local fork. This immediately reports the leak to the logs, making it hard to miss. ResourceLeakDetector is already active in the netty layer, and the default state is designed to be very low overhead. We could add it directly to RefCnt, or make it further configurable if we're concerned about performance. Either way it's good to have and document, to aid future leak investigations.",Minor,Duplicate,Resolved,01/Jul/22 17:14,05/Jul/22 18:02,"Consider adding ResourceLeakDetector to RefCnt. In my quest to figure out HBASE-27170, I ended up adding ResourceLeakDetector to RefCnt in my local fork. This immediately reports the leak to the logs, making it hard to miss. ResourceLeakDetector is already active in the netty layer, and the default state is designed to be very low overhead. We could add it directly to RefCnt, or make it further configurable if we're concerned about performance. Either way it's good to have and document, to aid future leak investigations.",0
HBASE-13526001,13526001,ChaosMonkey documentation enhancements,"Post refactoring the code to org.apache.hadoop.hbase.chaos package, new references need to be updated in the [https://hbase.apache.org/book.html#maven.build.commands.integration.tests.destructive] doc. The sample command given also is stale.",Minor,Fixed,Resolved,24/Feb/23 05:30,05/Jul/23 14:13,"ChaosMonkey documentation enhancements. Post refactoring the code to org.apache.hadoop.hbase.chaos package, new references need to be updated in the [https://hbase.apache.org/book.html#maven.build.commands.integration.tests.destructive] doc. The sample command given also is stale.",0
HBASE-13587146,13587146,Exclude pom file of jaxws-ri in output tarball,"Permission denied...
Not sure what is the real problem.

{noformat}
17:21:17  Building a binary tarball from the source tarball succeeded.
[Pipeline] echo
17:21:17  unpacking the hbase bin tarball into 'hbase-install' and the client tarball into 'hbase-client'
[Pipeline] sh
17:21:18  tar: /jaxws-ri-2.3.2.pom: Cannot open: Permission denied
17:21:20  tar: Exiting with failure status due to previous errors
Post stage
[Pipeline] stash
17:21:20  Warning: overwriting stash ‘srctarball-result’
17:21:20  Stashed 2 file(s)
[Pipeline] sshPublisher
17:21:20  SSH: Current build result is [FAILURE], not going to run.
[Pipeline] sh
17:21:20  Remove /home/jenkins/jenkins-home/workspace/HBase_Nightly_master/output-srctarball/hbase-src.tar.gz for saving space
[Pipeline] archiveArtifacts
17:21:20  Archiving artifacts
[Pipeline] archiveArtifacts
17:21:20  Archiving artifacts
[Pipeline] archiveArtifacts
17:21:20  Archiving artifacts
[Pipeline] archiveArtifacts
17:21:20  Archiving artifacts
[Pipeline] }
[Pipeline] // withEnv
[Pipeline] }
[Pipeline] // node
[Pipeline] }
[Pipeline] // stage
[Pipeline] }
17:21:20  Failed in branch packaging and integration
{noformat}",Major,Fixed,Resolved,29/Jul/24 03:26,07/Aug/24 13:48,"Exclude pom file of jaxws-ri in output tarball. Permission denied...
Not sure what is the real problem.

{noformat}
17:21:17  Building a binary tarball from the source tarball succeeded.
[Pipeline] echo
17:21:17  unpacking the hbase bin tarball into 'hbase-install' and the client tarball into 'hbase-client'
[Pipeline] sh
17:21:18  tar: /jaxws-ri-2.3.2.pom: Cannot open: Permission denied
17:21:20  tar: Exiting with failure status due to previous errors
Post stage
[Pipeline] stash
17:21:20  Warning: overwriting stash ‘srctarball-result’
17:21:20  Stashed 2 file(s)
[Pipeline] sshPublisher
17:21:20  SSH: Current build result is [FAILURE], not going to run.
[Pipeline] sh
17:21:20  Remove /home/jenkins/jenkins-home/workspace/HBase_Nightly_master/output-srctarball/hbase-src.tar.gz for saving space
[Pipeline] archiveArtifacts
17:21:20  Archiving artifacts
[Pipeline] archiveArtifacts
17:21:20  Archiving artifacts
[Pipeline] archiveArtifacts
17:21:20  Archiving artifacts
[Pipeline] archiveArtifacts
17:21:20  Archiving artifacts
[Pipeline] }
[Pipeline] // withEnv
[Pipeline] }
[Pipeline] // node
[Pipeline] }
[Pipeline] // stage
[Pipeline] }
17:21:20  Failed in branch packaging and integration
{noformat}",0
HBASE-13433771,13433771,Replace log4j with reload4j for hbase-connector,"As a result of the [discussion thread of replacing log4j with reload4j|https://lists.apache.org/thread/kfmjg6zmvdjqcwolj0oh634nzv42y806] and HBASE-26691, we have replaced log4j with reload4j in branch-2. 

Where hbase-connector as a part of the community, this JIRA propose to align with the active hbase release and replace log4j with reload4j before the next release of hbase-connector",Major,Duplicate,Resolved,15/Mar/22 02:46,02/Oct/24 08:32,"Replace log4j with reload4j for hbase-connector. As a result of the [discussion thread of replacing log4j with reload4j|https://lists.apache.org/thread/kfmjg6zmvdjqcwolj0oh634nzv42y806] and HBASE-26691, we have replaced log4j with reload4j in branch-2. 

Where hbase-connector as a part of the community, this JIRA propose to align with the active hbase release and replace log4j with reload4j before the next release of hbase-connector",0
HBASE-13384924,13384924,Split TestWALEntryStream.testDifferentCounts out,"It consumes too much time and may cause the whole UT to timeout.

And in fact, it should be implemented as parameterized.",Major,Fixed,Resolved,21/Jun/21 14:11,23/Jun/21 15:27,"Split TestWALEntryStream.testDifferentCounts out. It consumes too much time and may cause the whole UT to timeout.

And in fact, it should be implemented as parameterized.",0
HBASE-13600587,13600587,Append REST endpoint invoked with not existing column family or table returns Exception stack trace,"h2. Scenario
Calling append REST operation with not existing column family or table.

h2. Actual result
Returns Exception stack trace in response body - *NOK* (x)

h2. Expected result
Should not return the Exception stack trace in response body.

h2. How to reproduce
TestRowResource table does NOT exists:

{code:java}
curl -vi -X PUT \
-H ""Content-type: application/json"" \
-H ""Accept: application/json"" \
-d '{""Row"":[{""key"":""dGVzdHJvdzE="",""Cell"":[{""column"":""YTox"",""$"":""dGVzdHZhbHVlMgo=""},{""column"":""YToy"",""$"":""dGVzdHZhbHVlMTIK""}]}]}' \                      
""http://localhost:8080/TestRowResourcea/testrow1?check=append"" 
* Host localhost:8080 was resolved.
* IPv6: ::1
* IPv4: 127.0.0.1
*   Trying [::1]:8080...
* Connected to localhost (::1) port 8080
> PUT /TestRowResourcea/testrow1?check=append HTTP/1.1
> Host: localhost:8080
> User-Agent: curl/8.9.1
> Content-type: application/json
> Accept: application/json
> Content-Length: 123
> 
* upload completely sent off: 123 bytes
< HTTP/1.1 404 Not Found
HTTP/1.1 404 Not Found
< X-Frame-Options: DENY
X-Frame-Options: DENY
< X-Content-Type-Options: nosniff
X-Content-Type-Options: nosniff
< X-XSS-Protection: 1; mode=block
X-XSS-Protection: 1; mode=block
< Content-Type: text/plain
Content-Type: text/plain
< Transfer-Encoding: chunked
Transfer-Encoding: chunked
< 

Not found
org.apache.hadoop.hbase.TableNotFoundException: TestRowResourcea
	at java.base/java.lang.Thread.getStackTrace(Thread.java:1619)
	at org.apache.hadoop.hbase.util.FutureUtils.setStackTrace(FutureUtils.java:144)
	at org.apache.hadoop.hbase.util.FutureUtils.rethrow(FutureUtils.java:163)
	at org.apache.hadoop.hbase.util.FutureUtils.get(FutureUtils.java:186)
	at org.apache.hadoop.hbase.client.TableOverAsyncTable.append(TableOverAsyncTable.java:325)
	at org.apache.hadoop.hbase.rest.RowResource.append(RowResource.java:702)
	at org.apache.hadoop.hbase.rest.RowResource.update(RowResource.java:183)
	at org.apache.hadoop.hbase.rest.RowResource.put(RowResource.java:324)

...

{code}

Create TestRowResource table with column family ""a"".
Call append with column family ""cf"":

{code:java}
curl -vi -X PUT \
  -H ""Accept: text/xml"" \
  -H ""Content-Type: text/xml"" \
  -d '<?xml version=""1.0"" encoding=""UTF-8"" standalone=""yes""?><CellSet><Row key=""cm93NQo=""><Cell column=""Y2Y6ZQo="">dmFsdWU1Cg==</Cell></Row></CellSet>' \
  ""http://localhost:8080/TestRowResource/testrow1?check=append""
* Host localhost:8080 was resolved.
* IPv6: ::1
* IPv4: 127.0.0.1
*   Trying [::1]:8080...
* Connected to localhost (::1) port 8080
> PUT /TestRowResource/testrow1?check=append HTTP/1.1
> Host: localhost:8080
> User-Agent: curl/8.9.1
> Accept: text/xml
> Content-Type: text/xml
> Content-Length: 143
> 
* upload completely sent off: 143 bytes
< HTTP/1.1 404 Not Found
HTTP/1.1 404 Not Found
< X-Frame-Options: DENY
X-Frame-Options: DENY
< X-Content-Type-Options: nosniff
X-Content-Type-Options: nosniff
< X-XSS-Protection: 1; mode=block
X-XSS-Protection: 1; mode=block
< Content-Type: text/plain
Content-Type: text/plain
< Transfer-Encoding: chunked
Transfer-Encoding: chunked
< 

Not found
org.apache.hadoop.hbase.regionserver.NoSuchColumnFamilyException: org.apache.hadoop.hbase.regionserver.NoSuchColumnFamilyException: Column family cf does not exist in region TestRowResource,,1732811650328.776b1d03b9852a83de1f77688b16865d. in table 'TestRowResource', {TABLE_ATTRIBUTES => {METADATA => {'hbase.store.file-tracker.impl' => 'DEFAULT'}}}, {NAME => 'a', INDEX_BLOCK_ENCODING => 'NONE', VERSIONS => '1', KEEP_DELETED_CELLS => 'FALSE', DATA_BLOCK_ENCODING => 'NONE', TTL => 'FOREVER', MIN_VERSIONS => '0', REPLICATION_SCOPE => '0', BLOOMFILTER => 'ROW', IN_MEMORY => 'false', COMPRESSION => 'NONE', BLOCKCACHE => 'true', BLOCKSIZE => '65536 B (64KB)'}, {NAME => 'b', INDEX_BLOCK_ENCODING => 'NONE', VERSIONS => '1', KEEP_DELETED_CELLS => 'FALSE', DATA_BLOCK_ENCODING => 'NONE', TTL => 'FOREVER', MIN_VERSIONS => '0', REPLICATION_SCOPE => '0', BLOOMFILTER => 'ROW', IN_MEMORY => 'false', COMPRESSION => 'NONE', BLOCKCACHE => 'true', BLOCKSIZE => '65536 B (64KB)'}
	at org.apache.hadoop.hbase.regionserver.HRegion.checkFamily(HRegion.java:5376)
	at org.apache.hadoop.hbase.regionserver.HRegion.checkFamily(HRegion.java:5363)
	at org.apache.hadoop.hbase.regionserver.HRegion.checkFamilies(HRegion.java:5357)
	at org.apache.hadoop.hbase.regionserver.HRegion$BatchOperation.checkAndPrepareMutation(HRegion.java:3508)
	at org.apache.hadoop.hbase.regionserver.HRegion$BatchOperation.checkAndPrepareMutation(HRegion.java:3515)
	at org.apache.hadoop.hbase.regionserver.HRegion$MutationBatchOperation$1.visit(HRegion.java:3899)
	at org.apache.hadoop.hbase.regionserver.HRegion$BatchOperation.visitBatchOperations(HRegion.java:3394)
	at org.apache.hadoop.hbase.regionserver.HRegion$MutationBatchOperation.checkAndPrepare(HRegion.java:3878)
	at org.apache.hadoop.hbase.regionserver.HRegion.batchMutate(HRegion.java:4779)
	at org.apache.hadoop.hbase.regionserver.HRegion.batchMutate(HRegion.java:4699)
	at org.apache.hadoop.hbase.regionserver.HRegion.mutate(HRegion.java:5194)
	at org.apache.hadoop.hbase.regionserver.HRegion.lambda$append$31(HRegion.java:8087)
	at org.apache.hadoop.hbase.trace.TraceUtil.trace(TraceUtil.java:216)
	at org.apache.hadoop.hbase.regionserver.HRegion.append(HRegion.java:8081)
	at org.apache.hadoop.hbase.regionserver.RSRpcServices.append(RSRpcServices.java:699)
	at org.apache.hadoop.hbase.regionserver.RSRpcServices.mutate(RSRpcServices.java:2972)
	at org.apache.hadoop.hbase.shaded.protobuf.generated.ClientProtos$ClientService$2.callBlockingMethod(ClientProtos.java:43506)
	at org.apache.hadoop.hbase.ipc.RpcServer.call(RpcServer.java:444)
	at org.apache.hadoop.hbase.ipc.CallRunner.run(CallRunner.java:124)
	at org.apache.hadoop.hbase.ipc.RpcHandler.run(RpcHandler.java:102)
	at org.apache.hadoop.hbase.ipc.RpcHandler.run(RpcHandler.java:82)

...

{code}

",Minor,Invalid,Resolved,02/Dec/24 12:51,11/Dec/24 13:48,"Append REST endpoint invoked with not existing column family or table returns Exception stack trace. h2. Scenario
Calling append REST operation with not existing column family or table.

h2. Actual result
Returns Exception stack trace in response body - *NOK* (x)

h2. Expected result
Should not return the Exception stack trace in response body.

h2. How to reproduce
TestRowResource table does NOT exists:

{code:java}
curl -vi -X PUT \
-H ""Content-type: application/json"" \
-H ""Accept: application/json"" \
-d '{""Row"":[{""key"":""dGVzdHJvdzE="",""Cell"":[{""column"":""YTox"",""$"":""dGVzdHZhbHVlMgo=""},{""column"":""YToy"",""$"":""dGVzdHZhbHVlMTIK""}]}]}' \                      
""http://localhost:8080/TestRowResourcea/testrow1?check=append"" 
* Host localhost:8080 was resolved.
* IPv6: ::1
* IPv4: 127.0.0.1
*   Trying [::1]:8080...
* Connected to localhost (::1) port 8080
> PUT /TestRowResourcea/testrow1?check=append HTTP/1.1
> Host: localhost:8080
> User-Agent: curl/8.9.1
> Content-type: application/json
> Accept: application/json
> Content-Length: 123
> 
* upload completely sent off: 123 bytes
< HTTP/1.1 404 Not Found
HTTP/1.1 404 Not Found
< X-Frame-Options: DENY
X-Frame-Options: DENY
< X-Content-Type-Options: nosniff
X-Content-Type-Options: nosniff
< X-XSS-Protection: 1; mode=block
X-XSS-Protection: 1; mode=block
< Content-Type: text/plain
Content-Type: text/plain
< Transfer-Encoding: chunked
Transfer-Encoding: chunked
< 

Not found
org.apache.hadoop.hbase.TableNotFoundException: TestRowResourcea
	at java.base/java.lang.Thread.getStackTrace(Thread.java:1619)
	at org.apache.hadoop.hbase.util.FutureUtils.setStackTrace(FutureUtils.java:144)
	at org.apache.hadoop.hbase.util.FutureUtils.rethrow(FutureUtils.java:163)
	at org.apache.hadoop.hbase.util.FutureUtils.get(FutureUtils.java:186)
	at org.apache.hadoop.hbase.client.TableOverAsyncTable.append(TableOverAsyncTable.java:325)
	at org.apache.hadoop.hbase.rest.RowResource.append(RowResource.java:702)
	at org.apache.hadoop.hbase.rest.RowResource.update(RowResource.java:183)
	at org.apache.hadoop.hbase.rest.RowResource.put(RowResource.java:324)

...

{code}

Create TestRowResource table with column family ""a"".
Call append with column family ""cf"":

{code:java}
curl -vi -X PUT \
  -H ""Accept: text/xml"" \
  -H ""Content-Type: text/xml"" \
  -d '<?xml version=""1.0"" encoding=""UTF-8"" standalone=""yes""?><CellSet><Row key=""cm93NQo=""><Cell column=""Y2Y6ZQo="">dmFsdWU1Cg==</Cell></Row></CellSet>' \
  ""http://localhost:8080/TestRowResource/testrow1?check=append""
* Host localhost:8080 was resolved.
* IPv6: ::1
* IPv4: 127.0.0.1
*   Trying [::1]:8080...
* Connected to localhost (::1) port 8080
> PUT /TestRowResource/testrow1?check=append HTTP/1.1
> Host: localhost:8080
> User-Agent: curl/8.9.1
> Accept: text/xml
> Content-Type: text/xml
> Content-Length: 143
> 
* upload completely sent off: 143 bytes
< HTTP/1.1 404 Not Found
HTTP/1.1 404 Not Found
< X-Frame-Options: DENY
X-Frame-Options: DENY
< X-Content-Type-Options: nosniff
X-Content-Type-Options: nosniff
< X-XSS-Protection: 1; mode=block
X-XSS-Protection: 1; mode=block
< Content-Type: text/plain
Content-Type: text/plain
< Transfer-Encoding: chunked
Transfer-Encoding: chunked
< 

Not found
org.apache.hadoop.hbase.regionserver.NoSuchColumnFamilyException: org.apache.hadoop.hbase.regionserver.NoSuchColumnFamilyException: Column family cf does not exist in region TestRowResource,,1732811650328.776b1d03b9852a83de1f77688b16865d. in table 'TestRowResource', {TABLE_ATTRIBUTES => {METADATA => {'hbase.store.file-tracker.impl' => 'DEFAULT'}}}, {NAME => 'a', INDEX_BLOCK_ENCODING => 'NONE', VERSIONS => '1', KEEP_DELETED_CELLS => 'FALSE', DATA_BLOCK_ENCODING => 'NONE', TTL => 'FOREVER', MIN_VERSIONS => '0', REPLICATION_SCOPE => '0', BLOOMFILTER => 'ROW', IN_MEMORY => 'false', COMPRESSION => 'NONE', BLOCKCACHE => 'true', BLOCKSIZE => '65536 B (64KB)'}, {NAME => 'b', INDEX_BLOCK_ENCODING => 'NONE', VERSIONS => '1', KEEP_DELETED_CELLS => 'FALSE', DATA_BLOCK_ENCODING => 'NONE', TTL => 'FOREVER', MIN_VERSIONS => '0', REPLICATION_SCOPE => '0', BLOOMFILTER => 'ROW', IN_MEMORY => 'false', COMPRESSION => 'NONE', BLOCKCACHE => 'true', BLOCKSIZE => '65536 B (64KB)'}
	at org.apache.hadoop.hbase.regionserver.HRegion.checkFamily(HRegion.java:5376)
	at org.apache.hadoop.hbase.regionserver.HRegion.checkFamily(HRegion.java:5363)
	at org.apache.hadoop.hbase.regionserver.HRegion.checkFamilies(HRegion.java:5357)
	at org.apache.hadoop.hbase.regionserver.HRegion$BatchOperation.checkAndPrepareMutation(HRegion.java:3508)
	at org.apache.hadoop.hbase.regionserver.HRegion$BatchOperation.checkAndPrepareMutation(HRegion.java:3515)
	at org.apache.hadoop.hbase.regionserver.HRegion$MutationBatchOperation$1.visit(HRegion.java:3899)
	at org.apache.hadoop.hbase.regionserver.HRegion$BatchOperation.visitBatchOperations(HRegion.java:3394)
	at org.apache.hadoop.hbase.regionserver.HRegion$MutationBatchOperation.checkAndPrepare(HRegion.java:3878)
	at org.apache.hadoop.hbase.regionserver.HRegion.batchMutate(HRegion.java:4779)
	at org.apache.hadoop.hbase.regionserver.HRegion.batchMutate(HRegion.java:4699)
	at org.apache.hadoop.hbase.regionserver.HRegion.mutate(HRegion.java:5194)
	at org.apache.hadoop.hbase.regionserver.HRegion.lambda$append$31(HRegion.java:8087)
	at org.apache.hadoop.hbase.trace.TraceUtil.trace(TraceUtil.java:216)
	at org.apache.hadoop.hbase.regionserver.HRegion.append(HRegion.java:8081)
	at org.apache.hadoop.hbase.regionserver.RSRpcServices.append(RSRpcServices.java:699)
	at org.apache.hadoop.hbase.regionserver.RSRpcServices.mutate(RSRpcServices.java:2972)
	at org.apache.hadoop.hbase.shaded.protobuf.generated.ClientProtos$ClientService$2.callBlockingMethod(ClientProtos.java:43506)
	at org.apache.hadoop.hbase.ipc.RpcServer.call(RpcServer.java:444)
	at org.apache.hadoop.hbase.ipc.CallRunner.run(CallRunner.java:124)
	at org.apache.hadoop.hbase.ipc.RpcHandler.run(RpcHandler.java:102)
	at org.apache.hadoop.hbase.ipc.RpcHandler.run(RpcHandler.java:82)

...

{code}",0
HBASE-13396462,13396462,Introduce a ConnectionRegistryEndpoint interface,So the special RegionServerRegistry could still be used after we make HMaster not extends HRegionServer.,Major,Fixed,Resolved,21/Aug/21 07:53,25/Aug/21 11:20,Introduce a ConnectionRegistryEndpoint interface. So the special RegionServerRegistry could still be used after we make HMaster not extends HRegionServer.,0
HBASE-13579683,13579683,Add ErrorProne ban on Hadoop shaded thirdparty jars,"Over on HBASE-28568 we got tripped up because we pulled in the shaded Guava provided by Hadoop. This wasn't noticed until the backport to branch-2, which builds against hadoop-2. We should make this a compile time failure.",Major,Fixed,Resolved,17/May/24 15:09,23/May/24 08:22,"Add ErrorProne ban on Hadoop shaded thirdparty jars. Over on HBASE-28568 we got tripped up because we pulled in the shaded Guava provided by Hadoop. This wasn't noticed until the backport to branch-2, which builds against hadoop-2. We should make this a compile time failure.",0
HBASE-13534028,13534028,HBCK throws RejectedExecutionException when closing ZooKeeper resources,"HBCK throws RejectedExecutionException at the end of run, because the order of closing ZooKeeper resources has been swapped in HBASE-27426.

In ZKWatcher.java close() method first it shuts down the zkEventProcessor and when it fully shut down, it closes the RecoverableZooKeeper (the ZK client). The watcher receives the close event which cannot be submitted to the event processor and throws exception.

I think we need to check whether the executor is able to receive jobs before submitting.",Major,Fixed,Resolved,25/Apr/23 15:49,01/May/23 15:53,"HBCK throws RejectedExecutionException when closing ZooKeeper resources. HBCK throws RejectedExecutionException at the end of run, because the order of closing ZooKeeper resources has been swapped in HBASE-27426.

In ZKWatcher.java close() method first it shuts down the zkEventProcessor and when it fully shut down, it closes the RecoverableZooKeeper (the ZK client). The watcher receives the close event which cannot be submitted to the event processor and throws exception.

I think we need to check whether the executor is able to receive jobs before submitting.",0
HBASE-13584224,13584224,Add hadoop 3.4.0 in hadoop check,,Major,Fixed,Resolved,29/Jun/24 01:50,08/Jul/24 07:29,Add hadoop 3.4.0 in hadoop check.,0
HBASE-13392940,13392940,Configurable disallowlist for live editing of loglevels,"We currently use log4j/slf4j for audit logging in AccessController. This is convenient but presents a security/compliance risk because we allow live-editing of logLevels via the UI. One can simply set the logger to OFF and then perform actions un-audited.

We should add a configuration for setting certain log levels to read-only",Minor,Fixed,Resolved,01/Aug/21 13:33,05/Aug/21 03:12,"Configurable disallowlist for live editing of loglevels. We currently use log4j/slf4j for audit logging in AccessController. This is convenient but presents a security/compliance risk because we allow live-editing of logLevels via the UI. One can simply set the logger to OFF and then perform actions un-audited.

We should add a configuration for setting certain log levels to read-only",0
HBASE-13305078,13305078,MergeNormalizer is merging non-adjacent regions and causing region overlaps/holes.,"Currently, we found normalizer was merging regions which are non-adjacent, it will cause inconsistencies in the cluster.
{code:java}
439055 2020-05-08 17:47:09,814 INFO org.apache.hadoop.hbase.master.normalizer.MergeNormalizationPlan: Executing merging normalization plan: MergeNormalizationPlan{firstRegion={ENCODED => 47fe236a5e3649ded95cb64ad0c08492, NAME => 'TABLE,\x03\x01\x05\x01\x04\x02,1554838974870.47fe236a5e3649ded95cb64ad       0c08492.', STARTKEY => '\x03\x01\x05\x01\x04\x02', ENDKEY => '\x03\x01\x05\x01\x04\x02\x01\x02\x02201904082200\x00\x00\x03Mac\x00\x00\x00\x00\x00\x00\x00\x00\x00iMac13,1\x00\x00\x00\x00\x00\x049.3-14E260\x00\x00\x00\x00\x00\x00\x00\x00\x00\x00\x00\x00\x00\x02\x05'}, secondRegion={ENCODED => 0c0f2aa67f4329d5c4       8ba0320f173d31, NAME => 'TABLE,\x03\x01\x05\x02\x01\x01,1554830735526.0c0f2aa67f4329d5c48ba0320f173d31.', STARTKEY => '\x03\x01\x05\x02\x01\x01', ENDKEY => '\x03\x01\x05\x02\x01\x02'}}
439056 2020-05-08 17:47:11,438 INFO org.apache.hadoop.hbase.ScheduledChore: CatalogJanitor-*****:16000 average execution time: 1676219193 ns.
439057 2020-05-08 17:47:11,730 INFO org.apache.hadoop.hbase.master.HMaster: Client=null/null merge regions [47fe236a5e3649ded95cb64ad0c08492], [0c0f2aa67f4329d5c48ba0320f173d31]
 {code}
 

The root cause is that getMergeNormalizationPlan() uses a list of regionInfo which is ordered by regionName. regionName does not necessary guarantee the order of STARTKEY (let's say 'aa1', 'aa1!', in order of regionName, it will be 'aa1!' followed by 'aa1'. This will result in normalizer merging non-adjacent regions into one and creates overlaps. This is not an issue in branch-1 as the list is already ordered by RegionInfo.COMPARATOR in normalizer.

 ",Critical,Fixed,Resolved,15/May/20 00:48,25/May/20 23:13,"MergeNormalizer is merging non-adjacent regions and causing region overlaps/holes.. Currently, we found normalizer was merging regions which are non-adjacent, it will cause inconsistencies in the cluster.
{code:java}
439055 2020-05-08 17:47:09,814 INFO org.apache.hadoop.hbase.master.normalizer.MergeNormalizationPlan: Executing merging normalization plan: MergeNormalizationPlan{firstRegion={ENCODED => 47fe236a5e3649ded95cb64ad0c08492, NAME => 'TABLE,\x03\x01\x05\x01\x04\x02,1554838974870.47fe236a5e3649ded95cb64ad       0c08492.', STARTKEY => '\x03\x01\x05\x01\x04\x02', ENDKEY => '\x03\x01\x05\x01\x04\x02\x01\x02\x02201904082200\x00\x00\x03Mac\x00\x00\x00\x00\x00\x00\x00\x00\x00iMac13,1\x00\x00\x00\x00\x00\x049.3-14E260\x00\x00\x00\x00\x00\x00\x00\x00\x00\x00\x00\x00\x00\x02\x05'}, secondRegion={ENCODED => 0c0f2aa67f4329d5c4       8ba0320f173d31, NAME => 'TABLE,\x03\x01\x05\x02\x01\x01,1554830735526.0c0f2aa67f4329d5c48ba0320f173d31.', STARTKEY => '\x03\x01\x05\x02\x01\x01', ENDKEY => '\x03\x01\x05\x02\x01\x02'}}
439056 2020-05-08 17:47:11,438 INFO org.apache.hadoop.hbase.ScheduledChore: CatalogJanitor-*****:16000 average execution time: 1676219193 ns.
439057 2020-05-08 17:47:11,730 INFO org.apache.hadoop.hbase.master.HMaster: Client=null/null merge regions [47fe236a5e3649ded95cb64ad0c08492], [0c0f2aa67f4329d5c48ba0320f173d31]
 {code}
 

The root cause is that getMergeNormalizationPlan() uses a list of regionInfo which is ordered by regionName. regionName does not necessary guarantee the order of STARTKEY (let's say 'aa1', 'aa1!', in order of regionName, it will be 'aa1!' followed by 'aa1'. This will result in normalizer merging non-adjacent regions into one and creates overlaps. This is not an issue in branch-1 as the list is already ordered by RegionInfo.COMPARATOR in normalizer.",1
HBASE-13526849,13526849,Should support single call queue mode for RPC handlers while separating by request type,"Currently we not only seperate call queues by request type, e.g. read, write, scan, but also distinguish queues for handlers by the config `hbase.ipc.server.callqueue.handler.factor`, whose description is as follows,
{code:java}
Factor to determine the number of call queues.
  A value of 0 means a single queue shared between all the handlers.
  A value of 1 means that each handler has its own queue. {code}
But I think what we want is not only one queue for all the requests, or each handler has its own queue. We also want each request type has its own queue.

Distinguishing queues in the same type of requests will make some handlers too iddle but some handlers too busy under current balanced/random RPC executor framework. For the extrem case, each handler has its own queue, then if a large request comes for a handler, duing to he executor dispath calls without considering the queue size or the state of the handler, the afterwards coming requests will be queued until the handler complete the large slow request. While other handlers may process small requests quickly, but they can not help or grab calls from the busy queue, they must stay and wait it own queue jobs coming. Then we can see the queue time of some requests are long but there are iddle handlers.

We can also see these circumstances, that the queue time of calls is too larger than the process time, sometimes twice or more. Restarting the slow RS will make these problems disappear. 

By using single call queue for each request type, we can fully use the handler resources.",Major,,Open,02/Mar/23 12:03,,"Should support single call queue mode for RPC handlers while separating by request type. Currently we not only seperate call queues by request type, e.g. read, write, scan, but also distinguish queues for handlers by the config `hbase.ipc.server.callqueue.handler.factor`, whose description is as follows,
{code:java}
Factor to determine the number of call queues.
  A value of 0 means a single queue shared between all the handlers.
  A value of 1 means that each handler has its own queue. {code}
But I think what we want is not only one queue for all the requests, or each handler has its own queue. We also want each request type has its own queue.

Distinguishing queues in the same type of requests will make some handlers too iddle but some handlers too busy under current balanced/random RPC executor framework. For the extrem case, each handler has its own queue, then if a large request comes for a handler, duing to he executor dispath calls without considering the queue size or the state of the handler, the afterwards coming requests will be queued until the handler complete the large slow request. While other handlers may process small requests quickly, but they can not help or grab calls from the busy queue, they must stay and wait it own queue jobs coming. Then we can see the queue time of some requests are long but there are iddle handlers.

We can also see these circumstances, that the queue time of calls is too larger than the process time, sometimes twice or more. Restarting the slow RS will make these problems disappear. 

By using single call queue for each request type, we can fully use the handler resources.",0
HBASE-13326227,13326227,Move ReplicationBarrier related methods to a separated class,,Major,Fixed,Resolved,07/Sep/20 02:57,07/Sep/20 12:50,Move ReplicationBarrier related methods to a separated class.,0
HBASE-13428124,13428124,RegionReplicationSink.send set timeout for replicating meta edits error,"HBASE-26539 introduce separate {{RegionReplicationSink.metaEditRpcTimeoutNs}} and {{RegionReplicationSink.metaEditOperationTimeoutNs}} for replicating meta edits, but seems in {{RegionReplicationSink.send}} set timeout is erroneous:
{code:java}
     if (hasMetaEdit) {
      rpcTimeoutNsToUse = rpcTimeoutNs;
      operationTimeoutNsToUse = operationTimeoutNs;
    } else {
      rpcTimeoutNsToUse = metaEditRpcTimeoutNs;
      operationTimeoutNsToUse = metaEditOperationTimeoutNs;
    }
{code}",Major,Fixed,Resolved,12/Feb/22 06:00,14/Feb/22 09:15,"RegionReplicationSink.send set timeout for replicating meta edits error. HBASE-26539 introduce separate {{RegionReplicationSink.metaEditRpcTimeoutNs}} and {{RegionReplicationSink.metaEditOperationTimeoutNs}} for replicating meta edits, but seems in {{RegionReplicationSink.send}} set timeout is erroneous:
{code:java}
     if (hasMetaEdit) {
      rpcTimeoutNsToUse = rpcTimeoutNs;
      operationTimeoutNsToUse = operationTimeoutNs;
    } else {
      rpcTimeoutNsToUse = metaEditRpcTimeoutNs;
      operationTimeoutNsToUse = metaEditOperationTimeoutNs;
    }
{code}",0
HBASE-13329910,13329910,ReplicationSourceShipper thread can not be finished,"See [Flaky Tests|https://ci-hadoop.apache.org/job/HBase/job/HBase-Flaky-Tests/job/master/161/console], some UTs about replication failed cause timeout.

In [HBaseInterClusterReplicationEndpoint.sleepForRetries|https://github.com/apache/hbase/blob/78ae1f176d4215dcc34067ed25d786a4fcd4d888/hbase-server/src/main/java/org/apache/hadoop/hbase/replication/regionserver/HBaseInterClusterReplicationEndpoint.java#L203], InterruptedException is caught but no further processing, the interrupted status of the current thread is cleared.

Below is the code comment of Thread.sleep.
{code:java}
/**
 * ...
 *
 * @throws  InterruptedException
 *          if any thread has interrupted the current thread. The
 *          <i>interrupted status</i> of the current thread is
 *          cleared when this exception is thrown.
 */
public static native void sleep(long millis) throws InterruptedException;
{code}
So InterruptedException must be processed, otherwise ReplicationSourceShipper thread cannot be terminated in some cases.",Major,Fixed,Resolved,29/Sep/20 10:43,14/Oct/20 17:38,"ReplicationSourceShipper thread can not be finished. See [Flaky Tests|https://ci-hadoop.apache.org/job/HBase/job/HBase-Flaky-Tests/job/master/161/console], some UTs about replication failed cause timeout.

In [HBaseInterClusterReplicationEndpoint.sleepForRetries|https://github.com/apache/hbase/blob/78ae1f176d4215dcc34067ed25d786a4fcd4d888/hbase-server/src/main/java/org/apache/hadoop/hbase/replication/regionserver/HBaseInterClusterReplicationEndpoint.java#L203], InterruptedException is caught but no further processing, the interrupted status of the current thread is cleared.

Below is the code comment of Thread.sleep.
{code:java}
/**
 * ...
 *
 * @throws  InterruptedException
 *          if any thread has interrupted the current thread. The
 *          <i>interrupted status</i> of the current thread is
 *          cleared when this exception is thrown.
 */
public static native void sleep(long millis) throws InterruptedException;
{code}
So InterruptedException must be processed, otherwise ReplicationSourceShipper thread cannot be terminated in some cases.",0
HBASE-13316788,13316788,Improve performance of SKIP vs SEEK logic,"In our testing of HBase 1.3 against the current tip of branch-1 we saw a 30% slowdown in scanning scenarios.

We tracked it back to HBASE-17958 and HBASE-19863.
Both add comparisons to one of the tightest HBase has.

[~bharathv]",Major,Fixed,Closed,15/Jul/20 00:27,21/Jul/20 22:51,"Improve performance of SKIP vs SEEK logic. In our testing of HBase 1.3 against the current tip of branch-1 we saw a 30% slowdown in scanning scenarios.

We tracked it back to HBASE-17958 and HBASE-19863.
Both add comparisons to one of the tightest HBase has.

[~bharathv]",0
HBASE-13277330,13277330,Find a way to handle the corrupt recovered hfiles,"Copy the comment from PR review.

 

If the file is a corrupt HFile, an exception will be thrown here, which will cause the region to fail to open.
Maybe we can add a new parameter to control whether to skip the exception, similar to recover edits which has a parameter ""hbase.hregion.edits.replay.skip.errors"";

 

Regions that can't be opened because of detached References or corrupt hfiles are a fact-of-life. We need work on this issue. This will be a new variant on the problem -- i.e. bad recovered hfiles.

On adding a config to ignore bad files and just open, thats a bit dangerous as per @infraio .... as it could mean silent data loss.",Critical,Fixed,Resolved,03/Jan/20 09:08,22/Mar/20 15:07,"Find a way to handle the corrupt recovered hfiles. Copy the comment from PR review.

 

If the file is a corrupt HFile, an exception will be thrown here, which will cause the region to fail to open.
Maybe we can add a new parameter to control whether to skip the exception, similar to recover edits which has a parameter ""hbase.hregion.edits.replay.skip.errors"";

 

Regions that can't be opened because of detached References or corrupt hfiles are a fact-of-life. We need work on this issue. This will be a new variant on the problem -- i.e. bad recovered hfiles.

On adding a config to ignore bad files and just open, thats a bit dangerous as per @infraio .... as it could mean silent data loss.",1
HBASE-13351189,13351189,TestRollingRestart is broken,"https://ci-hadoop.apache.org/job/HBase/job/HBase-Find-Flaky-Tests/job/master/lastSuccessfulBuild/artifact/output/dashboard.html

It fails almost 100%.",Major,,Open,09/Jan/21 01:54,,"TestRollingRestart is broken. https://ci-hadoop.apache.org/job/HBase/job/HBase-Find-Flaky-Tests/job/master/lastSuccessfulBuild/artifact/output/dashboard.html

It fails almost 100%.",0
HBASE-13278696,13278696,Too many rit page Numbers show confusion,"Too much rits can cause page rendering clutter, which can be resolved by adding pagers.",Trivial,Fixed,Resolved,10/Jan/20 11:23,15/Jan/20 21:58,"Too many rit page Numbers show confusion. Too much rits can cause page rendering clutter, which can be resolved by adding pagers.",0
HBASE-13548364,13548364,Rebase HBASE-27389 branch with master and fix conflicts,,Major,Fixed,Resolved,23/Aug/23 09:55,23/Aug/23 12:56,Rebase HBASE-27389 branch with master and fix conflicts.,0
HBASE-13320733,13320733,ReplicationSource should clear buffer usage on ReplicationSourceManager upon termination,"Following investigations on the issue described by [~elserj] on HBASE-24779, we found out that once a peer is removed, thus killing peers related *ReplicationSource* instance, it may leave *ReplicationSourceManager.totalBufferUsed* inconsistent. This can happen if *ReplicationSourceWALReader* had put some entries on its queue to be processed by *ReplicationSourceShipper,* but the peer removal killed the shipper before it could process the pending entries. When *ReplicationSourceWALReader* thread add entries to the queue, it increments *ReplicationSourceManager.totalBufferUsed* with the sum of the entries sizes. When those entries are read by *ReplicationSourceShipper,* *ReplicationSourceManager.totalBufferUsed* is then decreased. We should also decrease *ReplicationSourceManager.totalBufferUsed* when *ReplicationSource* is terminated, otherwise those unprocessed entries size would be consuming *ReplicationSourceManager.totalBufferUsed __*indefinitely, unless the RS gets restarted. This may be a problem for deployments with multiple peers, or if new peers are added.**",Major,Fixed,Resolved,03/Aug/20 19:20,12/Jan/21 23:59,"ReplicationSource should clear buffer usage on ReplicationSourceManager upon termination. Following investigations on the issue described by [~elserj] on HBASE-24779, we found out that once a peer is removed, thus killing peers related *ReplicationSource* instance, it may leave *ReplicationSourceManager.totalBufferUsed* inconsistent. This can happen if *ReplicationSourceWALReader* had put some entries on its queue to be processed by *ReplicationSourceShipper,* but the peer removal killed the shipper before it could process the pending entries. When *ReplicationSourceWALReader* thread add entries to the queue, it increments *ReplicationSourceManager.totalBufferUsed* with the sum of the entries sizes. When those entries are read by *ReplicationSourceShipper,* *ReplicationSourceManager.totalBufferUsed* is then decreased. We should also decrease *ReplicationSourceManager.totalBufferUsed* when *ReplicationSource* is terminated, otherwise those unprocessed entries size would be consuming *ReplicationSourceManager.totalBufferUsed __*indefinitely, unless the RS gets restarted. This may be a problem for deployments with multiple peers, or if new peers are added.**",0
HBASE-13319051,13319051,Document Remote Procedure Execution,"The doc in ServerRemoteProcedure, the main class is good. I said I'd give it a tuneup now we've a few impls of this feature. I want to doc in the code rather than in refguide since it devs who would use it.",Major,Fixed,Closed,23/Jul/20 22:10,29/Jul/20 14:46,"Document Remote Procedure Execution. The doc in ServerRemoteProcedure, the main class is good. I said I'd give it a tuneup now we've a few impls of this feature. I want to doc in the code rather than in refguide since it devs who would use it.",0
HBASE-13547686,13547686,Read all compressed bytes to a byte array before submitting them to decompressor,,Major,Fixed,Resolved,17/Aug/23 08:20,27/Aug/23 07:07,Read all compressed bytes to a byte array before submitting them to decompressor.,0
HBASE-13382257,13382257,Shell alter command (modify operation) sometimes times out,"Execution of an alter command like the following on a non-interactive shell sometimes times out:
{code:java}
echo ""alter 'aeris_v2', {NAME=>'e', VERSIONS=>'43200', MIN_VERSIONS=>'3', TTL=>'7776000'}, NANOSECOND_TIMESTAMPS => 'true'"" | hbase shell -n{code}
A similar issue was reported in [HBASE-21795|https://issues.apache.org/jira/browse/HBASE-21795], but based on its description it should be resolved on the HBase versions we are running (2.1.4, 2.2.4).

The hbasemaster and regionserver logs attached are relevant to one occurrence of the issue when the command started at 2021-05-29 05:25 and timed out 10 minutes later at 2021-05-29 05:35.

Note that the affected table appeared to be modified even though the shell command timed out.

The hbase shell debug output attached is from another similar failure where we managed to toggle the shell d flag to capture extra debug information. The capture indicates the zookeeper client session being closed at the 1-minute mark and the command failing at the 10-minute mark with a timeout.

If there is a way to output even more debugging information (e.g. stack traces) from the shell process other than specifying the ""d"" flag to help troubleshoot the issue, please let us know.",Major,,Open,05/Jun/21 04:42,,"Shell alter command (modify operation) sometimes times out. Execution of an alter command like the following on a non-interactive shell sometimes times out:
{code:java}
echo ""alter 'aeris_v2', {NAME=>'e', VERSIONS=>'43200', MIN_VERSIONS=>'3', TTL=>'7776000'}, NANOSECOND_TIMESTAMPS => 'true'"" | hbase shell -n{code}
A similar issue was reported in [HBASE-21795|https://issues.apache.org/jira/browse/HBASE-21795], but based on its description it should be resolved on the HBase versions we are running (2.1.4, 2.2.4).

The hbasemaster and regionserver logs attached are relevant to one occurrence of the issue when the command started at 2021-05-29 05:25 and timed out 10 minutes later at 2021-05-29 05:35.

Note that the affected table appeared to be modified even though the shell command timed out.

The hbase shell debug output attached is from another similar failure where we managed to toggle the shell d flag to capture extra debug information. The capture indicates the zookeeper client session being closed at the 1-minute mark and the command failing at the 10-minute mark with a timeout.

If there is a way to output even more debugging information (e.g. stack traces) from the shell process other than specifying the ""d"" flag to help troubleshoot the issue, please let us know.",0
HBASE-13579055,13579055,Backport HBASE-26525 Use unique thread name for group WALs,,Major,Fixed,Resolved,13/May/24 11:07,21/May/24 08:30,Backport HBASE-26525 Use unique thread name for group WALs.,0
HBASE-13494218,13494218,Use ReadWriteLock for region scanner readpoint map ,"Currently we manage the concurrency between the RegionScanner and getSmallestReadPoint by synchronizing on the scannerReadPoints object. In our production, we find that many read threads are blocked by this when we have a heavy read load. 

we need to get smallest read point when 
a. flush a memstore 
b. compact memstore/storefile 
c. do delta operation like increment/append
Usually the frequency of these operations is much less than read requests. 

It's a little expensive to use an exclusive lock here because for region scanners, what it need to do is just calcaulating readpoint and putting the readpoint in the scanner readpoint map, which is thread-safe. Multiple read threads can do this in parallel without synchronization.

Based on the above consideration, maybe we can replace the synchronized lock with readwrite lock. It will help improve the read performance if the bottleneck is on the synchronization here.

!jstack.png!",Minor,Fixed,Resolved,02/Nov/22 04:44,02/Mar/23 05:50,"Use ReadWriteLock for region scanner readpoint map . Currently we manage the concurrency between the RegionScanner and getSmallestReadPoint by synchronizing on the scannerReadPoints object. In our production, we find that many read threads are blocked by this when we have a heavy read load. 

we need to get smallest read point when 
a. flush a memstore 
b. compact memstore/storefile 
c. do delta operation like increment/append
Usually the frequency of these operations is much less than read requests. 

It's a little expensive to use an exclusive lock here because for region scanners, what it need to do is just calcaulating readpoint and putting the readpoint in the scanner readpoint map, which is thread-safe. Multiple read threads can do this in parallel without synchronization.

Based on the above consideration, maybe we can replace the synchronized lock with readwrite lock. It will help improve the read performance if the bottleneck is on the synchronization here.

!jstack.png!",0
HBASE-13287813,13287813,[flakey] TestThriftHttpServer fails to bind to port,"We see thrift tests fail occasionally in Jenkins due to failure to bind to port.

{noformat}
2020-02-26 10:24:07,725 INFO  [ThriftServer-httpServer] http.HttpServer (HttpServer.java:start(1063)) - HttpServer.start() threw a non Bind IOException
java.net.BindException: Port in use: 0.0.0.0:54902
	at org.apache.hadoop.hbase.http.HttpServer.openListeners(HttpServer.java:1126)
	at org.apache.hadoop.hbase.http.HttpServer.start(HttpServer.java:1060)
	at org.apache.hadoop.hbase.http.InfoServer.start(InfoServer.java:148)
	at org.apache.hadoop.hbase.thrift.ThriftServer.startInfoServer(ThriftServer.java:308)
	at org.apache.hadoop.hbase.thrift.ThriftServer.run(ThriftServer.java:849)
	at org.apache.hadoop.hbase.thrift.TestThriftHttpServer.lambda$startHttpServerThread$0(TestThriftHttpServer.java:121)
	at java.lang.Thread.run(Thread.java:748)
Caused by: java.net.BindException: Address already in use
	at sun.nio.ch.Net.bind0(Native Method)
	at sun.nio.ch.Net.bind(Net.java:433)
	at sun.nio.ch.Net.bind(Net.java:425)
	at sun.nio.ch.ServerSocketChannelImpl.bind(ServerSocketChannelImpl.java:223)
	at sun.nio.ch.ServerSocketAdaptor.bind(ServerSocketAdaptor.java:74)
	at org.eclipse.jetty.server.ServerConnector.openAcceptChannel(ServerConnector.java:351)
	at org.eclipse.jetty.server.ServerConnector.open(ServerConnector.java:319)
	at org.apache.hadoop.hbase.http.HttpServer.openListeners(HttpServer.java:1120)
	... 6 more
{noformat}",Minor,,Open,26/Feb/20 18:08,,"[flakey] TestThriftHttpServer fails to bind to port. We see thrift tests fail occasionally in Jenkins due to failure to bind to port.

{noformat}
2020-02-26 10:24:07,725 INFO  [ThriftServer-httpServer] http.HttpServer (HttpServer.java:start(1063)) - HttpServer.start() threw a non Bind IOException
java.net.BindException: Port in use: 0.0.0.0:54902
	at org.apache.hadoop.hbase.http.HttpServer.openListeners(HttpServer.java:1126)
	at org.apache.hadoop.hbase.http.HttpServer.start(HttpServer.java:1060)
	at org.apache.hadoop.hbase.http.InfoServer.start(InfoServer.java:148)
	at org.apache.hadoop.hbase.thrift.ThriftServer.startInfoServer(ThriftServer.java:308)
	at org.apache.hadoop.hbase.thrift.ThriftServer.run(ThriftServer.java:849)
	at org.apache.hadoop.hbase.thrift.TestThriftHttpServer.lambda$startHttpServerThread$0(TestThriftHttpServer.java:121)
	at java.lang.Thread.run(Thread.java:748)
Caused by: java.net.BindException: Address already in use
	at sun.nio.ch.Net.bind0(Native Method)
	at sun.nio.ch.Net.bind(Net.java:433)
	at sun.nio.ch.Net.bind(Net.java:425)
	at sun.nio.ch.ServerSocketChannelImpl.bind(ServerSocketChannelImpl.java:223)
	at sun.nio.ch.ServerSocketAdaptor.bind(ServerSocketAdaptor.java:74)
	at org.eclipse.jetty.server.ServerConnector.openAcceptChannel(ServerConnector.java:351)
	at org.eclipse.jetty.server.ServerConnector.open(ServerConnector.java:319)
	at org.apache.hadoop.hbase.http.HttpServer.openListeners(HttpServer.java:1120)
	... 6 more
{noformat}",0
HBASE-13574769,13574769,Implement HTTP session support in REST server and client for default auth,"The REST server (and java client) currently does not implement sessions.

While is not  necessary for the REST API to work, implementing sessions would be a big improvement in throughput and resource usage.

* It would make load balancing with sticky sessions possible
* It would save the overhead of performing authentication for each request

 The gains are particularly big when using SPENGO:

* The full SPENGO handshake can be skipped for subsequent requests
* When Knox performs SPENGO authentication for the proxied client, it access the identity store each time. When the session is set, this step is only perfomed on the initial request.

The same change has resulted in spectacular performance improvements for Phoenix Query Server when implemented in Avatica.",Major,,Open,05/Apr/24 11:32,,"Implement HTTP session support in REST server and client for default auth. The REST server (and java client) currently does not implement sessions.

While is not  necessary for the REST API to work, implementing sessions would be a big improvement in throughput and resource usage.

* It would make load balancing with sticky sessions possible
* It would save the overhead of performing authentication for each request

 The gains are particularly big when using SPENGO:

* The full SPENGO handshake can be skipped for subsequent requests
* When Knox performs SPENGO authentication for the proxied client, it access the identity store each time. When the session is set, this step is only perfomed on the initial request.

The same change has resulted in spectacular performance improvements for Phoenix Query Server when implemented in Avatica.",0
HBASE-13516266,13516266,[hbase-thirdparty] Upgrade Netty to 4.1.86.Final,"Netty version - 4.1.86.Final has fix some CVEs.
CVE-2022-41915,
CVE-2022-41881

Upgrade to latest version.

",Major,Fixed,Resolved,03/Jan/23 06:55,03/Jan/23 09:23,"[hbase-thirdparty] Upgrade Netty to 4.1.86.Final. Netty version - 4.1.86.Final has fix some CVEs.
CVE-2022-41915,
CVE-2022-41881

Upgrade to latest version.",0
HBASE-13526195,13526195,PB's parseDelimitedFrom can successfully return when there are not enough bytes,"Found this when writing some UTs for parsing partial header and trailer, WALHeader.parseDelimitedFrom can return successfully when there are only two bytes in the stream(only the length, actually).

So I know why in the past we have a followingKvCount == 0 check in ProtobufLogReader, as we just want to prevent the partial PB message.

This is a very critial problem, for me I think we should provide our own implementation of parseDelimitedFrom for some critical usages, for example, when reading WAL entries. If there are not enough data, we just throw exception out instead of returning a partial PB message.",Critical,Fixed,Resolved,26/Feb/23 06:58,28/Feb/23 02:10,"PB's parseDelimitedFrom can successfully return when there are not enough bytes. Found this when writing some UTs for parsing partial header and trailer, WALHeader.parseDelimitedFrom can return successfully when there are only two bytes in the stream(only the length, actually).

So I know why in the past we have a followingKvCount == 0 check in ProtobufLogReader, as we just want to prevent the partial PB message.

This is a very critial problem, for me I think we should provide our own implementation of parseDelimitedFrom for some critical usages, for example, when reading WAL entries. If there are not enough data, we just throw exception out instead of returning a partial PB message.",1
HBASE-13381730,13381730,[HBOSS] Introducing hbase metrics to Hboss,I would like to introduce hbase metrics to Hboss to allow closer monitoring of rename performance.,Major,Fixed,Resolved,02/Jun/21 15:27,02/Jun/21 15:37,[HBOSS] Introducing hbase metrics to Hboss. I would like to introduce hbase metrics to Hboss to allow closer monitoring of rename performance.,0
HBASE-13414329,13414329,[hbase-thirdparty] Put up 4.0.0RC0,,Major,Fixed,Resolved,29/Nov/21 15:06,01/Dec/21 13:54,[hbase-thirdparty] Put up 4.0.0RC0.,0
HBASE-13312678,13312678,Implement meta merge,,Major,Fixed,Resolved,21/Jun/20 12:36,09/Sep/20 04:39,Implement meta merge.,0
HBASE-13325423,13325423,Remove read point parameter in method StoreFlush#performFlush and StoreFlush#createScanner,"Currently, read point parameter in method StoreFlush#performFlush is useless and can be safely removed.
and then method StoreFlush#createScanner can also remove this parameter
See below 


{code:java}
// Some comments here
  /**
   * Performs memstore flush, writing data from scanner into sink.
   * @param scanner Scanner to get data from.
   * @param sink Sink to write data to. Could be StoreFile.Writer.
   * @param smallestReadPoint Smallest read point used for the flush.
   * @param throughputController A controller to avoid flush too fast
   */
  protected void performFlush(InternalScanner scanner, CellSink sink,
      long smallestReadPoint, ThroughputController throughputController) throws IOException
{code}


Parameter smallestReadPoint is not used in this method. When `smallestReadPoint` is removed,  inner method `createScanner` can remove this necessary parameter too
",Minor,Fixed,Resolved,01/Sep/20 02:09,02/Sep/20 10:14,"Remove read point parameter in method StoreFlush#performFlush and StoreFlush#createScanner. Currently, read point parameter in method StoreFlush#performFlush is useless and can be safely removed.
and then method StoreFlush#createScanner can also remove this parameter
See below 


{code:java}
// Some comments here
  /**
   * Performs memstore flush, writing data from scanner into sink.
   * @param scanner Scanner to get data from.
   * @param sink Sink to write data to. Could be StoreFile.Writer.
   * @param smallestReadPoint Smallest read point used for the flush.
   * @param throughputController A controller to avoid flush too fast
   */
  protected void performFlush(InternalScanner scanner, CellSink sink,
      long smallestReadPoint, ThroughputController throughputController) throws IOException
{code}


Parameter smallestReadPoint is not used in this method. When `smallestReadPoint` is removed,  inner method `createScanner` can remove this necessary parameter too",0
HBASE-13515343,13515343,Ensure that the baseStagingDir created by SecureBulkLoadManager has the correct permissions,"In the start function of SecureBulkLoadManager, there is the following code segment
{code:java}
  public void start() throws IOException {
    ......
    fs = FileSystem.get(conf);
    baseStagingDir = new Path(CommonFSUtils.getRootDir(conf), HConstants.BULKLOAD_STAGING_DIR_NAME);
    ......
    if (!fs.exists(baseStagingDir)) {
      fs.mkdirs(baseStagingDir, PERM_HIDDEN);
    }
  }
{code}
It can be seen that the run function will use the mkdirs to create the path when baseStagingDir does not exist, and the parameters passed in include the path variable baseStagingDir and a permission 700. But we haven't confirmed whether the permission is correctly assigned to the file.

The above question is raised because there are two mkdir functions of hadoop, namely 
{code:java}
mkdirs(Path f, FsPermission permission)
{code}
 and 
{code:java}
mkdirs(FileSystem fs, Path dir, FsPermission permission)
{code}
, and the first one is used here. The permissions of this function will be affected by the underlying umask. Although 700 here will hardly be affected by umask, but I think from a rigorous point of view, we should have one more permission check and permission grant here.",Minor,Duplicate,Resolved,23/Dec/22 09:17,23/Dec/22 09:45,"Ensure that the baseStagingDir created by SecureBulkLoadManager has the correct permissions. In the start function of SecureBulkLoadManager, there is the following code segment
{code:java}
  public void start() throws IOException {
    ......
    fs = FileSystem.get(conf);
    baseStagingDir = new Path(CommonFSUtils.getRootDir(conf), HConstants.BULKLOAD_STAGING_DIR_NAME);
    ......
    if (!fs.exists(baseStagingDir)) {
      fs.mkdirs(baseStagingDir, PERM_HIDDEN);
    }
  }
{code}
It can be seen that the run function will use the mkdirs to create the path when baseStagingDir does not exist, and the parameters passed in include the path variable baseStagingDir and a permission 700. But we haven't confirmed whether the permission is correctly assigned to the file.

The above question is raised because there are two mkdir functions of hadoop, namely 
{code:java}
mkdirs(Path f, FsPermission permission)
{code}
 and 
{code:java}
mkdirs(FileSystem fs, Path dir, FsPermission permission)
{code}
, and the first one is used here. The permissions of this function will be affected by the underlying umask. Although 700 here will hardly be affected by umask, but I think from a rigorous point of view, we should have one more permission check and permission grant here.",0
HBASE-13528336,13528336,Remove unused params in region metrics,"Histogram metrics in region have been removed in HBASE-17017, but there are some time cost params still left.

Need to remove them.",Major,Fixed,Resolved,14/Mar/23 03:57,01/Jun/23 09:16,"Remove unused params in region metrics. Histogram metrics in region have been removed in HBASE-17017, but there are some time cost params still left.

Need to remove them.",0
HBASE-13353559,13353559,Change ChoreService and ScheduledChore to IA.Private,"Follow up issue for HBASE-25509.

We are not providing a general scheduling library, so these two classes should not be IA.Public. User can just use other more powerful scheduling libraries.",Major,Fixed,Resolved,20/Jan/21 15:39,22/Jul/21 16:00,"Change ChoreService and ScheduledChore to IA.Private. Follow up issue for HBASE-25509.

We are not providing a general scheduling library, so these two classes should not be IA.Public. User can just use other more powerful scheduling libraries.",0
HBASE-13526960,13526960,Enable code coverage reporting to SonarQube in HBase,,Minor,Fixed,Resolved,03/Mar/23 09:28,10/Mar/23 20:44,Enable code coverage reporting to SonarQube in HBase.,0
HBASE-13450756,13450756,Upgrade hbase-thirdparty dependency to 4.1.1,So we can upgrade jackson to 2.13.3,Critical,Fixed,Resolved,18/Jun/22 15:05,22/Jun/22 15:39,Upgrade hbase-thirdparty dependency to 4.1.1. So we can upgrade jackson to 2.13.3,1
HBASE-13568947,13568947,Column family ns does not exist in region during upgrade to 3.0.0-beta-2,"Upgrading from 2.5.x to 3.0.0-alpha-2, migrateNamespaceTable kicks in to copy data from the namespace table to an ""ns"" family of the meta table. If you don't have an ""ns"" family, the migration fails and the hmaster will crash loop. You then can't rollback, because the briefly alive upgraded hmaster created a procedure that can't be deserialized by 2.x (I don't have this log handy unfortunately). I tried pushing code to create the ns family on startup, but it doesnt work becuase the migration happens while the hmaster is still initializing.

So it seems imperative that you create the ns family before upgrading. We should handle this more gracefully.",Blocker,Fixed,Resolved,17/Feb/24 22:30,10/Mar/24 08:46,"Column family ns does not exist in region during upgrade to 3.0.0-beta-2. Upgrading from 2.5.x to 3.0.0-alpha-2, migrateNamespaceTable kicks in to copy data from the namespace table to an ""ns"" family of the meta table. If you don't have an ""ns"" family, the migration fails and the hmaster will crash loop. You then can't rollback, because the briefly alive upgraded hmaster created a procedure that can't be deserialized by 2.x (I don't have this log handy unfortunately). I tried pushing code to create the ns family on startup, but it doesnt work becuase the migration happens while the hmaster is still initializing.

So it seems imperative that you create the ns family before upgrading. We should handle this more gracefully.",1
HBASE-13365650,13365650,Typo in docs vs code: hbase.mob.[file.]compaction.chore.period,"I might be missing something here, but after trying to disable mob compaction chore, and failed at it by setting hbase.mob.file.compaction.chore.period to 0, I realized docs and the code differ. 

Code:
https://github.com/apache/hbase/search?q=hbase.mob.compaction.chore.period
Docs:
https://github.com/apache/hbase/search?q=hbase.mob.file.compaction.chore.period

Looks like only a portion of the docs, still confusing.",Major,Fixed,Resolved,16/Mar/21 22:30,17/Mar/21 04:00,"Typo in docs vs code: hbase.mob.[file.]compaction.chore.period. I might be missing something here, but after trying to disable mob compaction chore, and failed at it by setting hbase.mob.file.compaction.chore.period to 0, I realized docs and the code differ. 

Code:
https://github.com/apache/hbase/search?q=hbase.mob.compaction.chore.period
Docs:
https://github.com/apache/hbase/search?q=hbase.mob.file.compaction.chore.period

Looks like only a portion of the docs, still confusing.",0
HBASE-13283250,13283250,Bump netty version to 4.1.45.Final in hbase-thirdparty,We do have a new netty version 4.1.45.Final which we could update to.,Major,Fixed,Resolved,04/Feb/20 13:51,06/Feb/20 11:03,Bump netty version to 4.1.45.Final in hbase-thirdparty. We do have a new netty version 4.1.45.Final which we could update to.,0
HBASE-13297226,13297226,Upgrade Thrift to 0.13.0: 0.12.0 has outstanding CVEs.,"In Apache Thrift all versions up to and including 0.12.0, a server or client may run into an endless loop when feed with specific input data. Because the issue had already been partially fixed in version 0.11.0, depending on the installed version it affects only certain language bindings.

To be on the safe side, we could update to 0.13.0.",Major,Fixed,Resolved,08/Apr/20 22:02,17/Apr/20 19:13,"Upgrade Thrift to 0.13.0: 0.12.0 has outstanding CVEs.. In Apache Thrift all versions up to and including 0.12.0, a server or client may run into an endless loop when feed with specific input data. Because the issue had already been partially fixed in version 0.11.0, depending on the installed version it affects only certain language bindings.

To be on the safe side, we could update to 0.13.0.",0
HBASE-13284422,13284422,Increment proto conversion is broken,"While converting the request back to Increment using ProtobufUtil.toIncrement we incorrectly use the optimization to avoid copying the byte array(HBaseZeroCopyByteString#zeroCopyGetBytes) on a BoundedByteString. The optimization was only meant for LiteralByteString where it is safe to use the backing byte array, however it ends up being used to BoundedByteString which is a subclass of LiteralByteString. This essentially breaks increments since we end up creating wrong cells on the server side. ",Blocker,Fixed,Resolved,10/Feb/20 22:14,12/Feb/20 01:18,"Increment proto conversion is broken. While converting the request back to Increment using ProtobufUtil.toIncrement we incorrectly use the optimization to avoid copying the byte array(HBaseZeroCopyByteString#zeroCopyGetBytes) on a BoundedByteString. The optimization was only meant for LiteralByteString where it is safe to use the backing byte array, however it ends up being used to BoundedByteString which is a subclass of LiteralByteString. This essentially breaks increments since we end up creating wrong cells on the server side.",1
HBASE-13315057,13315057,"Remove the ""cache"" walsById/walsByIdRecoveredQueues from ReplicationSourceManager",,Major,Fixed,Resolved,06/Jul/20 01:25,14/Jul/20 03:45,"Remove the ""cache"" walsById/walsByIdRecoveredQueues from ReplicationSourceManager.",0
HBASE-13405735,13405735,Support custom paths of independent configuration and pool for hfile cleaner,"With this, we can clean some paths more quickly.

We found in our cluster, when the very huge table with thousands of regions and high write throughputs and many snapshots tables on the same cluster, the speed of delete files in  archive path will lower than the speed of moved in files by compaction. Then archive may remains PB level data. 

The bottleneck is in cleaner but not in the thread pool size or queue size. It is because there is synchronized lock in SnapshotFileCache, and a batch of files need once SnapshotFileCache#refreshCache(), which look through all the snapshot dirs.

The speed of clear a path without the SnapshotHFileCleaner is thirty times faster.",Major,Fixed,Resolved,09/Oct/21 05:34,24/May/22 08:03,"Support custom paths of independent configuration and pool for hfile cleaner. With this, we can clean some paths more quickly.

We found in our cluster, when the very huge table with thousands of regions and high write throughputs and many snapshots tables on the same cluster, the speed of delete files in  archive path will lower than the speed of moved in files by compaction. Then archive may remains PB level data. 

The bottleneck is in cleaner but not in the thread pool size or queue size. It is because there is synchronized lock in SnapshotFileCache, and a batch of files need once SnapshotFileCache#refreshCache(), which look through all the snapshot dirs.

The speed of clear a path without the SnapshotHFileCleaner is thirty times faster.",0
HBASE-13567761,13567761,Atomic requests should increment read usage in quotas,"Right now atomic operations are just treated as a single write from the quota perspective. Since an atomic operation also encompasses a read, it would make sense to increment readNum and readSize counts appropriately.",Major,Fixed,Resolved,07/Feb/24 14:35,09/Feb/24 14:02,"Atomic requests should increment read usage in quotas. Right now atomic operations are just treated as a single write from the quota perspective. Since an atomic operation also encompasses a read, it would make sense to increment readNum and readSize counts appropriately.",0
HBASE-13597217,13597217, RegionMover tool fails when table is deleted,"The issue occurs when the RegionMover tool encounters a TableNotFoundException while moving regions. This happens if the table being processed is deleted while the RegionMover is running.
{noformat}
2024-10-30 11:58:20,500 INFO org.apache.hadoop.hbase.util.RegionMover: Moving 10 regions to server0.example.org,16020,1730289478970 using 30 threads.Ack mode:false
2024-10-30 11:58:20,564 ERROR org.apache.hadoop.hbase.util.RegionMover: Error while loading regions to server0.example.org org.apache.hadoop.hbase.TableNotFoundException: cluster_test
        at org.apache.hadoop.hbase.client.HBaseAdmin$46.rpcCall(HBaseAdmin.java:2120)
        at org.apache.hadoop.hbase.client.HBaseAdmin$46.rpcCall(HBaseAdmin.java:2116)
        at org.apache.hadoop.hbase.client.RpcRetryingCallable.call(RpcRetryingCallable.java:57)
        at org.apache.hadoop.hbase.client.RpcRetryingCallerImpl.callWithRetries(RpcRetryingCallerImpl.java:104)
        at org.apache.hadoop.hbase.client.HBaseAdmin.executeCallable(HBaseAdmin.java:3088)
        at org.apache.hadoop.hbase.client.HBaseAdmin.executeCallable(HBaseAdmin.java:3080)
        at org.apache.hadoop.hbase.client.HBaseAdmin.checkTableExists(HBaseAdmin.java:2116)
        at org.apache.hadoop.hbase.client.HBaseAdmin.isTableEnabled(HBaseAdmin.java:978)
        at org.apache.hadoop.hbase.util.MoveWithAck.getServerNameForRegion(MoveWithAck.java:140)
        at org.apache.hadoop.hbase.util.RegionMover.loadRegions(RegionMover.java:358)
        at org.apache.hadoop.hbase.util.RegionMover.lambda$getRegionsMovePlan$2(RegionMover.java:333)
        at java.base/java.util.concurrent.FutureTask.run(FutureTask.java:264)
        at java.base/java.util.concurrent.ThreadPoolExecutor.runWorker(ThreadPoolExecutor.java:1136)
        at java.base/java.util.concurrent.ThreadPoolExecutor$Worker.run(ThreadPoolExecutor.java:635)
        at java.base/java.lang.Thread.run(Thread.java:840)
{noformat}",Major,Fixed,Resolved,30/Oct/24 13:20,04/Nov/24 08:29,"RegionMover tool fails when table is deleted. The issue occurs when the RegionMover tool encounters a TableNotFoundException while moving regions. This happens if the table being processed is deleted while the RegionMover is running.
{noformat}
2024-10-30 11:58:20,500 INFO org.apache.hadoop.hbase.util.RegionMover: Moving 10 regions to server0.example.org,16020,1730289478970 using 30 threads.Ack mode:false
2024-10-30 11:58:20,564 ERROR org.apache.hadoop.hbase.util.RegionMover: Error while loading regions to server0.example.org org.apache.hadoop.hbase.TableNotFoundException: cluster_test
        at org.apache.hadoop.hbase.client.HBaseAdmin$46.rpcCall(HBaseAdmin.java:2120)
        at org.apache.hadoop.hbase.client.HBaseAdmin$46.rpcCall(HBaseAdmin.java:2116)
        at org.apache.hadoop.hbase.client.RpcRetryingCallable.call(RpcRetryingCallable.java:57)
        at org.apache.hadoop.hbase.client.RpcRetryingCallerImpl.callWithRetries(RpcRetryingCallerImpl.java:104)
        at org.apache.hadoop.hbase.client.HBaseAdmin.executeCallable(HBaseAdmin.java:3088)
        at org.apache.hadoop.hbase.client.HBaseAdmin.executeCallable(HBaseAdmin.java:3080)
        at org.apache.hadoop.hbase.client.HBaseAdmin.checkTableExists(HBaseAdmin.java:2116)
        at org.apache.hadoop.hbase.client.HBaseAdmin.isTableEnabled(HBaseAdmin.java:978)
        at org.apache.hadoop.hbase.util.MoveWithAck.getServerNameForRegion(MoveWithAck.java:140)
        at org.apache.hadoop.hbase.util.RegionMover.loadRegions(RegionMover.java:358)
        at org.apache.hadoop.hbase.util.RegionMover.lambda$getRegionsMovePlan$2(RegionMover.java:333)
        at java.base/java.util.concurrent.FutureTask.run(FutureTask.java:264)
        at java.base/java.util.concurrent.ThreadPoolExecutor.runWorker(ThreadPoolExecutor.java:1136)
        at java.base/java.util.concurrent.ThreadPoolExecutor$Worker.run(ThreadPoolExecutor.java:635)
        at java.base/java.lang.Thread.run(Thread.java:840)
{noformat}",0
HBASE-13483721,13483721,Remove dumping of EOFException while reading WAL with ProtobufLogReader,"The log processing tooling that helps extract and analyze Exceptions from regionserver logs can read EOFException while reseting seeking to original position as part of ProtobufLogReader implementation.

Common logs:
{code:java}
2022-09-28 17:02:00,288 DEBUG [20%2C1664323516467,1] wal.ProtobufLogReader - Encountered a malformed edit, seeking back to last good position in file, from 187159 to 187158
java.io.EOFException: Partial PB while reading WAL, probably an unexpected EOF, ignoring. current offset=187159
	at org.apache.hadoop.hbase.regionserver.wal.ProtobufLogReader.readNext(ProtobufLogReader.java:390)
	at org.apache.hadoop.hbase.regionserver.wal.ReaderBase.next(ReaderBase.java:104)
	at org.apache.hadoop.hbase.regionserver.wal.ReaderBase.next(ReaderBase.java:92)
	at org.apache.hadoop.hbase.replication.regionserver.WALEntryStream.readNextEntryAndRecordReaderPosition(WALEntryStream.java:258)
	at org.apache.hadoop.hbase.replication.regionserver.WALEntryStream.tryAdvanceEntry(WALEntryStream.java:172)
	at org.apache.hadoop.hbase.replication.regionserver.WALEntryStream.hasNext(WALEntryStream.java:101)
	at org.apache.hadoop.hbase.replication.regionserver.ReplicationSourceWALReader.tryAdvanceStreamAndCreateWALBatch(ReplicationSourceWALReader.java:251)
	at org.apache.hadoop.hbase.replication.regionserver.ReplicationSourceWALReader.run(ReplicationSourceWALReader.java:148) {code}
{code:java}
2022-09-28 11:02:10,792 DEBUG [20%2C1664323193648,1] wal.ProtobufLogReader - Encountered a malformed edit, seeking back to last good position in file, from 112026775 to 112026303
java.io.EOFException: EOF  while reading 296 WAL KVs; started reading at 112026367 and read up to 112026775
	at org.apache.hadoop.hbase.regionserver.wal.ProtobufLogReader.readNext(ProtobufLogReader.java:418)
	at org.apache.hadoop.hbase.regionserver.wal.ReaderBase.next(ReaderBase.java:104)
	at org.apache.hadoop.hbase.regionserver.wal.ReaderBase.next(ReaderBase.java:92)
	at org.apache.hadoop.hbase.replication.regionserver.WALEntryStream.readNextEntryAndRecordReaderPosition(WALEntryStream.java:258)
	at org.apache.hadoop.hbase.replication.regionserver.WALEntryStream.tryAdvanceEntry(WALEntryStream.java:172)
	at org.apache.hadoop.hbase.replication.regionserver.WALEntryStream.hasNext(WALEntryStream.java:101)
	at org.apache.hadoop.hbase.replication.regionserver.ReplicationSourceWALReader.readWALEntries(ReplicationSourceWALReader.java:222)
	at org.apache.hadoop.hbase.replication.regionserver.ReplicationSourceWALReader.run(ReplicationSourceWALReader.java:157)
Caused by: java.io.EOFException: Only read 6
	at org.apache.hadoop.hbase.regionserver.wal.ProtobufLogReader.readNext(ProtobufLogReader.java:406)
	... 7 more {code}
After looking at these logs, it seems that having EOFException even at DEBUG level is not helping much because reseting seek to a different position is going to be expected often. We should remove dumping EOFException in these cases.",Minor,Won't Fix,Resolved,28/Sep/22 18:59,05/Oct/22 00:04,"Remove dumping of EOFException while reading WAL with ProtobufLogReader. The log processing tooling that helps extract and analyze Exceptions from regionserver logs can read EOFException while reseting seeking to original position as part of ProtobufLogReader implementation.

Common logs:
{code:java}
2022-09-28 17:02:00,288 DEBUG [20%2C1664323516467,1] wal.ProtobufLogReader - Encountered a malformed edit, seeking back to last good position in file, from 187159 to 187158
java.io.EOFException: Partial PB while reading WAL, probably an unexpected EOF, ignoring. current offset=187159
	at org.apache.hadoop.hbase.regionserver.wal.ProtobufLogReader.readNext(ProtobufLogReader.java:390)
	at org.apache.hadoop.hbase.regionserver.wal.ReaderBase.next(ReaderBase.java:104)
	at org.apache.hadoop.hbase.regionserver.wal.ReaderBase.next(ReaderBase.java:92)
	at org.apache.hadoop.hbase.replication.regionserver.WALEntryStream.readNextEntryAndRecordReaderPosition(WALEntryStream.java:258)
	at org.apache.hadoop.hbase.replication.regionserver.WALEntryStream.tryAdvanceEntry(WALEntryStream.java:172)
	at org.apache.hadoop.hbase.replication.regionserver.WALEntryStream.hasNext(WALEntryStream.java:101)
	at org.apache.hadoop.hbase.replication.regionserver.ReplicationSourceWALReader.tryAdvanceStreamAndCreateWALBatch(ReplicationSourceWALReader.java:251)
	at org.apache.hadoop.hbase.replication.regionserver.ReplicationSourceWALReader.run(ReplicationSourceWALReader.java:148) {code}
{code:java}
2022-09-28 11:02:10,792 DEBUG [20%2C1664323193648,1] wal.ProtobufLogReader - Encountered a malformed edit, seeking back to last good position in file, from 112026775 to 112026303
java.io.EOFException: EOF  while reading 296 WAL KVs; started reading at 112026367 and read up to 112026775
	at org.apache.hadoop.hbase.regionserver.wal.ProtobufLogReader.readNext(ProtobufLogReader.java:418)
	at org.apache.hadoop.hbase.regionserver.wal.ReaderBase.next(ReaderBase.java:104)
	at org.apache.hadoop.hbase.regionserver.wal.ReaderBase.next(ReaderBase.java:92)
	at org.apache.hadoop.hbase.replication.regionserver.WALEntryStream.readNextEntryAndRecordReaderPosition(WALEntryStream.java:258)
	at org.apache.hadoop.hbase.replication.regionserver.WALEntryStream.tryAdvanceEntry(WALEntryStream.java:172)
	at org.apache.hadoop.hbase.replication.regionserver.WALEntryStream.hasNext(WALEntryStream.java:101)
	at org.apache.hadoop.hbase.replication.regionserver.ReplicationSourceWALReader.readWALEntries(ReplicationSourceWALReader.java:222)
	at org.apache.hadoop.hbase.replication.regionserver.ReplicationSourceWALReader.run(ReplicationSourceWALReader.java:157)
Caused by: java.io.EOFException: Only read 6
	at org.apache.hadoop.hbase.regionserver.wal.ProtobufLogReader.readNext(ProtobufLogReader.java:406)
	... 7 more {code}
After looking at these logs, it seems that having EOFException even at DEBUG level is not helping much because reseting seek to a different position is going to be expected often. We should remove dumping EOFException in these cases.",0
HBASE-13414786,13414786,ArrayIndexOutOfBoundsException in KeyValueUtil.copyToNewKeyValue(),"While investigating a Phoenix crash, I've found a possible problem in KeyValueUtil.

When using Phoenix, we need configure (at least for older versions) org.apache.hadoop.hbase.regionserver.wal.IndexedWALEditCodec as a WAL codec in HBase.

This codec will eventually serialize standard (not phoenix specifc WAL entries) to the WAL file, and internally converts the Cell objects to KeyValue objects, by building a new byte[].

This fails with an ArrayIndexOutOfBoundsException, because the we allocate a byte[] the size of Cell.getSerializedSize(), and it seems that we are processing a Cell that does not actually serialize the column family and later fields. 
However, we are building a traditional KeyValue object for serialization, which does serialize them, hence we run out of bytes.

I think that since we are writing a KeyValue, we should not rely of the getSerializedSize() method of the source cell, but rather calculate the backing array size based on how KeyValue expects its data to be serialized.

The stack trace for reference:

{noformat}
java.lang.ArrayIndexOutOfBoundsException: 9787
        at org.apache.hadoop.hbase.util.Bytes.putByte(Bytes.java:502)
        at org.apache.hadoop.hbase.KeyValueUtil.appendKeyTo(KeyValueUtil.java:142)
        at org.apache.hadoop.hbase.KeyValueUtil.appendToByteArray(KeyValueUtil.java:156)
        at org.apache.hadoop.hbase.KeyValueUtil.copyToNewByteArray(KeyValueUtil.java:133)
        at org.apache.hadoop.hbase.KeyValueUtil.copyToNewKeyValue(KeyValueUtil.java:97)
        at org.apache.phoenix.util.PhoenixKeyValueUtil.maybeCopyCell(PhoenixKeyValueUtil.java:214)
        at org.apache.hadoop.hbase.regionserver.wal.IndexedWALEditCodec$IndexKeyValueEncoder.write(IndexedWALEditCodec.java:218)
        at org.apache.hadoop.hbase.regionserver.wal.ProtobufLogWriter.append(ProtobufLogWriter.java:59)
        at org.apache.hadoop.hbase.regionserver.wal.FSHLog.doAppend(FSHLog.java:294)
        at org.apache.hadoop.hbase.regionserver.wal.FSHLog.doAppend(FSHLog.java:65)
        at org.apache.hadoop.hbase.regionserver.wal.AbstractFSWAL.appendEntry(AbstractFSWAL.java:931)
        at org.apache.hadoop.hbase.regionserver.wal.FSHLog$RingBufferEventHandler.append(FSHLog.java:1075)
        at org.apache.hadoop.hbase.regionserver.wal.FSHLog$RingBufferEventHandler.onEvent(FSHLog.java:964)
        at org.apache.hadoop.hbase.regionserver.wal.FSHLog$RingBufferEventHandler.onEvent(FSHLog.java:873)
        at com.lmax.disruptor.BatchEventProcessor.run(BatchEventProcessor.java:129)
        at java.lang.Thread.run(Thread.java:748)
{noformat}

Note that I am still not sure exactly what triggers this bug, one possibility is org.apache.hadoop.hbase.ByteBufferKeyOnlyKeyValue
",Major,Fixed,Resolved,01/Dec/21 12:53,06/Dec/21 15:59,"ArrayIndexOutOfBoundsException in KeyValueUtil.copyToNewKeyValue(). While investigating a Phoenix crash, I've found a possible problem in KeyValueUtil.

When using Phoenix, we need configure (at least for older versions) org.apache.hadoop.hbase.regionserver.wal.IndexedWALEditCodec as a WAL codec in HBase.

This codec will eventually serialize standard (not phoenix specifc WAL entries) to the WAL file, and internally converts the Cell objects to KeyValue objects, by building a new byte[].

This fails with an ArrayIndexOutOfBoundsException, because the we allocate a byte[] the size of Cell.getSerializedSize(), and it seems that we are processing a Cell that does not actually serialize the column family and later fields. 
However, we are building a traditional KeyValue object for serialization, which does serialize them, hence we run out of bytes.

I think that since we are writing a KeyValue, we should not rely of the getSerializedSize() method of the source cell, but rather calculate the backing array size based on how KeyValue expects its data to be serialized.

The stack trace for reference:

{noformat}
java.lang.ArrayIndexOutOfBoundsException: 9787
        at org.apache.hadoop.hbase.util.Bytes.putByte(Bytes.java:502)
        at org.apache.hadoop.hbase.KeyValueUtil.appendKeyTo(KeyValueUtil.java:142)
        at org.apache.hadoop.hbase.KeyValueUtil.appendToByteArray(KeyValueUtil.java:156)
        at org.apache.hadoop.hbase.KeyValueUtil.copyToNewByteArray(KeyValueUtil.java:133)
        at org.apache.hadoop.hbase.KeyValueUtil.copyToNewKeyValue(KeyValueUtil.java:97)
        at org.apache.phoenix.util.PhoenixKeyValueUtil.maybeCopyCell(PhoenixKeyValueUtil.java:214)
        at org.apache.hadoop.hbase.regionserver.wal.IndexedWALEditCodec$IndexKeyValueEncoder.write(IndexedWALEditCodec.java:218)
        at org.apache.hadoop.hbase.regionserver.wal.ProtobufLogWriter.append(ProtobufLogWriter.java:59)
        at org.apache.hadoop.hbase.regionserver.wal.FSHLog.doAppend(FSHLog.java:294)
        at org.apache.hadoop.hbase.regionserver.wal.FSHLog.doAppend(FSHLog.java:65)
        at org.apache.hadoop.hbase.regionserver.wal.AbstractFSWAL.appendEntry(AbstractFSWAL.java:931)
        at org.apache.hadoop.hbase.regionserver.wal.FSHLog$RingBufferEventHandler.append(FSHLog.java:1075)
        at org.apache.hadoop.hbase.regionserver.wal.FSHLog$RingBufferEventHandler.onEvent(FSHLog.java:964)
        at org.apache.hadoop.hbase.regionserver.wal.FSHLog$RingBufferEventHandler.onEvent(FSHLog.java:873)
        at com.lmax.disruptor.BatchEventProcessor.run(BatchEventProcessor.java:129)
        at java.lang.Thread.run(Thread.java:748)
{noformat}

Note that I am still not sure exactly what triggers this bug, one possibility is org.apache.hadoop.hbase.ByteBufferKeyOnlyKeyValue",0
HBASE-13550500,13550500,Snapshot working dir does not retain ACLs after snapshot commit phase,"TestSnapshotScannerHDFSAclController is failing 100% on flaky dashboard.

 

After snapshot is committed from working dir to final destination (under /.hbase-snapshot dir), if the operation was atomic rename, the working dir (e.g. /hbase/.hbase-snapshot/.tmp) no longer preserves ACLs that were derived from snapshot parent dir (e.g. /hbase/.hbase-snapshot) while creating first working snapshot dir. Hence, for new working dir, we should ensure that we preserve ACLs from snapshot parent dir.

This would ensure that final snapshot commit dir has the expected ACLs regardless of whether we perform atomic rename of non-atomic copy operation in the snapshot commit phase.

 ",Blocker,Fixed,Resolved,13/Sep/23 10:26,30/Sep/23 18:49,"Snapshot working dir does not retain ACLs after snapshot commit phase. TestSnapshotScannerHDFSAclController is failing 100% on flaky dashboard.

 

After snapshot is committed from working dir to final destination (under /.hbase-snapshot dir), if the operation was atomic rename, the working dir (e.g. /hbase/.hbase-snapshot/.tmp) no longer preserves ACLs that were derived from snapshot parent dir (e.g. /hbase/.hbase-snapshot) while creating first working snapshot dir. Hence, for new working dir, we should ensure that we preserve ACLs from snapshot parent dir.

This would ensure that final snapshot commit dir has the expected ACLs regardless of whether we perform atomic rename of non-atomic copy operation in the snapshot commit phase.",1
HBASE-13322139,13322139,Release version 2.3.1 in Jira,,Major,Done,Resolved,11/Aug/20 22:19,19/Aug/20 18:11,Release version 2.3.1 in Jira.,0
HBASE-13389698,13389698,conn.getBufferedMutator(tableName) leaks thread executors and other problems,"TL;DR: {{conn.getBufferedMutator(tableName)}} is dangerous in hbase client 2.4.4 and doesn't match documented behavior in 1.4.13.

To work around the problems until fixed do this:
{code:java}
var mySingletonPool = HTable.getDefaultExecutor(hbaseConf);
var params = new BufferedMutatorParams(tableName);
params.pool(mySingletonPool);
var myMutator = conn.getBufferedMutator(params);
{code}
And avoid code like this:
{code:java}
var myMutator = conn.getBufferedMutator(tableName);
{code}
The full story:

My application started leaking threads after upgrading from hbase client 1.4.13 to 2.4.4. So much so that after less than a minute of runtime more that 30k threads are leaked and all available virtual memory on the box (> 50 GB) is consumed. Other processes on the box start crashing with memory allocation errors. Even running {{ls}} at the shell fails with OS resource allocation failures.

A thread dump after just a few seconds of runtime shows thousands of threads like this:
{code:java}
""htable-pool-0"" #8841 prio=5 os_prio=0 cpu=0.15ms elapsed=7.49s tid=0x00007efb6d2a1000 nid=0x57d2 waiting on condition [0x00007ef8a6c38000]
 java.lang.Thread.State: TIMED_WAITING (parking)
 at jdk.internal.misc.Unsafe.park(java.base@11.0.6/Native Method)
 - parking to wait for <0x00000007e7cd6188> (a java.util.concurrent.SynchronousQueue$TransferStack)
 at java.util.concurrent.locks.LockSupport.parkNanos(java.base@11.0.6/LockSupport.java:234)
 at java.util.concurrent.SynchronousQueue$TransferStack.awaitFulfill(java.base@11.0.6/SynchronousQueue.java:462)
 at java.util.concurrent.SynchronousQueue$TransferStack.transfer(java.base@11.0.6/SynchronousQueue.java:361)
 at java.util.concurrent.SynchronousQueue.poll(java.base@11.0.6/SynchronousQueue.java:937)
 at java.util.concurrent.ThreadPoolExecutor.getTask(java.base@11.0.6/ThreadPoolExecutor.java:1053)
 at java.util.concurrent.ThreadPoolExecutor.runWorker(java.base@11.0.6/ThreadPoolExecutor.java:1114)
 at java.util.concurrent.ThreadPoolExecutor$Worker.run(java.base@11.0.6/ThreadPoolExecutor.java:628)
 at java.lang.Thread.run(java.base@11.0.6/Thread.java:834)
{code}
 

Note: All the threads are labeled {{htable-pool-0}}. That suggests we're leaking thread executors not just threads. The {{htable-pool}} part indicates the problem is to do with {{HTable.getDefaultExecutor(conf)}} and the only part of my code that interacts with that is a call to {{conn.getBufferedMutator(tableName)}}.

 

Looking at the hbase client code shows a few problems:

1) Neither 1.4.13 nor 2.4.4's behavior matches the documentation for {{conn.getBufferedMutator(tableName)}} which says:
{quote}This BufferedMutator will use the Connection's ExecutorService.
{quote}
That suggests some singleton thread executor is being used which is not the case.

 

2) Under 1.4.13 you get a new {{ThreadPoolExecutor}} for every {{BufferedMutator}}. That's probably not what you want but you likely won't notice. I didn't. It's a code path I hadn't profiled much.

 

3) Under 2.4.4 you get a new {{ThreadPoolExecutor}} for every {{BufferedMutator}} *and* that {{ThreadPoolExecutor}} *is not* cleaned up after the {{Mutator}} is closed. Each completed {{ThreadPoolExecutor}} carries with it one thread which hangs around until a timeout value which defaults to 60 seconds.

My application creates one {{BufferedMutator}} for every incoming stream and there are lots of streams, some of them are short lived so my code leaks threads fast under 2.4.4.

Here's the part where a new executor is created for every {{BufferedMutator}} (it's similar for 1.4.13):

[https://github.com/apache/hbase/blob/branch-2.4/hbase-client/src/main/java/org/apache/hadoop/hbase/client/ConnectionImplementation.java#L420]

 

The reason for the leak in 2.4.4 is the should-we/shouldn't-we cleanup logic added here:

[https://github.com/apache/hbase/blob/branch-2.4/hbase-client/src/main/java/org/apache/hadoop/hbase/client/BufferedMutatorImpl.java#L104]

That might be ok if {{pool}} was being initialized there but in the {{conn.getBufferedMutator(tableName)}} code path it's not. {{pool}} is initialized in {{conn.getBufferedMutator}} itself so the executor cleanup code never runs.",Critical,Fixed,Resolved,14/Jul/21 20:21,21/Jul/21 12:08,"conn.getBufferedMutator(tableName) leaks thread executors and other problems. TL;DR: {{conn.getBufferedMutator(tableName)}} is dangerous in hbase client 2.4.4 and doesn't match documented behavior in 1.4.13.

To work around the problems until fixed do this:
{code:java}
var mySingletonPool = HTable.getDefaultExecutor(hbaseConf);
var params = new BufferedMutatorParams(tableName);
params.pool(mySingletonPool);
var myMutator = conn.getBufferedMutator(params);
{code}
And avoid code like this:
{code:java}
var myMutator = conn.getBufferedMutator(tableName);
{code}
The full story:

My application started leaking threads after upgrading from hbase client 1.4.13 to 2.4.4. So much so that after less than a minute of runtime more that 30k threads are leaked and all available virtual memory on the box (> 50 GB) is consumed. Other processes on the box start crashing with memory allocation errors. Even running {{ls}} at the shell fails with OS resource allocation failures.

A thread dump after just a few seconds of runtime shows thousands of threads like this:
{code:java}
""htable-pool-0"" #8841 prio=5 os_prio=0 cpu=0.15ms elapsed=7.49s tid=0x00007efb6d2a1000 nid=0x57d2 waiting on condition [0x00007ef8a6c38000]
 java.lang.Thread.State: TIMED_WAITING (parking)
 at jdk.internal.misc.Unsafe.park(java.base@11.0.6/Native Method)
 - parking to wait for <0x00000007e7cd6188> (a java.util.concurrent.SynchronousQueue$TransferStack)
 at java.util.concurrent.locks.LockSupport.parkNanos(java.base@11.0.6/LockSupport.java:234)
 at java.util.concurrent.SynchronousQueue$TransferStack.awaitFulfill(java.base@11.0.6/SynchronousQueue.java:462)
 at java.util.concurrent.SynchronousQueue$TransferStack.transfer(java.base@11.0.6/SynchronousQueue.java:361)
 at java.util.concurrent.SynchronousQueue.poll(java.base@11.0.6/SynchronousQueue.java:937)
 at java.util.concurrent.ThreadPoolExecutor.getTask(java.base@11.0.6/ThreadPoolExecutor.java:1053)
 at java.util.concurrent.ThreadPoolExecutor.runWorker(java.base@11.0.6/ThreadPoolExecutor.java:1114)
 at java.util.concurrent.ThreadPoolExecutor$Worker.run(java.base@11.0.6/ThreadPoolExecutor.java:628)
 at java.lang.Thread.run(java.base@11.0.6/Thread.java:834)
{code}
 

Note: All the threads are labeled {{htable-pool-0}}. That suggests we're leaking thread executors not just threads. The {{htable-pool}} part indicates the problem is to do with {{HTable.getDefaultExecutor(conf)}} and the only part of my code that interacts with that is a call to {{conn.getBufferedMutator(tableName)}}.

 

Looking at the hbase client code shows a few problems:

1) Neither 1.4.13 nor 2.4.4's behavior matches the documentation for {{conn.getBufferedMutator(tableName)}} which says:
{quote}This BufferedMutator will use the Connection's ExecutorService.
{quote}
That suggests some singleton thread executor is being used which is not the case.

 

2) Under 1.4.13 you get a new {{ThreadPoolExecutor}} for every {{BufferedMutator}}. That's probably not what you want but you likely won't notice. I didn't. It's a code path I hadn't profiled much.

 

3) Under 2.4.4 you get a new {{ThreadPoolExecutor}} for every {{BufferedMutator}} *and* that {{ThreadPoolExecutor}} *is not* cleaned up after the {{Mutator}} is closed. Each completed {{ThreadPoolExecutor}} carries with it one thread which hangs around until a timeout value which defaults to 60 seconds.

My application creates one {{BufferedMutator}} for every incoming stream and there are lots of streams, some of them are short lived so my code leaks threads fast under 2.4.4.

Here's the part where a new executor is created for every {{BufferedMutator}} (it's similar for 1.4.13):

[https://github.com/apache/hbase/blob/branch-2.4/hbase-client/src/main/java/org/apache/hadoop/hbase/client/ConnectionImplementation.java#L420]

 

The reason for the leak in 2.4.4 is the should-we/shouldn't-we cleanup logic added here:

[https://github.com/apache/hbase/blob/branch-2.4/hbase-client/src/main/java/org/apache/hadoop/hbase/client/BufferedMutatorImpl.java#L104]

That might be ok if {{pool}} was being initialized there but in the {{conn.getBufferedMutator(tableName)}} code path it's not. {{pool}} is initialized in {{conn.getBufferedMutator}} itself so the executor cleanup code never runs.",1
HBASE-13306827,13306827,Normalizer merge plans should consider more than 2 regions when possible,"The merge plans produced by the normalizer operate over two regions. Our merge operation supports multiple regions in a single request. When there are multiple merge plans generated over contiguous region space, these should be collapsed into a single merge operation. This should automatically honor whatever existing configuration settings exist limiting the number of regions that can participate in a merge procedure.",Major,Fixed,Resolved,22/May/20 16:09,30/Oct/20 17:44,"Normalizer merge plans should consider more than 2 regions when possible. The merge plans produced by the normalizer operate over two regions. Our merge operation supports multiple regions in a single request. When there are multiple merge plans generated over contiguous region space, these should be collapsed into a single merge operation. This should automatically honor whatever existing configuration settings exist limiting the number of regions that can participate in a merge procedure.",0
HBASE-13335168,13335168,Add options for disabling column family encryption and choosing hash algorithm for wrapped encryption keys.,"Currently we are using MD5 hash algorithm to store a hash for encryption keys. This hash is needed to verify the secret key of the subject. (e.g. making sure that the same secret key is used during encrypted HFile / WalFile read and write). The MD5 algorithm is considered weak, and can not be used in some (e.g. FIPS compliant) clusters. However, currently it is not possible to use different hash algorithm, or to disable the whole column family encryption globally on the cluster.

In this patch:

* I introduce a backward compatible way of specifying the hash algorithm. This enable us to use newer and/or more secure hash algorithms like SHA-384 or SHA-512 (which are FIPS compliant).
* I added a configuration parameter to globally enable / disable the column family encryption feature. (enabled by default for backward compatibility). This is handy if someone wants to operate an HBase cluster making sure that uses are only relying on other (e.g. HDFS based) encryption mechanisms.",Major,Fixed,Resolved,13/Oct/20 08:40,09/Nov/20 20:32,"Add options for disabling column family encryption and choosing hash algorithm for wrapped encryption keys.. Currently we are using MD5 hash algorithm to store a hash for encryption keys. This hash is needed to verify the secret key of the subject. (e.g. making sure that the same secret key is used during encrypted HFile / WalFile read and write). The MD5 algorithm is considered weak, and can not be used in some (e.g. FIPS compliant) clusters. However, currently it is not possible to use different hash algorithm, or to disable the whole column family encryption globally on the cluster.

In this patch:

* I introduce a backward compatible way of specifying the hash algorithm. This enable us to use newer and/or more secure hash algorithms like SHA-384 or SHA-512 (which are FIPS compliant).
* I added a configuration parameter to globally enable / disable the column family encryption feature. (enabled by default for backward compatibility). This is handy if someone wants to operate an HBase cluster making sure that uses are only relying on other (e.g. HDFS based) encryption mechanisms.",0
HBASE-13574653,13574653,Allow replication to different target table,"At the moment, HBase replication assumes the source and target table have the same name. Our company is looking into a use case that would require replicating to an arbitrary target table. 

 

*Potential Solution:*

It seems that the WALKey stores the table name of it's corresponding edit should be applied to.

We can add a setting to ReplicationPeerConfig that allows users to specify a source to target table mapping. This mapping can then be used to overwrite the WALKey's table before shipping the edit to the target cluster. ",Major,,Open,04/Apr/24 15:19,,"Allow replication to different target table. At the moment, HBase replication assumes the source and target table have the same name. Our company is looking into a use case that would require replicating to an arbitrary target table. 

 

*Potential Solution:*

It seems that the WALKey stores the table name of it's corresponding edit should be applied to.

We can add a setting to ReplicationPeerConfig that allows users to specify a source to target table mapping. This mapping can then be used to overwrite the WALKey's table before shipping the edit to the target cluster.",0
HBASE-13290974,13290974,Generate CHANGES.md and RELEASENOTES.md for 2.2.4,,Major,Fixed,Resolved,11/Mar/20 03:49,11/Mar/20 06:15,Generate CHANGES.md and RELEASENOTES.md for 2.2.4.,0
HBASE-13571563,13571563,Add support splitting region into multiple regions(more than 2),"We have a requirement of splitting one region into multiple hundreds of regions at a time to distribute loading hot data. To do that we need split a region and wait for the completion of it and then again split the two regions etc..which is time consuming activity. 
Would be better to support splitting region into multiple regions more than two so that in single operation we can split the region.
Todo that we need to take care
1)Supporting admin APIs to take multiple split keys
2)Implement new procedure to create new regions, creating meta entries and udpating them to meta
3) close the parent region and open split regions.
4) Update the compaction of post split and readers also to use the portion store file reader based on the range to scan than half store reader.
5) make sure the catalog jonitor also cleaning the parent regions when there are all the regions split properly.",Major,,In Progress,12/Mar/24 06:01,,"Add support splitting region into multiple regions(more than 2). We have a requirement of splitting one region into multiple hundreds of regions at a time to distribute loading hot data. To do that we need split a region and wait for the completion of it and then again split the two regions etc..which is time consuming activity. 
Would be better to support splitting region into multiple regions more than two so that in single operation we can split the region.
Todo that we need to take care
1)Supporting admin APIs to take multiple split keys
2)Implement new procedure to create new regions, creating meta entries and udpating them to meta
3) close the parent region and open split regions.
4) Update the compaction of post split and readers also to use the portion store file reader based on the range to scan than half store reader.
5) make sure the catalog jonitor also cleaning the parent regions when there are all the regions split properly.",0
HBASE-13546781,13546781,rpc read handler can get stuck on LruBlockCache#getBlock,"In our production, we found lots of read handlers got stuck on LruBlockCache#getBlock. This may be caused by a bug in jdk8 ConcurrentHashMap. To make common fast, I think we'd better get and check it before call ConcurrentHashMap#computeIfPresent.

 

 

""RpcServer.priority.RWQ.Fifo.scan.handler=190,queue=57,port=60020"" #1807 daemon prio=5 os_prio=0 cpu=9703.28ms elapsed=88160.93s tid=0x00007f38d338a800 nid=0x8f4 waiting for monitor entry [0x00007f0af4baa000]
   java.lang.Thread.State: BLOCKED (on object monitor)
        at java.util.concurrent.ConcurrentHashMap.computeIfPresent(ConcurrentHashMap.java:1760)
        - waiting to lock <0x00007f2fc6495fe0> (a java.util.concurrent.ConcurrentHashMap$Node)
        at org.apache.hadoop.hbase.io.hfile.LruBlockCache.getBlock(LruBlockCache.java:538)
        at org.apache.hadoop.hbase.io.hfile.CombinedBlockCache.getBlock(CombinedBlockCache.java:88)
        at org.apache.hadoop.hbase.io.hfile.HFileReaderImpl.getCachedBlock(HFileReaderImpl.java:1124)
        at org.apache.hadoop.hbase.io.hfile.HFileReaderImpl.readBlock(HFileReaderImpl.java:1300)
        at org.apache.hadoop.hbase.io.hfile.HFileBlockIndex$CellBasedKeyBlockIndexReader.loadDataBlockWithScanInfo(HFileBlockIndex.java:331)
        at org.apache.hadoop.hbase.io.hfile.HFileReaderImpl$HFileScannerImpl.seekTo(HFileReaderImpl.java:679)
        at org.apache.hadoop.hbase.io.hfile.HFileReaderImpl$HFileScannerImpl.seekTo(HFileReaderImpl.java:631)
        at org.apache.hadoop.hbase.regionserver.StoreFileScanner.seekAtOrAfter(StoreFileScanner.java:315)
        at org.apache.hadoop.hbase.regionserver.StoreFileScanner.seek(StoreFileScanner.java:216)
        at org.apache.hadoop.hbase.regionserver.StoreFileScanner.backwardSeek(StoreFileScanner.java:561)
        at org.apache.hadoop.hbase.regionserver.ReversedKeyValueHeap.backwardSeek(ReversedKeyValueHeap.java:117)
        at org.apache.hadoop.hbase.regionserver.ReversedStoreScanner.backwardSeek(ReversedStoreScanner.java:134)
        at org.apache.hadoop.hbase.regionserver.ReversedStoreScanner.seekAsDirection(ReversedStoreScanner.java:94)
        at org.apache.hadoop.hbase.regionserver.StoreScanner.seekOrSkipToNextColumn(StoreScanner.java:821)
        at org.apache.hadoop.hbase.regionserver.StoreScanner.next(StoreScanner.java:727)
        at org.apache.hadoop.hbase.regionserver.KeyValueHeap.next(KeyValueHeap.java:155)
        at org.apache.hadoop.hbase.regionserver.HRegion$RegionScannerImpl.populateResult(HRegion.java:7515)
        at org.apache.hadoop.hbase.regionserver.HRegion$RegionScannerImpl.nextInternal(HRegion.java:7683)
        at org.apache.hadoop.hbase.regionserver.HRegion$RegionScannerImpl.nextRaw(HRegion.java:7447)
        at org.apache.hadoop.hbase.regionserver.RSRpcServices.scan(RSRpcServices.java:3403)
        - locked <0x00007f2ff1fc8f40> (a org.apache.hadoop.hbase.regionserver.ReversedRegionScannerImpl)
        at org.apache.hadoop.hbase.regionserver.RSRpcServices.scan(RSRpcServices.java:3662)
        at org.apache.hadoop.hbase.shaded.protobuf.generated.ClientProtos$ClientService$2.callBlockingMethod(ClientProtos.java:45253)
        at org.apache.hadoop.hbase.ipc.RpcServer.call(RpcServer.java:447)
        at org.apache.hadoop.hbase.ipc.CallRunner.run(CallRunner.java:136)
        at org.apache.hadoop.hbase.ipc.RpcExecutor$Handler.run(RpcExecutor.java:338)
        at org.apache.hadoop.hbase.ipc.RpcExecutor$Handler.run(RpcExecutor.java:318)

   Locked ownable synchronizers:
        - None",Major,,Open,10/Aug/23 07:42,,"rpc read handler can get stuck on LruBlockCache#getBlock. In our production, we found lots of read handlers got stuck on LruBlockCache#getBlock. This may be caused by a bug in jdk8 ConcurrentHashMap. To make common fast, I think we'd better get and check it before call ConcurrentHashMap#computeIfPresent.

 

 

""RpcServer.priority.RWQ.Fifo.scan.handler=190,queue=57,port=60020"" #1807 daemon prio=5 os_prio=0 cpu=9703.28ms elapsed=88160.93s tid=0x00007f38d338a800 nid=0x8f4 waiting for monitor entry [0x00007f0af4baa000]
   java.lang.Thread.State: BLOCKED (on object monitor)
        at java.util.concurrent.ConcurrentHashMap.computeIfPresent(ConcurrentHashMap.java:1760)
        - waiting to lock <0x00007f2fc6495fe0> (a java.util.concurrent.ConcurrentHashMap$Node)
        at org.apache.hadoop.hbase.io.hfile.LruBlockCache.getBlock(LruBlockCache.java:538)
        at org.apache.hadoop.hbase.io.hfile.CombinedBlockCache.getBlock(CombinedBlockCache.java:88)
        at org.apache.hadoop.hbase.io.hfile.HFileReaderImpl.getCachedBlock(HFileReaderImpl.java:1124)
        at org.apache.hadoop.hbase.io.hfile.HFileReaderImpl.readBlock(HFileReaderImpl.java:1300)
        at org.apache.hadoop.hbase.io.hfile.HFileBlockIndex$CellBasedKeyBlockIndexReader.loadDataBlockWithScanInfo(HFileBlockIndex.java:331)
        at org.apache.hadoop.hbase.io.hfile.HFileReaderImpl$HFileScannerImpl.seekTo(HFileReaderImpl.java:679)
        at org.apache.hadoop.hbase.io.hfile.HFileReaderImpl$HFileScannerImpl.seekTo(HFileReaderImpl.java:631)
        at org.apache.hadoop.hbase.regionserver.StoreFileScanner.seekAtOrAfter(StoreFileScanner.java:315)
        at org.apache.hadoop.hbase.regionserver.StoreFileScanner.seek(StoreFileScanner.java:216)
        at org.apache.hadoop.hbase.regionserver.StoreFileScanner.backwardSeek(StoreFileScanner.java:561)
        at org.apache.hadoop.hbase.regionserver.ReversedKeyValueHeap.backwardSeek(ReversedKeyValueHeap.java:117)
        at org.apache.hadoop.hbase.regionserver.ReversedStoreScanner.backwardSeek(ReversedStoreScanner.java:134)
        at org.apache.hadoop.hbase.regionserver.ReversedStoreScanner.seekAsDirection(ReversedStoreScanner.java:94)
        at org.apache.hadoop.hbase.regionserver.StoreScanner.seekOrSkipToNextColumn(StoreScanner.java:821)
        at org.apache.hadoop.hbase.regionserver.StoreScanner.next(StoreScanner.java:727)
        at org.apache.hadoop.hbase.regionserver.KeyValueHeap.next(KeyValueHeap.java:155)
        at org.apache.hadoop.hbase.regionserver.HRegion$RegionScannerImpl.populateResult(HRegion.java:7515)
        at org.apache.hadoop.hbase.regionserver.HRegion$RegionScannerImpl.nextInternal(HRegion.java:7683)
        at org.apache.hadoop.hbase.regionserver.HRegion$RegionScannerImpl.nextRaw(HRegion.java:7447)
        at org.apache.hadoop.hbase.regionserver.RSRpcServices.scan(RSRpcServices.java:3403)
        - locked <0x00007f2ff1fc8f40> (a org.apache.hadoop.hbase.regionserver.ReversedRegionScannerImpl)
        at org.apache.hadoop.hbase.regionserver.RSRpcServices.scan(RSRpcServices.java:3662)
        at org.apache.hadoop.hbase.shaded.protobuf.generated.ClientProtos$ClientService$2.callBlockingMethod(ClientProtos.java:45253)
        at org.apache.hadoop.hbase.ipc.RpcServer.call(RpcServer.java:447)
        at org.apache.hadoop.hbase.ipc.CallRunner.run(CallRunner.java:136)
        at org.apache.hadoop.hbase.ipc.RpcExecutor$Handler.run(RpcExecutor.java:338)
        at org.apache.hadoop.hbase.ipc.RpcExecutor$Handler.run(RpcExecutor.java:318)

   Locked ownable synchronizers:
        - None",0
HBASE-13300497,13300497,Failed to write replication wal position,"I turned on replication for tables, index tables did not, wrote data using phoneix, and hbase regionserver went down after running for a while.

regionserver log:

2020-04-20 19:22:49,531 FATAL [main-EventThread.replicationSource,1.replicationSource.a2-test-regionserver-52-23.sh%2C16020%2C1587378758523,1] regionserver.HRegionServe 
 r: ABORTING region server a2- test-regionserver-52-23.sh,16020,1587378758523: Failed to write replication wal position (filename=a2-test-regionserver-52-23.sh%2C16020%2C 
 1587378758523.1587381739689, position=3388929) 
 org.apache.zookeeper. KeeperException$NoNodeException: KeeperErrorCode = NoNode for /hbase/replication/rs/a2-test-regionserver-52-23.sh,16020,1587378758523/1/a2-test-reg 
 ionserver-52-23.sh%2C16020%2C1587378758523. 1587381739689 
 at org.apache.zookeeper.KeeperException.create(KeeperException.java:111) 
 at org.apache.zookeeper.KeeperException.create(KeeperException.java:51)
 at org.apache.zookeeper.ZooKeeper.setData(ZooKeeper.java:1327) 
 at org.apache.hadoop.hbase.zookeeper.RecoverableZooKeeper.setData(RecoverableZooKeeper.java:510) 
 at org.apache.hadoop.hbase.zookeeper.ZKUtil .setData(ZKUtil.java:867) 
 at org.apache.hadoop.hbase.zookeeper.ZKUtil.setData(ZKUtil.java:917) 
 at org.apache.hadoop.hbase.zookeeper.ZKUtil.setData(ZKUtil.java:911 ) 
 at org.apache.hadoop.hbase.replication.ReplicationQueuesZKImpl.setLogPosition(ReplicationQueuesZKImpl.java:155) 
 at org.apache.hadoop.hbase.replication.regionserver.ReplicationSourceManager.logPositionAndCleanOldLogs(ReplicationSourceManager.java:197)
 at org.apache.hadoop.hbase.replication.regionserver.ReplicationSource$ReplicationSourceShipperThread.updateLogPosition(ReplicationSource.java:791) 
 at org.apache.hadoop.hbase.replication.regionserver.ReplicationSource$ReplicationSourceShipperThread.shipEdits(ReplicationSource.java:762) 
 at org.apache.hadoop.hbase.replication.regionserver.ReplicationSource$ReplicationSourceShipperThread.run(ReplicationSource.java:601)",Critical,Information Provided,Resolved,23/Apr/20 08:44,24/Apr/20 15:08,"Failed to write replication wal position. I turned on replication for tables, index tables did not, wrote data using phoneix, and hbase regionserver went down after running for a while.

regionserver log:

2020-04-20 19:22:49,531 FATAL [main-EventThread.replicationSource,1.replicationSource.a2-test-regionserver-52-23.sh%2C16020%2C1587378758523,1] regionserver.HRegionServe 
 r: ABORTING region server a2- test-regionserver-52-23.sh,16020,1587378758523: Failed to write replication wal position (filename=a2-test-regionserver-52-23.sh%2C16020%2C 
 1587378758523.1587381739689, position=3388929) 
 org.apache.zookeeper. KeeperException$NoNodeException: KeeperErrorCode = NoNode for /hbase/replication/rs/a2-test-regionserver-52-23.sh,16020,1587378758523/1/a2-test-reg 
 ionserver-52-23.sh%2C16020%2C1587378758523. 1587381739689 
 at org.apache.zookeeper.KeeperException.create(KeeperException.java:111) 
 at org.apache.zookeeper.KeeperException.create(KeeperException.java:51)
 at org.apache.zookeeper.ZooKeeper.setData(ZooKeeper.java:1327) 
 at org.apache.hadoop.hbase.zookeeper.RecoverableZooKeeper.setData(RecoverableZooKeeper.java:510) 
 at org.apache.hadoop.hbase.zookeeper.ZKUtil .setData(ZKUtil.java:867) 
 at org.apache.hadoop.hbase.zookeeper.ZKUtil.setData(ZKUtil.java:917) 
 at org.apache.hadoop.hbase.zookeeper.ZKUtil.setData(ZKUtil.java:911 ) 
 at org.apache.hadoop.hbase.replication.ReplicationQueuesZKImpl.setLogPosition(ReplicationQueuesZKImpl.java:155) 
 at org.apache.hadoop.hbase.replication.regionserver.ReplicationSourceManager.logPositionAndCleanOldLogs(ReplicationSourceManager.java:197)
 at org.apache.hadoop.hbase.replication.regionserver.ReplicationSource$ReplicationSourceShipperThread.updateLogPosition(ReplicationSource.java:791) 
 at org.apache.hadoop.hbase.replication.regionserver.ReplicationSource$ReplicationSourceShipperThread.shipEdits(ReplicationSource.java:762) 
 at org.apache.hadoop.hbase.replication.regionserver.ReplicationSource$ReplicationSourceShipperThread.run(ReplicationSource.java:601)",0
HBASE-13294701,13294701,ConcurrentModificationException occurred in ReplicationSourceManager while refreshing the peer,"Peer update failed with ConcurrentModificationException,
{noformat}
2020-03-28 11:36:49,770 | WARN  | RpcServer.default.FPBQ.Fifo.handler=49,queue=4,port=hm_port | Refresh peer peer1 for UPDATE_CONFIG on rs_host,rs_port,1585228936395 failed | org.apache.hadoop.hbase.master.replication.RefreshPeerProcedure.complete(RefreshPeerProcedure.java:114)
java.util.ConcurrentModificationException via szvphispra08478,21302,1585228936395:java.util.ConcurrentModificationException: 
	at org.apache.hadoop.hbase.procedure2.RemoteProcedureException.fromProto(RemoteProcedureException.java:124)
	at org.apache.hadoop.hbase.master.MasterRpcServices.lambda$reportProcedureDone$4(MasterRpcServices.java:2576)
	at java.util.ArrayList.forEach(ArrayList.java:1257)
	at java.util.Collections$UnmodifiableCollection.forEach(Collections.java:1082)
	at org.apache.hadoop.hbase.master.MasterRpcServices.reportProcedureDone(MasterRpcServices.java:2571)
	at org.apache.hadoop.hbase.shaded.protobuf.generated.RegionServerStatusProtos$RegionServerStatusService$2.callBlockingMethod(RegionServerStatusProtos.java:15341)
	at org.apache.hadoop.hbase.ipc.RpcServer.call(RpcServer.java:413)
	at org.apache.hadoop.hbase.ipc.CallRunner.run(CallRunner.java:133)
	at org.apache.hadoop.hbase.ipc.RpcExecutor$Handler.run(RpcExecutor.java:338)
	at org.apache.hadoop.hbase.ipc.RpcExecutor$Handler.run(RpcExecutor.java:318)
Caused by: java.util.ConcurrentModificationException: 
	at java.util.ArrayList$Itr.checkForComodification(ArrayList.java:909)
	at java.util.ArrayList$Itr.next(ArrayList.java:859)
	at org.apache.hadoop.hbase.replication.regionserver.ReplicationSourceManager.refreshSources(ReplicationSourceManager.java:399)
	at org.apache.hadoop.hbase.replication.regionserver.PeerProcedureHandlerImpl.updatePeerConfig(PeerProcedureHandlerImpl.java:123)
	at org.apache.hadoop.hbase.replication.regionserver.RefreshPeerCallable.call(RefreshPeerCallable.java:68)
	at org.apache.hadoop.hbase.replication.regionserver.RefreshPeerCallable.call(RefreshPeerCallable.java:34)
	at org.apache.hadoop.hbase.regionserver.handler.RSProcedureHandler.process(RSProcedureHandler.java:47)
	at org.apache.hadoop.hbase.executor.EventHandler.run(EventHandler.java:104)
	at java.util.concurrent.ThreadPoolExecutor.runWorker(ThreadPoolExecutor.java:1149)
	at java.util.concurrent.ThreadPoolExecutor$Worker.run(ThreadPoolExecutor.java:624)
	at java.lang.Thread.run(Thread.java:748)

{noformat}",Major,Fixed,Resolved,28/Mar/20 10:14,09/Apr/20 23:44,"ConcurrentModificationException occurred in ReplicationSourceManager while refreshing the peer. Peer update failed with ConcurrentModificationException,
{noformat}
2020-03-28 11:36:49,770 | WARN  | RpcServer.default.FPBQ.Fifo.handler=49,queue=4,port=hm_port | Refresh peer peer1 for UPDATE_CONFIG on rs_host,rs_port,1585228936395 failed | org.apache.hadoop.hbase.master.replication.RefreshPeerProcedure.complete(RefreshPeerProcedure.java:114)
java.util.ConcurrentModificationException via szvphispra08478,21302,1585228936395:java.util.ConcurrentModificationException: 
	at org.apache.hadoop.hbase.procedure2.RemoteProcedureException.fromProto(RemoteProcedureException.java:124)
	at org.apache.hadoop.hbase.master.MasterRpcServices.lambda$reportProcedureDone$4(MasterRpcServices.java:2576)
	at java.util.ArrayList.forEach(ArrayList.java:1257)
	at java.util.Collections$UnmodifiableCollection.forEach(Collections.java:1082)
	at org.apache.hadoop.hbase.master.MasterRpcServices.reportProcedureDone(MasterRpcServices.java:2571)
	at org.apache.hadoop.hbase.shaded.protobuf.generated.RegionServerStatusProtos$RegionServerStatusService$2.callBlockingMethod(RegionServerStatusProtos.java:15341)
	at org.apache.hadoop.hbase.ipc.RpcServer.call(RpcServer.java:413)
	at org.apache.hadoop.hbase.ipc.CallRunner.run(CallRunner.java:133)
	at org.apache.hadoop.hbase.ipc.RpcExecutor$Handler.run(RpcExecutor.java:338)
	at org.apache.hadoop.hbase.ipc.RpcExecutor$Handler.run(RpcExecutor.java:318)
Caused by: java.util.ConcurrentModificationException: 
	at java.util.ArrayList$Itr.checkForComodification(ArrayList.java:909)
	at java.util.ArrayList$Itr.next(ArrayList.java:859)
	at org.apache.hadoop.hbase.replication.regionserver.ReplicationSourceManager.refreshSources(ReplicationSourceManager.java:399)
	at org.apache.hadoop.hbase.replication.regionserver.PeerProcedureHandlerImpl.updatePeerConfig(PeerProcedureHandlerImpl.java:123)
	at org.apache.hadoop.hbase.replication.regionserver.RefreshPeerCallable.call(RefreshPeerCallable.java:68)
	at org.apache.hadoop.hbase.replication.regionserver.RefreshPeerCallable.call(RefreshPeerCallable.java:34)
	at org.apache.hadoop.hbase.regionserver.handler.RSProcedureHandler.process(RSProcedureHandler.java:47)
	at org.apache.hadoop.hbase.executor.EventHandler.run(EventHandler.java:104)
	at java.util.concurrent.ThreadPoolExecutor.runWorker(ThreadPoolExecutor.java:1149)
	at java.util.concurrent.ThreadPoolExecutor$Worker.run(ThreadPoolExecutor.java:624)
	at java.lang.Thread.run(Thread.java:748)

{noformat}",0
HBASE-13433214,13433214,"Backport StoreFileTracker (HBASE-26067, HBASE-26584, and others) to branch-2.5","In a discussion on dev@ the idea was floated that StoreFileTracker could be backported into branch-2.5 to be released as part of 2.5.0 as an experimental feature. This issue considers the backport. 

There are sixteen subtasks on HBASE-26067 and several other tangential commits. Cherry pick the list in sequence, fixing up as necessary. These appear to be the core commits:

- commit 6aaef8978 HBASE-26064 Introduce a StoreFileTracker to abstract the store file tracking logic
- commit 43b40e937 HBASE-25988 Store the store file list by a file (#3578)
- commit 6e053765e HBASE-26079 Use StoreFileTracker when splitting and merging (#3617)
- commit 090b2fecf HBASE-26224 Introduce a MigrationStoreFileTracker to support migrating from different store file tracker implementations (#3656)
- commit 0ee168933 HBASE-26246 Persist the StoreFileTracker configurations to TableDescriptor when creating table (#3666)
- commit 2052e80e5 HBASE-26248 Should find a suitable way to let users specify the store file tracker implementation (#3665)
- commit 5ff0f98a5 HBASE-26264 Add more checks to prevent misconfiguration on store file tracker (#3681)
- commit fc4f6d10e HBASE-26280 Use store file tracker when snapshoting (#3685)
- commit 06db852aa HBASE-26326 CreateTableProcedure fails when FileBasedStoreFileTracker… (#3721)
- commit e4e7cf80b HBASE-26386 Refactor StoreFileTracker implementations to expose the set method (#3774)
- commit 08d117197 HBASE-26328 Clone snapshot doesn't load reference files into FILE SFT impl (#3749)
- commit 8bec26ea9 HBASE-26263 [Rolling Upgrading] Persist the StoreFileTracker configurations to TableDescriptor for existing tables (#3700)
- commit a288365f9 HBASE-26271 Cleanup the broken store files under data directory (#3786)
- commit d00b5faad HBASE-26454 CreateTableProcedure still relies on temp dir and renames… (#3845)
- commit 771e552cf HBASE-26286: Add support for specifying store file tracker when restoring or cloning snapshot
- commit f16b7b1bf HBASE-26265 Update ref guide to mention the new store file tracker im… (#3942)

And from HBASE-26584 and beyond:
- commit 755b3b4cb HBASE-26585 Add SFT configuration to META table descriptor when creating META (#3998)
- commit 39c42c7dc HBASE-26639 The implementation of TestMergesSplitsAddToTracker is problematic (#4010)
- commit 6e1f5b7fe HBASE-26586 Should not rely on the global config when setting SFT implementation for a table while upgrading (#4006)
- commit f1dd865c3 HBASE-26654 ModifyTableDescriptorProcedure shoud load TableDescriptor while executing (#4034)
- commit 8fbc9a260 HBASE-26674 Should modify filesCompacting under storeWriteLock (#4040)
- commit 5aa0fd265 HBASE-26675 Data race on Compactor.writer (#4035)
- commit 3021c5851 HBASE-26700 The way we bypass broken track file is not enough in StoreFileListFile (#4055)
- commit a8b68c9b8 HBASE-26690 Modify FSTableDescriptors to not rely on renaming when writing TableDescriptor (#4054)
- commit dffeb8e63 HBASE-26587 Introduce a new Admin API to change SFT implementation (#4030) (#4080)
- commit b265fe55b HBASE-26673 Implement a shell command for change SFT implementation (#4113)
- commit 4cdb380cc HBASE-26640 Reimplement master local region initialization to better work with SFT (#4111)
- commit 77bb153a2 HBASE-26707: Reduce number of renames during bulkload (#4066) (#4122)
- commit a4b192e33 HBASE-26611 Changing SFT implementation on disabled table is dangerous (#4082)
- commit d3629bbf1 HBASE-26837 Set SFT config when creating TableDescriptor in TestCloneSnapshotProcedure (#4226)
",Major,Fixed,Resolved,10/Mar/22 21:09,05/Jun/22 20:22,"Backport StoreFileTracker (HBASE-26067, HBASE-26584, and others) to branch-2.5. In a discussion on dev@ the idea was floated that StoreFileTracker could be backported into branch-2.5 to be released as part of 2.5.0 as an experimental feature. This issue considers the backport. 

There are sixteen subtasks on HBASE-26067 and several other tangential commits. Cherry pick the list in sequence, fixing up as necessary. These appear to be the core commits:

- commit 6aaef8978 HBASE-26064 Introduce a StoreFileTracker to abstract the store file tracking logic
- commit 43b40e937 HBASE-25988 Store the store file list by a file (#3578)
- commit 6e053765e HBASE-26079 Use StoreFileTracker when splitting and merging (#3617)
- commit 090b2fecf HBASE-26224 Introduce a MigrationStoreFileTracker to support migrating from different store file tracker implementations (#3656)
- commit 0ee168933 HBASE-26246 Persist the StoreFileTracker configurations to TableDescriptor when creating table (#3666)
- commit 2052e80e5 HBASE-26248 Should find a suitable way to let users specify the store file tracker implementation (#3665)
- commit 5ff0f98a5 HBASE-26264 Add more checks to prevent misconfiguration on store file tracker (#3681)
- commit fc4f6d10e HBASE-26280 Use store file tracker when snapshoting (#3685)
- commit 06db852aa HBASE-26326 CreateTableProcedure fails when FileBasedStoreFileTracker… (#3721)
- commit e4e7cf80b HBASE-26386 Refactor StoreFileTracker implementations to expose the set method (#3774)
- commit 08d117197 HBASE-26328 Clone snapshot doesn't load reference files into FILE SFT impl (#3749)
- commit 8bec26ea9 HBASE-26263 [Rolling Upgrading] Persist the StoreFileTracker configurations to TableDescriptor for existing tables (#3700)
- commit a288365f9 HBASE-26271 Cleanup the broken store files under data directory (#3786)
- commit d00b5faad HBASE-26454 CreateTableProcedure still relies on temp dir and renames… (#3845)
- commit 771e552cf HBASE-26286: Add support for specifying store file tracker when restoring or cloning snapshot
- commit f16b7b1bf HBASE-26265 Update ref guide to mention the new store file tracker im… (#3942)

And from HBASE-26584 and beyond:
- commit 755b3b4cb HBASE-26585 Add SFT configuration to META table descriptor when creating META (#3998)
- commit 39c42c7dc HBASE-26639 The implementation of TestMergesSplitsAddToTracker is problematic (#4010)
- commit 6e1f5b7fe HBASE-26586 Should not rely on the global config when setting SFT implementation for a table while upgrading (#4006)
- commit f1dd865c3 HBASE-26654 ModifyTableDescriptorProcedure shoud load TableDescriptor while executing (#4034)
- commit 8fbc9a260 HBASE-26674 Should modify filesCompacting under storeWriteLock (#4040)
- commit 5aa0fd265 HBASE-26675 Data race on Compactor.writer (#4035)
- commit 3021c5851 HBASE-26700 The way we bypass broken track file is not enough in StoreFileListFile (#4055)
- commit a8b68c9b8 HBASE-26690 Modify FSTableDescriptors to not rely on renaming when writing TableDescriptor (#4054)
- commit dffeb8e63 HBASE-26587 Introduce a new Admin API to change SFT implementation (#4030) (#4080)
- commit b265fe55b HBASE-26673 Implement a shell command for change SFT implementation (#4113)
- commit 4cdb380cc HBASE-26640 Reimplement master local region initialization to better work with SFT (#4111)
- commit 77bb153a2 HBASE-26707: Reduce number of renames during bulkload (#4066) (#4122)
- commit a4b192e33 HBASE-26611 Changing SFT implementation on disabled table is dangerous (#4082)
- commit d3629bbf1 HBASE-26837 Set SFT config when creating TableDescriptor in TestCloneSnapshotProcedure (#4226)",0
HBASE-13426965,13426965,migrate ARM specific build,,Major,Fixed,Resolved,07/Feb/22 16:04,14/Feb/22 17:30,migrate ARM specific build.,0
HBASE-13341791,13341791,[branch-1] Fix the broken pre-commit,"{code}
Archive JUnit-formatted test results
[2020-11-20T02:58:50.501Z] Recording test results
[2020-11-20T02:58:50.641Z] No test report files were found. Configuration error?
{code}

branch-1's pre-commit keeps failing with error above, we need to fix it.",Major,Fixed,Resolved,20/Nov/20 13:08,21/Nov/20 07:20,"[branch-1] Fix the broken pre-commit. {code}
Archive JUnit-formatted test results
[2020-11-20T02:58:50.501Z] Recording test results
[2020-11-20T02:58:50.641Z] No test report files were found. Configuration error?
{code}

branch-1's pre-commit keeps failing with error above, we need to fix it.",0
HBASE-13592451,13592451,Publish staged repository in Nexus,,Major,Done,Resolved,18/Sep/24 08:46,18/Oct/24 13:24,Publish staged repository in Nexus.,0
HBASE-13375583,13375583,Find a way to know whether logQueue goes empty when ReplicationSource is running on ReplicationServer,"HBASE-25110 we choose to use ZK to notify ReplicationServer that a new wal was generated, this is asynchronous. And then we got a problem, the shipper thread and the wal reader thread may go terminated as logQueue goes empty before receiving the notification of new wal.

So we now need find a way to know whether logQueue is really empty after the last wal in logQueue is consumed.",Major,,Open,28/Apr/21 11:47,,"Find a way to know whether logQueue goes empty when ReplicationSource is running on ReplicationServer. HBASE-25110 we choose to use ZK to notify ReplicationServer that a new wal was generated, this is asynchronous. And then we got a problem, the shipper thread and the wal reader thread may go terminated as logQueue goes empty before receiving the notification of new wal.

So we now need find a way to know whether logQueue is really empty after the last wal in logQueue is consumed.",0
HBASE-13445013,13445013,Display the region server state on the Web UI,"Display the region server state on the Web UI.

!image-2022-05-18-14-39-44-208.png|width=729,height=126!",Major,Fixed,Resolved,15/May/22 13:14,02/Jun/22 13:38,"Display the region server state on the Web UI. Display the region server state on the Web UI.

!image-2022-05-18-14-39-44-208.png|width=729,height=126!",0
HBASE-13327202,13327202,Should close ResultScanner in MetaTableAccessor.scanByRegionEncodedName,"It will cause resource leak.

Th good news is that this method is only used for cluster maintainance, such as assign or unassign region manually, so it is less hurt. Anyway, we should fix it ASAP.",Critical,Fixed,Resolved,12/Sep/20 09:50,14/Sep/20 07:20,"Should close ResultScanner in MetaTableAccessor.scanByRegionEncodedName. It will cause resource leak.

Th good news is that this method is only used for cluster maintainance, such as assign or unassign region manually, so it is less hurt. Anyway, we should fix it ASAP.",1
HBASE-13386718,13386718,Remove reflections used to access HDFS EC APIs,"HDFS EC APIs exists since Hadoop 3.0.
We can access them directly in HBase 3.0 without reflections.",Major,Fixed,Resolved,30/Jun/21 08:48,02/Jul/21 03:11,"Remove reflections used to access HDFS EC APIs. HDFS EC APIs exists since Hadoop 3.0.
We can access them directly in HBase 3.0 without reflections.",0
HBASE-13585493,13585493,Use thirdparty protobuf for REST interface in HBase 2.x,"This change has already been done in branch 3+ as part of the protobuf 2.5 removal,
We just need to backport it to 2.x.

This removes the requirement of having unshaded protobuf 2.5.0 on the hbase-rest client classpath.
",Major,Fixed,Resolved,11/Jul/24 18:08,11/Sep/24 09:48,"Use thirdparty protobuf for REST interface in HBase 2.x. This change has already been done in branch 3+ as part of the protobuf 2.5 removal,
We just need to backport it to 2.x.

This removes the requirement of having unshaded protobuf 2.5.0 on the hbase-rest client classpath.",0
HBASE-13382734,13382734,javadoc generation fails on openjdk-11.0.11+9,"I'm trying to build javadoc for HBase 2.4.3 on jdk11. The command I'm running is as follows:
{code:java}
JAVA_HOME=/usr/lib/jvm/java-11-openjdk-11.0.11.0.9-2.el8_4.x86_64/  mvn -Phadoop-3.0 -Phadoop.profile=3.0 -Dhadoop-three.version=3.2.2 -Dhadoop.guava.version=27.0-jre -Dslf4j.version=1.7.25 -Djetty.version=9.3.29.v20201019 -Dzookeeper.version=3.5.7 -DskipTests -Dcheckstyle.skip=true site{code}
I've tried this with maven 3.5.4 and 3.6.2. Based on JAVA_HOME above, jdk11.0.11+9.

{{The error is as follows:}}
{code:java}
[ERROR] Failed to execute goal org.apache.maven.plugins:maven-site-plugin:3.7.1:site (default-site) on project hbase: Error generating maven-javadoc-plugin:3.2.0:aggregate-no-fork report:
 [ERROR] Exit code: 1 - javadoc: warning - The old Doclet and Taglet APIs in the packages
 [ERROR] com.sun.javadoc, com.sun.tools.doclets and their implementations
 [ERROR] are planned to be removed in a future JDK release. These
 [ERROR] components have been superseded by the new APIs in jdk.javadoc.doclet.
 [ERROR] Users are strongly recommended to migrate to the new APIs.
 [ERROR] javadoc: error - invalid flag: -author
 [ERROR]
 [ERROR] Command line was: /usr/lib/jvm/java-11-openjdk-11.0.11.0.9-2.el8_4.x86_64/bin/javadoc -J-Xmx2G @options @packages
 [ERROR]
 [ERROR] Refer to the generated Javadoc files in '/hbase/rpm/build/BUILD/hbase-2.4.3/target/site/apidocs' dir.
 [ERROR] -> [Help 1]
 [ERROR]
 [ERROR] To see the full stack trace of the errors, re-run Maven with the -e switch.
 [ERROR] Re-run Maven using the -X switch to enable full debug logging.
 [ERROR]
 [ERROR] For more information about the errors and possible solutions, please read the following articles:
 [ERROR] [Help 1]{code}
I believe this is due to the yetus doclet org.apache.yetus.audience.tools.IncludePublicAnnotationsStandardDoclet. Commenting this doclet out from the userapi and testuserapi reportSets in pom.xml fixes the build.

 
 I noticed hbase 2.4.3 depends on audience-annotations 0.5.0, which is very old. I tried updating to 0.13.0, but that did not help. ",Major,Fixed,Resolved,08/Jun/21 14:49,25/Oct/22 15:12,"javadoc generation fails on openjdk-11.0.11+9. I'm trying to build javadoc for HBase 2.4.3 on jdk11. The command I'm running is as follows:
{code:java}
JAVA_HOME=/usr/lib/jvm/java-11-openjdk-11.0.11.0.9-2.el8_4.x86_64/  mvn -Phadoop-3.0 -Phadoop.profile=3.0 -Dhadoop-three.version=3.2.2 -Dhadoop.guava.version=27.0-jre -Dslf4j.version=1.7.25 -Djetty.version=9.3.29.v20201019 -Dzookeeper.version=3.5.7 -DskipTests -Dcheckstyle.skip=true site{code}
I've tried this with maven 3.5.4 and 3.6.2. Based on JAVA_HOME above, jdk11.0.11+9.

{{The error is as follows:}}
{code:java}
[ERROR] Failed to execute goal org.apache.maven.plugins:maven-site-plugin:3.7.1:site (default-site) on project hbase: Error generating maven-javadoc-plugin:3.2.0:aggregate-no-fork report:
 [ERROR] Exit code: 1 - javadoc: warning - The old Doclet and Taglet APIs in the packages
 [ERROR] com.sun.javadoc, com.sun.tools.doclets and their implementations
 [ERROR] are planned to be removed in a future JDK release. These
 [ERROR] components have been superseded by the new APIs in jdk.javadoc.doclet.
 [ERROR] Users are strongly recommended to migrate to the new APIs.
 [ERROR] javadoc: error - invalid flag: -author
 [ERROR]
 [ERROR] Command line was: /usr/lib/jvm/java-11-openjdk-11.0.11.0.9-2.el8_4.x86_64/bin/javadoc -J-Xmx2G @options @packages
 [ERROR]
 [ERROR] Refer to the generated Javadoc files in '/hbase/rpm/build/BUILD/hbase-2.4.3/target/site/apidocs' dir.
 [ERROR] -> [Help 1]
 [ERROR]
 [ERROR] To see the full stack trace of the errors, re-run Maven with the -e switch.
 [ERROR] Re-run Maven using the -X switch to enable full debug logging.
 [ERROR]
 [ERROR] For more information about the errors and possible solutions, please read the following articles:
 [ERROR] [Help 1]{code}
I believe this is due to the yetus doclet org.apache.yetus.audience.tools.IncludePublicAnnotationsStandardDoclet. Commenting this doclet out from the userapi and testuserapi reportSets in pom.xml fixes the build.

 
 I noticed hbase 2.4.3 depends on audience-annotations 0.5.0, which is very old. I tried updating to 0.13.0, but that did not help.",0
HBASE-13421173,13421173,Create module hbase-client-test-support,I have test utilities that I need available to test code in both hbase-client and hbase-server modules. Introduce a module where such code can be consumed by any tests downstream of the hbase-client module.,Major,Won't Fix,Resolved,06/Jan/22 22:38,12/Jan/22 20:27,Create module hbase-client-test-support. I have test utilities that I need available to test code in both hbase-client and hbase-server modules. Introduce a module where such code can be consumed by any tests downstream of the hbase-client module.,0
HBASE-13478866,13478866,brotli compression lib tests fail on arm64,"The brotli tests fail on M1 macs

 

{{[INFO] Running org.apache.hadoop.hbase.io.compress.brotli.TestBrotliCodec}}
{{[INFO] Running org.apache.hadoop.hbase.io.compress.brotli.TestHFileCompressionBrotli}}
{{[ERROR] Tests run: 1, Failures: 0, Errors: 1, Skipped: 0, Time elapsed: 0.33 s <<< FAILURE! - in org.apache.hadoop.hbase.io.compress.brotli.TestHFileCompressionBrotli}}
{{[ERROR] org.apache.hadoop.hbase.io.compress.brotli.TestHFileCompressionBrotli.test  Time elapsed: 0.225 s  <<< ERROR!}}
{{java.lang.UnsatisfiedLinkError: Failed to load Brotli native library}}

{{...}}

 

The lib is installed on this machine. A new release of *[Brotli4j|https://github.com/hyperxpro/Brotli4j]* lib, 1.8.0, done a few days ago fixes the issue... (See [https://github.com/hyperxpro/Brotli4j/pull/34).] I tried it .

{{[INFO] -------------------------------------------------------}}
{{[INFO]  T E S T S}}
{{[INFO] -------------------------------------------------------}}
{{[INFO] Running org.apache.hadoop.hbase.io.compress.brotli.TestBrotliCodec}}
{{[INFO] Running org.apache.hadoop.hbase.io.compress.brotli.TestHFileCompressionBrotli}}
{{[INFO] Tests run: 1, Failures: 0, Errors: 0, Skipped: 0, Time elapsed: 1.036 s - in org.apache.hadoop.hbase.io.compress.brotli.TestHFileCompressionBrotli}}

{{[INFO] Tests run: 3, Failures: 0, Errors: 0, Skipped: 0, Time elapsed: 8.42 s - in org.apache.hadoop.hbase.io.compress.brotli.TestBrotliCodec}}
{{[INFO]}}
{{[INFO] Results:}}
{{[INFO]}}
{{[INFO] Tests run: 4, Failures: 0, Errors: 0, Skipped: 0}}
{{[INFO]}}
{{[INFO]}}
{{[INFO] --- maven-surefire-plugin:3.0.0-M6:test (secondPartTestsExecution) @ hbase-compression-brotli ---}}
{{[INFO] Tests are skipped.}}
{{[INFO]}}
{{[INFO] --- maven-jar-plugin:3.2.0:test-jar (default) @ hbase-compression-brotli ---}}
{{[INFO] Building jar: /Users/stack/checkouts/hbase/2.5.0RC1/hbase-2.5.0/hbase-compression/hbase-compression-brotli/target/hbase-compression-brotli-2.5.0-tests.jar}}
{{[INFO]}}
{{[INFO] --- maven-jar-plugin:3.2.0:jar (default-jar) @ hbase-compression-brotli ---}}
{{[INFO] Building jar: /Users/stack/checkouts/hbase/2.5.0RC1/hbase-2.5.0/hbase-compression/hbase-compression-brotli/target/hbase-compression-brotli-2.5.0.jar}}
{{[INFO]}}
{{[INFO] --- maven-site-plugin:3.12.0:attach-descriptor (attach-descriptor) @ hbase-compression-brotli ---}}
{{[INFO] Skipping because packaging 'jar' is not pom.}}
{{[INFO]}}
{{[INFO] --- maven-install-plugin:2.5.2:install (default-install) @ hbase-compression-brotli ---}}
{{[INFO] Installing /Users/stack/checkouts/hbase/2.5.0RC1/hbase-2.5.0/hbase-compression/hbase-compression-brotli/target/hbase-compression-brotli-2.5.0.jar to /Users/stack/.m2/repository/org/apache/hbase/hbase-compression-brotli/2.5.0/hbase-compression-brotli-2.5.0.jar}}
{{[INFO] Installing /Users/stack/checkouts/hbase/2.5.0RC1/hbase-2.5.0/hbase-compression/hbase-compression-brotli/pom.xml to /Users/stack/.m2/repository/org/apache/hbase/hbase-compression-brotli/2.5.0/hbase-compression-brotli-2.5.0.pom}}
{{[INFO] Installing /Users/stack/checkouts/hbase/2.5.0RC1/hbase-2.5.0/hbase-compression/hbase-compression-brotli/target/hbase-compression-brotli-2.5.0-tests.jar to /Users/stack/.m2/repository/org/apache/hbase/hbase-compression-brotli/2.5.0/hbase-compression-brotli-2.5.0-tests.jar}}
{{[INFO] ------------------------------------------------------------------------}}
{{[INFO] BUILD SUCCESS}}
{{[INFO] ------------------------------------------------------------------------}}
{{[INFO] Total time:  16.805 s}}
{{[INFO] Finished at: 2022-08-26T11:30:13-07:00}}
{{[INFO] ------------------------------------------------------------------------}}

 

 

 

 ",Minor,Fixed,Resolved,26/Aug/22 18:31,29/Aug/22 16:45,"brotli compression lib tests fail on arm64. The brotli tests fail on M1 macs

 

{{[INFO] Running org.apache.hadoop.hbase.io.compress.brotli.TestBrotliCodec}}
{{[INFO] Running org.apache.hadoop.hbase.io.compress.brotli.TestHFileCompressionBrotli}}
{{[ERROR] Tests run: 1, Failures: 0, Errors: 1, Skipped: 0, Time elapsed: 0.33 s <<< FAILURE! - in org.apache.hadoop.hbase.io.compress.brotli.TestHFileCompressionBrotli}}
{{[ERROR] org.apache.hadoop.hbase.io.compress.brotli.TestHFileCompressionBrotli.test  Time elapsed: 0.225 s  <<< ERROR!}}
{{java.lang.UnsatisfiedLinkError: Failed to load Brotli native library}}

{{...}}

 

The lib is installed on this machine. A new release of *[Brotli4j|https://github.com/hyperxpro/Brotli4j]* lib, 1.8.0, done a few days ago fixes the issue... (See [https://github.com/hyperxpro/Brotli4j/pull/34).] I tried it .

{{[INFO] -------------------------------------------------------}}
{{[INFO]  T E S T S}}
{{[INFO] -------------------------------------------------------}}
{{[INFO] Running org.apache.hadoop.hbase.io.compress.brotli.TestBrotliCodec}}
{{[INFO] Running org.apache.hadoop.hbase.io.compress.brotli.TestHFileCompressionBrotli}}
{{[INFO] Tests run: 1, Failures: 0, Errors: 0, Skipped: 0, Time elapsed: 1.036 s - in org.apache.hadoop.hbase.io.compress.brotli.TestHFileCompressionBrotli}}

{{[INFO] Tests run: 3, Failures: 0, Errors: 0, Skipped: 0, Time elapsed: 8.42 s - in org.apache.hadoop.hbase.io.compress.brotli.TestBrotliCodec}}
{{[INFO]}}
{{[INFO] Results:}}
{{[INFO]}}
{{[INFO] Tests run: 4, Failures: 0, Errors: 0, Skipped: 0}}
{{[INFO]}}
{{[INFO]}}
{{[INFO] --- maven-surefire-plugin:3.0.0-M6:test (secondPartTestsExecution) @ hbase-compression-brotli ---}}
{{[INFO] Tests are skipped.}}
{{[INFO]}}
{{[INFO] --- maven-jar-plugin:3.2.0:test-jar (default) @ hbase-compression-brotli ---}}
{{[INFO] Building jar: /Users/stack/checkouts/hbase/2.5.0RC1/hbase-2.5.0/hbase-compression/hbase-compression-brotli/target/hbase-compression-brotli-2.5.0-tests.jar}}
{{[INFO]}}
{{[INFO] --- maven-jar-plugin:3.2.0:jar (default-jar) @ hbase-compression-brotli ---}}
{{[INFO] Building jar: /Users/stack/checkouts/hbase/2.5.0RC1/hbase-2.5.0/hbase-compression/hbase-compression-brotli/target/hbase-compression-brotli-2.5.0.jar}}
{{[INFO]}}
{{[INFO] --- maven-site-plugin:3.12.0:attach-descriptor (attach-descriptor) @ hbase-compression-brotli ---}}
{{[INFO] Skipping because packaging 'jar' is not pom.}}
{{[INFO]}}
{{[INFO] --- maven-install-plugin:2.5.2:install (default-install) @ hbase-compression-brotli ---}}
{{[INFO] Installing /Users/stack/checkouts/hbase/2.5.0RC1/hbase-2.5.0/hbase-compression/hbase-compression-brotli/target/hbase-compression-brotli-2.5.0.jar to /Users/stack/.m2/repository/org/apache/hbase/hbase-compression-brotli/2.5.0/hbase-compression-brotli-2.5.0.jar}}
{{[INFO] Installing /Users/stack/checkouts/hbase/2.5.0RC1/hbase-2.5.0/hbase-compression/hbase-compression-brotli/pom.xml to /Users/stack/.m2/repository/org/apache/hbase/hbase-compression-brotli/2.5.0/hbase-compression-brotli-2.5.0.pom}}
{{[INFO] Installing /Users/stack/checkouts/hbase/2.5.0RC1/hbase-2.5.0/hbase-compression/hbase-compression-brotli/target/hbase-compression-brotli-2.5.0-tests.jar to /Users/stack/.m2/repository/org/apache/hbase/hbase-compression-brotli/2.5.0/hbase-compression-brotli-2.5.0-tests.jar}}
{{[INFO] ------------------------------------------------------------------------}}
{{[INFO] BUILD SUCCESS}}
{{[INFO] ------------------------------------------------------------------------}}
{{[INFO] Total time:  16.805 s}}
{{[INFO] Finished at: 2022-08-26T11:30:13-07:00}}
{{[INFO] ------------------------------------------------------------------------}}",0
HBASE-13368048,13368048,RegionServer JVM crash when append wal entry,"Region Server JVM crash when append wal entry,  JVM crash log:

#
# A fatal error has been detected by the Java Runtime Environment:
#
# EXCEPTION_ACCESS_VIOLATION (0xc0000005) at pc=0x00000000027af93f, pid=17992, tid=0x0000000000002d54
#
# JRE version: Java(TM) SE Runtime Environment (8.0_202-b08) (build 1.8.0_202-b08)
# Java VM: Java HotSpot(TM) 64-Bit Server VM (25.202-b08 mixed mode windows-amd64 compressed oops)
# Problematic frame:
# J 10214 C2 org.apache.hadoop.hbase.ByteBufferKeyValue.getFamilyLength()B (9 bytes) @ 0x00000000027af93f [0x00000000027af860+0xdf] ",Major,,Open,27/Mar/21 03:57,,"RegionServer JVM crash when append wal entry. Region Server JVM crash when append wal entry,  JVM crash log:

#
# A fatal error has been detected by the Java Runtime Environment:
#
# EXCEPTION_ACCESS_VIOLATION (0xc0000005) at pc=0x00000000027af93f, pid=17992, tid=0x0000000000002d54
#
# JRE version: Java(TM) SE Runtime Environment (8.0_202-b08) (build 1.8.0_202-b08)
# Java VM: Java HotSpot(TM) 64-Bit Server VM (25.202-b08 mixed mode windows-amd64 compressed oops)
# Problematic frame:
# J 10214 C2 org.apache.hadoop.hbase.ByteBufferKeyValue.getFamilyLength()B (9 bytes) @ 0x00000000027af93f [0x00000000027af860+0xdf]",0
HBASE-13362707,13362707,Improve storeFile.jsp performance on really large files,"Since HBASE-7171, we have a nice UI for clicking down into the details of an hfile on a regions server. When the store file is really large, the performance of this page is quite bad. It can take several minutes to summarize a 30-50gb hfile. We can do better.",Minor,,Open,05/Mar/21 21:27,,"Improve storeFile.jsp performance on really large files. Since HBASE-7171, we have a nice UI for clicking down into the details of an hfile on a regions server. When the store file is really large, the performance of this page is quite bad. It can take several minutes to summarize a 30-50gb hfile. We can do better.",0
HBASE-13312074,13312074,Normalizer can't actually merge empty regions when neighbor is larger than average size,"There are plenty of cases where empty regions can accumulate -- incorrect guessing at split points, old data is automatically expiring off, &c. The normalizer stubbornly refuses to handle this case, despite this being an original feature it was intended to support (HBASE-6613).

Earlier discussion had concerns for a user pre-splitting a table and then the normalizer coming along and merging those splits away before they could be populated. Thus, right now, the default behavior via {{hbase.normalizer.merge.min_region_size.mb=1}} is to not split any region that's so small. Later, we added {{hbase.normalizer.merge.min_region_age.days=3}}, which prevents us from merging any region too young. So there's plenty of nobs for an operator to customize their behavior.

But when I set {{hbase.normalizer.merge.min_region_size.mb=0}}, I still end up with stubborn regions that won't merge away. Looks like a large neighbor will prevent a merge from going through.",Major,Fixed,Resolved,17/Jun/20 22:37,12/Aug/20 17:22,"Normalizer can't actually merge empty regions when neighbor is larger than average size. There are plenty of cases where empty regions can accumulate -- incorrect guessing at split points, old data is automatically expiring off, &c. The normalizer stubbornly refuses to handle this case, despite this being an original feature it was intended to support (HBASE-6613).

Earlier discussion had concerns for a user pre-splitting a table and then the normalizer coming along and merging those splits away before they could be populated. Thus, right now, the default behavior via {{hbase.normalizer.merge.min_region_size.mb=1}} is to not split any region that's so small. Later, we added {{hbase.normalizer.merge.min_region_age.days=3}}, which prevents us from merging any region too young. So there's plenty of nobs for an operator to customize their behavior.

But when I set {{hbase.normalizer.merge.min_region_size.mb=0}}, I still end up with stubborn regions that won't merge away. Looks like a large neighbor will prevent a merge from going through.",0
HBASE-13437094,13437094,Bump checkstyle from 8.28 to 8.29,"Dependabot generated pull request. Bumps checkstyle from 8.28 to 8.29. The security fix is disabling the 'external-parameter-entities' feature by default.
",Minor,Fixed,Resolved,31/Mar/22 21:16,19/May/22 00:59,Bump checkstyle from 8.28 to 8.29. Dependabot generated pull request. Bumps checkstyle from 8.28 to 8.29. The security fix is disabling the 'external-parameter-entities' feature by default.,0
HBASE-13279698,13279698,Switch central repo to https on branch-1,"Maven central started enforcing https [1] today and branch-1 builds are failing presumably due to an older maven version. 

Maven 3.2.3 [2] and later already switched the defaults, so not every one might run into this problem, depending on what mvn they are using. Jenkins jobs are hitting this, so they are likely using an older version.

[1] https://blog.sonatype.com/central-repository-moving-to-https
[2] https://issues.apache.org/jira/browse/MNG-5672",Blocker,Fixed,Resolved,15/Jan/20 23:35,17/Jan/20 14:23,"Switch central repo to https on branch-1. Maven central started enforcing https [1] today and branch-1 builds are failing presumably due to an older maven version. 

Maven 3.2.3 [2] and later already switched the defaults, so not every one might run into this problem, depending on what mvn they are using. Jenkins jobs are hitting this, so they are likely using an older version.

[1] https://blog.sonatype.com/central-repository-moving-to-https
[2] https://issues.apache.org/jira/browse/MNG-5672",1
HBASE-13300138,13300138,Support user-defined version timestamp when bulk load data,"In hbase-connectors-1.0.0, loading data in bulk, only the current system time can be used as the KeyValue version timestamp.",Minor,Fixed,Resolved,22/Apr/20 03:07,30/Nov/20 14:36,"Support user-defined version timestamp when bulk load data. In hbase-connectors-1.0.0, loading data in bulk, only the current system time can be used as the KeyValue version timestamp.",0
HBASE-13319315,13319315,release scripts should check for tools it will at the start of building,"I just had a RC build fail *after* going through all the work to build everything because a recent OS upgrade meant that my {{svn}} command had been replaced by a placeholder that provided an error message about how X-Code is no longer providing subversion binaries.

getting a new copy of svn installed was easy enough, but if we're going to use subversion we should have an init check similar to what we have for yetus / maven / etc.",Minor,,Open,25/Jul/20 21:16,,"release scripts should check for tools it will at the start of building. I just had a RC build fail *after* going through all the work to build everything because a recent OS upgrade meant that my {{svn}} command had been replaced by a placeholder that provided an error message about how X-Code is no longer providing subversion binaries.

getting a new copy of svn installed was easy enough, but if we're going to use subversion we should have an init check similar to what we have for yetus / maven / etc.",0
HBASE-13369880,13369880,TableSkewCostFunction need to use aggregated deviation,"TableSkewCostFunction uses the sum of the max deviation region per server for all tables as the measure of unevenness. It doesn't work in a very common scenario in operations. Say we have 100 regions on 50 nodes, two on each. We add 50 new nodes and they have 0 each. The max deviation from the mean is 1, compared to 99 in the worst case scenario of 100 regions on a single server. The normalized cost is 1/99 = 0.011 < default threshold of 0.05. Balancer wouldn't move.  The proposal is to use aggregated deviation of the count per region server to detect this scenario, generating a cost of 100/198 = 0.5 in this case.",Major,Fixed,Resolved,06/Apr/21 20:58,16/Jul/21 17:55,"TableSkewCostFunction need to use aggregated deviation. TableSkewCostFunction uses the sum of the max deviation region per server for all tables as the measure of unevenness. It doesn't work in a very common scenario in operations. Say we have 100 regions on 50 nodes, two on each. We add 50 new nodes and they have 0 each. The max deviation from the mean is 1, compared to 99 in the worst case scenario of 100 regions on a single server. The normalized cost is 1/99 = 0.011 < default threshold of 0.05. Balancer wouldn't move.  The proposal is to use aggregated deviation of the count per region server to detect this scenario, generating a cost of 100/198 = 0.5 in this case.",0
HBASE-13302492,13302492,Move hbase-rsgroup code into hbase-server code,"Keeping rsgroup code into separate module is causing many problem. HBASE-22740 and HBASE-24212 are blocked because of this.

In master branch hbase-rsgroup code is already moved into hbase-server. It is better to be in sync with master branch so issue fixes can be applied on branch-2 easily.

This jira moves hbase-rsgroup code into hbase-server as it is, does not make change in protobuff etc.

",Major,Won't Do,Resolved,03/May/20 08:11,04/May/20 10:16,"Move hbase-rsgroup code into hbase-server code. Keeping rsgroup code into separate module is causing many problem. HBASE-22740 and HBASE-24212 are blocked because of this.

In master branch hbase-rsgroup code is already moved into hbase-server. It is better to be in sync with master branch so issue fixes can be applied on branch-2 easily.

This jira moves hbase-rsgroup code into hbase-server as it is, does not make change in protobuff etc.",0
HBASE-13585022,13585022,Users of QuotaRetriever should pass an existing connection,"Every call to {{HBaseAdmin#getQuota()}} opens a new {{Connection}}, and then closes it. As far as I can tell, this is pointless, since it could use the existing {{Connection}} object held by the {{HBaseAdmin}}. If you have a custom RpcClient (like we do at Hubspot), new connections have an expense that we'd rather not pay unnecessarily. I'll submit a PR that addresses this situation and similar ones.",Minor,Fixed,Resolved,08/Jul/24 13:36,24/Jul/24 11:03,"Users of QuotaRetriever should pass an existing connection. Every call to {{HBaseAdmin#getQuota()}} opens a new {{Connection}}, and then closes it. As far as I can tell, this is pointless, since it could use the existing {{Connection}} object held by the {{HBaseAdmin}}. If you have a custom RpcClient (like we do at Hubspot), new connections have an expense that we'd rather not pay unnecessarily. I'll submit a PR that addresses this situation and similar ones.",0
HBASE-13313756,13313756,TestSimpleRegionNormalizerOnCluster is broken,"It failed for all the recent pre commit build, and has started to show on the flaky page.

Spent some time when merging HBASE-24389, copy the comments from PR here

It seems the problem is that while issuing a split, the normalizer also issues a merge, which lead to an unchanged region count and make the tests timeout.

Not sure what is the root cause yet. HBASE-24588 maybe?",Major,Duplicate,Resolved,27/Jun/20 13:30,28/Jun/20 15:39,"TestSimpleRegionNormalizerOnCluster is broken. It failed for all the recent pre commit build, and has started to show on the flaky page.

Spent some time when merging HBASE-24389, copy the comments from PR here

It seems the problem is that while issuing a split, the normalizer also issues a merge, which lead to an unchanged region count and make the tests timeout.

Not sure what is the root cause yet. HBASE-24588 maybe?",0
HBASE-13339879,13339879,Support scan on a specific replica,"This is a missing part of the client library for sync client on branch-2, and it is necessary when implementing meta replicas read.",Critical,Fixed,Resolved,11/Nov/20 03:16,12/Nov/20 13:36,"Support scan on a specific replica. This is a missing part of the client library for sync client on branch-2, and it is necessary when implementing meta replicas read.",1
HBASE-13404957,13404957,Upgrade commons-io to 2.11.0,The 2.11.0 version got released from commons-io.,Major,Fixed,Resolved,05/Oct/21 10:15,10/Oct/21 18:31,Upgrade commons-io to 2.11.0. The 2.11.0 version got released from commons-io.,0
HBASE-13525081,13525081,WALPlayer does not properly dedupe overridden cell versions,"If you do 2 Puts to a cell with different values but the same timestamp, the latest one will win. This is because in the memstore we use a sequenceId as a tie breaker for duplicate timestamps. When the data is flushed to a StoreFile, the deduplication will occur and eventually the sequenceId will be dropped.

Those 2 Puts would have been added to the WAL, and if you use WALPlayer to replay those WALs (as anyone could do, but also as backup/restore does for incremental restores) it will not properly do the same thing. It's unclear which of the duplicate cells you will get, when you should always get the latest.

Our WAL encoder doesn't include the sequenceIds in the WALEntry cells. Instead the WALKey has a getSequenceId() which contains the same sequenceId the cells used to have. In WALCellMapper we don't pass those along, nor in CellSerialization, and thus CellSortReducer is not able to use the sequenceId to dedupe.

I think we just need to translate the WALKey.getSequenceId() into the output Cells in WALCellMapper, then update CellSerialization to include them as well. At that point CellSortReducer should work as expected, and we should get the correct cell values in the hfiles.

One open question is whether we should clear out the sequenceId before flushing to the hfile. I don't think so?",Major,Fixed,Resolved,16/Feb/23 20:20,25/Feb/23 20:15,"WALPlayer does not properly dedupe overridden cell versions. If you do 2 Puts to a cell with different values but the same timestamp, the latest one will win. This is because in the memstore we use a sequenceId as a tie breaker for duplicate timestamps. When the data is flushed to a StoreFile, the deduplication will occur and eventually the sequenceId will be dropped.

Those 2 Puts would have been added to the WAL, and if you use WALPlayer to replay those WALs (as anyone could do, but also as backup/restore does for incremental restores) it will not properly do the same thing. It's unclear which of the duplicate cells you will get, when you should always get the latest.

Our WAL encoder doesn't include the sequenceIds in the WALEntry cells. Instead the WALKey has a getSequenceId() which contains the same sequenceId the cells used to have. In WALCellMapper we don't pass those along, nor in CellSerialization, and thus CellSortReducer is not able to use the sequenceId to dedupe.

I think we just need to translate the WALKey.getSequenceId() into the output Cells in WALCellMapper, then update CellSerialization to include them as well. At that point CellSortReducer should work as expected, and we should get the correct cell values in the hfiles.

One open question is whether we should clear out the sequenceId before flushing to the hfile. I don't think so?",0
HBASE-13591498,13591498,Should check if table exists firstly when executing ExpiredMobFileCleaner,"We would get the following error message when specifing an non_existing table whild executing ExpiredMobFileCleaner.

./bin/hbase org.apache.hadoop.hbase.mob.ExpiredMobFileCleaner  t04_mob01 info

Exception in thread ""main"" org.apache.hadoop.hbase.TableNotFoundException: t04_mob01
        at java.base/java.lang.Thread.getStackTrace(Thread.java:1610)
        at org.apache.hadoop.hbase.util.FutureUtils.setStackTrace(FutureUtils.java:144)
        at org.apache.hadoop.hbase.util.FutureUtils.rethrow(FutureUtils.java:163)
        at org.apache.hadoop.hbase.util.FutureUtils.get(FutureUtils.java:186)
        at org.apache.hadoop.hbase.client.AdminOverAsyncAdmin.getDescriptor(AdminOverAsyncAdmin.java:172)
        at org.apache.hadoop.hbase.mob.ExpiredMobFileCleaner.run(ExpiredMobFileCleaner.java:99)
        at org.apache.hadoop.util.ToolRunner.run(ToolRunner.java:82)
        at org.apache.hadoop.hbase.mob.ExpiredMobFileCleaner.main(ExpiredMobFileCleaner.java:75)
        at --------Future.get--------(Unknown Source)
        at org.apache.hadoop.hbase.client.RawAsyncHBaseAdmin.lambda$getDescriptor$24(RawAsyncHBaseAdmin.java:654)
        at org.apache.hadoop.hbase.util.FutureUtils.lambda$addListener$0(FutureUtils.java:71)
        at java.base/java.util.concurrent.CompletableFuture.uniWhenComplete(CompletableFuture.java:863)
        at java.base/java.util.concurrent.CompletableFuture$UniWhenComplete.tryFire(CompletableFuture.java:841)
        at java.base/java.util.concurrent.CompletableFuture.postComplete(CompletableFuture.java:510)
        at java.base/java.util.concurrent.CompletableFuture.complete(CompletableFuture.java:2147)
        at org.apache.hadoop.hbase.client.AsyncMasterRequestRpcRetryingCaller.lambda$doCall$4(AsyncMasterRequestRpcRetryingCaller.java:80)
        at org.apache.hadoop.hbase.util.FutureUtils.lambda$addListener$0(FutureUtils.java:71)
        at java.base/java.util.concurrent.CompletableFuture.uniWhenComplete(CompletableFuture.java:863)
        at java.base/java.util.concurrent.CompletableFuture$UniWhenComplete.tryFire(CompletableFuture.java:841)
        at java.base/java.util.concurrent.CompletableFuture.postComplete(CompletableFuture.java:510)
        at java.base/java.util.concurrent.CompletableFuture.complete(CompletableFuture.java:2147)
        at org.apache.hadoop.hbase.client.RawAsyncHBaseAdmin$1.run(RawAsyncHBaseAdmin.java:467)
        at org.apache.hbase.thirdparty.com.google.protobuf.RpcUtil$1.run(RpcUtil.java:56)

Maybe it is better to return concise information when table does not exist by checking table exists firstly.",Minor,,Open,09/Sep/24 11:45,,"Should check if table exists firstly when executing ExpiredMobFileCleaner. We would get the following error message when specifing an non_existing table whild executing ExpiredMobFileCleaner.

./bin/hbase org.apache.hadoop.hbase.mob.ExpiredMobFileCleaner  t04_mob01 info

Exception in thread ""main"" org.apache.hadoop.hbase.TableNotFoundException: t04_mob01
        at java.base/java.lang.Thread.getStackTrace(Thread.java:1610)
        at org.apache.hadoop.hbase.util.FutureUtils.setStackTrace(FutureUtils.java:144)
        at org.apache.hadoop.hbase.util.FutureUtils.rethrow(FutureUtils.java:163)
        at org.apache.hadoop.hbase.util.FutureUtils.get(FutureUtils.java:186)
        at org.apache.hadoop.hbase.client.AdminOverAsyncAdmin.getDescriptor(AdminOverAsyncAdmin.java:172)
        at org.apache.hadoop.hbase.mob.ExpiredMobFileCleaner.run(ExpiredMobFileCleaner.java:99)
        at org.apache.hadoop.util.ToolRunner.run(ToolRunner.java:82)
        at org.apache.hadoop.hbase.mob.ExpiredMobFileCleaner.main(ExpiredMobFileCleaner.java:75)
        at --------Future.get--------(Unknown Source)
        at org.apache.hadoop.hbase.client.RawAsyncHBaseAdmin.lambda$getDescriptor$24(RawAsyncHBaseAdmin.java:654)
        at org.apache.hadoop.hbase.util.FutureUtils.lambda$addListener$0(FutureUtils.java:71)
        at java.base/java.util.concurrent.CompletableFuture.uniWhenComplete(CompletableFuture.java:863)
        at java.base/java.util.concurrent.CompletableFuture$UniWhenComplete.tryFire(CompletableFuture.java:841)
        at java.base/java.util.concurrent.CompletableFuture.postComplete(CompletableFuture.java:510)
        at java.base/java.util.concurrent.CompletableFuture.complete(CompletableFuture.java:2147)
        at org.apache.hadoop.hbase.client.AsyncMasterRequestRpcRetryingCaller.lambda$doCall$4(AsyncMasterRequestRpcRetryingCaller.java:80)
        at org.apache.hadoop.hbase.util.FutureUtils.lambda$addListener$0(FutureUtils.java:71)
        at java.base/java.util.concurrent.CompletableFuture.uniWhenComplete(CompletableFuture.java:863)
        at java.base/java.util.concurrent.CompletableFuture$UniWhenComplete.tryFire(CompletableFuture.java:841)
        at java.base/java.util.concurrent.CompletableFuture.postComplete(CompletableFuture.java:510)
        at java.base/java.util.concurrent.CompletableFuture.complete(CompletableFuture.java:2147)
        at org.apache.hadoop.hbase.client.RawAsyncHBaseAdmin$1.run(RawAsyncHBaseAdmin.java:467)
        at org.apache.hbase.thirdparty.com.google.protobuf.RpcUtil$1.run(RpcUtil.java:56)

Maybe it is better to return concise information when table does not exist by checking table exists firstly.",0
HBASE-13377016,13377016,[branch-1] make hbase-thrift optional in hbase-assembly module,"{code}
[ERROR] Failed to execute goal on project hbase-assembly: Could not resolve dependencies for project org.apache.hbase:hbase-assembly:pom:1.7.0: Failure to find org.apache.hbase:hbase-thrift:jar:1.7.0 in https://repository.apache.org/content/repositories/releases/ was cached in the local repository, resolution will not be reattempted until the update interval of apache release has elapsed or updates are forced -> [Help 1]
[ERROR] 
[ERROR] To see the full stack trace of the errors, re-run Maven with the -e switch.
[ERROR] Re-run Maven using the -X switch to enable full debug logging.
[ERROR] 
[ERROR] For more information about the errors and possible solutions, please read the following articles:
[ERROR] [Help 1] http://cwiki.apache.org/confluence/display/MAVEN/DependencyResolutionException
{code}",Blocker,Fixed,Resolved,06/May/21 11:00,20/Oct/21 07:13,"[branch-1] make hbase-thrift optional in hbase-assembly module. {code}
[ERROR] Failed to execute goal on project hbase-assembly: Could not resolve dependencies for project org.apache.hbase:hbase-assembly:pom:1.7.0: Failure to find org.apache.hbase:hbase-thrift:jar:1.7.0 in https://repository.apache.org/content/repositories/releases/ was cached in the local repository, resolution will not be reattempted until the update interval of apache release has elapsed or updates are forced -> [Help 1]
[ERROR] 
[ERROR] To see the full stack trace of the errors, re-run Maven with the -e switch.
[ERROR] Re-run Maven using the -X switch to enable full debug logging.
[ERROR] 
[ERROR] For more information about the errors and possible solutions, please read the following articles:
[ERROR] [Help 1] http://cwiki.apache.org/confluence/display/MAVEN/DependencyResolutionException
{code}",1
HBASE-13287433,13287433,Switch back to ZKConnectionRegistry by default at least in test,"For now, MasterRegistry can not deal with master restart, as it can not load the new master address automatically.

I see there is a invalidateConnection method in HBaseTestingUtilities but it needs a very big refactoring to make all the UTs work like this.

So here I suggest we switch back to ZKConnectionRegistry by default, and open a new feature branch to finish the TODOs and the refactoring on UTs.

As now it is already a big problem for me as I want to merge a feature branch back to master but the state of UTs are a mess.",Major,Won't Fix,Resolved,25/Feb/20 07:23,24/Jul/20 13:14,"Switch back to ZKConnectionRegistry by default at least in test. For now, MasterRegistry can not deal with master restart, as it can not load the new master address automatically.

I see there is a invalidateConnection method in HBaseTestingUtilities but it needs a very big refactoring to make all the UTs work like this.

So here I suggest we switch back to ZKConnectionRegistry by default, and open a new feature branch to finish the TODOs and the refactoring on UTs.

As now it is already a big problem for me as I want to merge a feature branch back to master but the state of UTs are a mess.",0
HBASE-13319833,13319833,Fix the connection leaks on getting hbase admin from unclosed connection,Observed the significant increase in ZK connection on performance testing on map reduce jobs. Turns out the [TableOutputFormat.checkOutputSpecs()|https://github.com/apache/hbase/blob/master/hbase-mapreduce/src/main/java/org/apache/hadoop/hbase/mapreduce/TableOutputFormat.java#L182]  is not closing the connection it uses to get the hbase admin. It closes the hbase admin but never close the connection to get the admin.  ,Major,Fixed,Resolved,28/Jul/20 19:44,08/Aug/20 09:08,Fix the connection leaks on getting hbase admin from unclosed connection. Observed the significant increase in ZK connection on performance testing on map reduce jobs. Turns out the [TableOutputFormat.checkOutputSpecs()|https://github.com/apache/hbase/blob/master/hbase-mapreduce/src/main/java/org/apache/hadoop/hbase/mapreduce/TableOutputFormat.java#L182]  is not closing the connection it uses to get the hbase admin. It closes the hbase admin but never close the connection to get the admin.,0
HBASE-13473655,13473655,Expose the archive option to end user,"For the delete table procedure, we already have archive option, but the archive now will already be true and not provided to end user.

Actually its valuable to provide this option to the end user because some time, customer does not want this table archived when drop the table, it will waste the storage and time if hbase keep archive the table. Especially for the users who are using AWS s3 or Azure as storage which will take lots time for the rename and delete operation for big tables",Minor,,Open,27/Jul/22 02:15,,"Expose the archive option to end user. For the delete table procedure, we already have archive option, but the archive now will already be true and not provided to end user.

Actually its valuable to provide this option to the end user because some time, customer does not want this table archived when drop the table, it will waste the storage and time if hbase keep archive the table. Especially for the users who are using AWS s3 or Azure as storage which will take lots time for the rename and delete operation for big tables",0
HBASE-13319025,13319025,Update 2.1 documentation to 2.1.9 and remove direct link from main page,"For the 2.1 release the available documentation points to 2.1.5. Since the release has reached EOL with 2.1.9 the documentation on the website should reflect this and a direct link to 2.1 should be removed.

 ",Major,Fixed,Resolved,23/Jul/20 18:33,23/Jul/20 20:42,Update 2.1 documentation to 2.1.9 and remove direct link from main page. For the 2.1 release the available documentation points to 2.1.5. Since the release has reached EOL with 2.1.9 the documentation on the website should reflect this and a direct link to 2.1 should be removed.,0
HBASE-13592337,13592337,Support for RS group endpoints in HBase REST,"*Description:*
Currently, the HBase REST server does not support endpoints for region server grouping. This feature request is to add new endpoints that will allow users to interact with and manage region server groups through the HBase REST API.

*Goals:*
 # Expose endpoints to create, list, update, and delete region server groups along with other APIs as necessary, supported by Java client
 # Ensure endpoints support necessary authentication and authorization.
 # Provide appropriate error handling and logging for the new endpoints.

*Acceptance Criteria:*
 # New endpoints for region server grouping are added to the HBase REST server.
 # Endpoints are thoroughly documented.
 # Unit and integration tests are created and passing. If there is no IT for existing features also, share manual test details.

*Technical Details:*
 * New endpoints should follow RESTful principles.
 * Authentication/authorization mechanisms must be consistent with existing endpoints.
 * Ensure compatibility with existing HBase version and REST server.

*For contributors looking to make a contribution here, please use following for quickstart:*
 * You can refer relevant code at [https://github.com/apache/hbase/tree/master/hbase-rest/src/main/java/org/apache/hadoop/hbase/rest]
 * You can refer documentation of existing endpoints at [https://hbase.apache.org/book.html#_rest] and design new endpoints in-line with current standards
 * Build HBase code locally. Follow [https://hbase.apache.org/book.html#_build_a_tarball]
 * Start a localhost rest server. Follow [https://hbase.apache.org/book.html#_starting_and_stopping_the_rest_server]
 * Also feel free to use a starter REST postman collection at [https://gist.github.com/NihalJain/7db91823bd140e41953a88eb3df56eae]",Major,,Open,17/Sep/24 10:10,,"Support for RS group endpoints in HBase REST. *Description:*
Currently, the HBase REST server does not support endpoints for region server grouping. This feature request is to add new endpoints that will allow users to interact with and manage region server groups through the HBase REST API.

*Goals:*
 # Expose endpoints to create, list, update, and delete region server groups along with other APIs as necessary, supported by Java client
 # Ensure endpoints support necessary authentication and authorization.
 # Provide appropriate error handling and logging for the new endpoints.

*Acceptance Criteria:*
 # New endpoints for region server grouping are added to the HBase REST server.
 # Endpoints are thoroughly documented.
 # Unit and integration tests are created and passing. If there is no IT for existing features also, share manual test details.

*Technical Details:*
 * New endpoints should follow RESTful principles.
 * Authentication/authorization mechanisms must be consistent with existing endpoints.
 * Ensure compatibility with existing HBase version and REST server.

*For contributors looking to make a contribution here, please use following for quickstart:*
 * You can refer relevant code at [https://github.com/apache/hbase/tree/master/hbase-rest/src/main/java/org/apache/hadoop/hbase/rest]
 * You can refer documentation of existing endpoints at [https://hbase.apache.org/book.html#_rest] and design new endpoints in-line with current standards
 * Build HBase code locally. Follow [https://hbase.apache.org/book.html#_build_a_tarball]
 * Start a localhost rest server. Follow [https://hbase.apache.org/book.html#_starting_and_stopping_the_rest_server]
 * Also feel free to use a starter REST postman collection at [https://gist.github.com/NihalJain/7db91823bd140e41953a88eb3df56eae]",0
HBASE-13586825,13586825,Verify the first argument passed to compaction_switch,"Sometimes, users may inadvertently attempt to use compaction_switch; therefore, it is advisable to implement a verification step for the first argument passed to this function, ensuring that incorrect inputs do not accidentally disable compaction.",Major,,Open,24/Jul/24 16:41,,"Verify the first argument passed to compaction_switch. Sometimes, users may inadvertently attempt to use compaction_switch; therefore, it is advisable to implement a verification step for the first argument passed to this function, ensuring that incorrect inputs do not accidentally disable compaction.",0
HBASE-13326741,13326741,Make the cost functions optional for StochastoicBalancer,"StochastoicBalancer takes a long time to generate a plan for larger clusters. We want to make the cost functions optional.
hbase.master.balancer.stochastic.regionCountCost: 0
hbase.master.balancer.stochastic.primaryRegionCountCost: 0
hbase.master.balancer.stochastic.tableSkewCost: 0
hbase.master.balancer.stochastic.rackLocalityCost:0
hbase.master.balancer.stochastic.readRequestCost: 0
hbase.master.balancer.stochastic.cpRequestCost: 0
hbase.master.balancer.stochastic.writeRequestCost: 0
hbase.master.balancer.stochastic.regionReplicaHostCostKey: 0
hbase.master.balancer.stochastic.memstoreSizeCost: 0
hbase.master.balancer.stochastic.storefileSizeCost: 0
hbase.master.balancer.stochastic.regionReplicaRackCostKey: 0
hbase.master.balancer.stochastic.serverLocalityCost:0
 
This will turn off all cost functions
To keep some of them, we just need to set some to positive value",Major,Fixed,Resolved,09/Sep/20 21:19,13/Sep/20 09:00,"Make the cost functions optional for StochastoicBalancer. StochastoicBalancer takes a long time to generate a plan for larger clusters. We want to make the cost functions optional.
hbase.master.balancer.stochastic.regionCountCost: 0
hbase.master.balancer.stochastic.primaryRegionCountCost: 0
hbase.master.balancer.stochastic.tableSkewCost: 0
hbase.master.balancer.stochastic.rackLocalityCost:0
hbase.master.balancer.stochastic.readRequestCost: 0
hbase.master.balancer.stochastic.cpRequestCost: 0
hbase.master.balancer.stochastic.writeRequestCost: 0
hbase.master.balancer.stochastic.regionReplicaHostCostKey: 0
hbase.master.balancer.stochastic.memstoreSizeCost: 0
hbase.master.balancer.stochastic.storefileSizeCost: 0
hbase.master.balancer.stochastic.regionReplicaRackCostKey: 0
hbase.master.balancer.stochastic.serverLocalityCost:0
 
This will turn off all cost functions
To keep some of them, we just need to set some to positive value",0
HBASE-13601119,13601119,Provide HBase Docker Image for Integration Testing on Docker Hub or Github Packages,"* I noticed that documents like [https://hbase.apache.org/book.html#_get_started_with_hbase] require batch shell commands to initialize the HBase environment.
 *  It would be nice if HBase could provide a runtime Docker image on Docker Hub or Github Packages. This would help writing unit tests for third-party libraries like *testcontainers-java* .

 - Some early investigation came from https://issues.apache.org/jira/browse/PHOENIX-6912 and https://issues.apache.org/jira/browse/PHOENIX-6919 .

 

Previous test images:
[https://github.com/F21/hbase-phoenix-all-in-one]
 [https://github.com/cloudera/opdb-docker]",Major,,Open,06/Dec/24 08:47,,"Provide HBase Docker Image for Integration Testing on Docker Hub or Github Packages. * I noticed that documents like [https://hbase.apache.org/book.html#_get_started_with_hbase] require batch shell commands to initialize the HBase environment.
 *  It would be nice if HBase could provide a runtime Docker image on Docker Hub or Github Packages. This would help writing unit tests for third-party libraries like *testcontainers-java* .

 - Some early investigation came from https://issues.apache.org/jira/browse/PHOENIX-6912 and https://issues.apache.org/jira/browse/PHOENIX-6919 .

 

Previous test images:
[https://github.com/F21/hbase-phoenix-all-in-one]
 [https://github.com/cloudera/opdb-docker]",0
HBASE-13549577,13549577,An exception was thrown by org.apache.hadoop.hbase.io.asyncfs.FanOutBlockAsyncDFSOutputHelper$4.operationComplete(),"When I try running hbase using the code *./start-hbase.sh* , the terminal doesn't show an error or failure but logs do show it. Here I am dropping the link to the entire log file [log file|[http://justpaste.it/aqyjh|https://justpaste.it/aqyjh]] . I have tried some forums and reading documentation but nothing helped. Hadoop is compatible with Hbase version asHbase created a folder in Hadoop named */hbase* in the root directory of Hadoop and the directory does contain couple of directories (.hbck, .tmp, MasterData, WALs, archive, etc) and 2 files (hbase.id, hbase.version). So I don't think compatibility between Hadoop and Hbase is the issue here. Everything is running locally, literally everything as I am just testing some stuff. Also when I try doing *bin/hbase shell* , then the shell starts but anything I do in the shell for example if I type {*}status{*}, in the shell, I get the error which is same if I type any other code as ""Error: KeeperErrorCode = ConnectionLoss for /hbase/master"". I have uploaded two files of hbase which are the only two files I have altered to from the pre-built version of Apache. If you need any more information, please let me know.",Major,,Open,04/Sep/23 14:43,,"An exception was thrown by org.apache.hadoop.hbase.io.asyncfs.FanOutBlockAsyncDFSOutputHelper$4.operationComplete(). When I try running hbase using the code *./start-hbase.sh* , the terminal doesn't show an error or failure but logs do show it. Here I am dropping the link to the entire log file [log file|[http://justpaste.it/aqyjh|https://justpaste.it/aqyjh]] . I have tried some forums and reading documentation but nothing helped. Hadoop is compatible with Hbase version asHbase created a folder in Hadoop named */hbase* in the root directory of Hadoop and the directory does contain couple of directories (.hbck, .tmp, MasterData, WALs, archive, etc) and 2 files (hbase.id, hbase.version). So I don't think compatibility between Hadoop and Hbase is the issue here. Everything is running locally, literally everything as I am just testing some stuff. Also when I try doing *bin/hbase shell* , then the shell starts but anything I do in the shell for example if I type {*}status{*}, in the shell, I get the error which is same if I type any other code as ""Error: KeeperErrorCode = ConnectionLoss for /hbase/master"". I have uploaded two files of hbase which are the only two files I have altered to from the pre-built version of Apache. If you need any more information, please let me know.",0
HBASE-13578690,13578690,Remove deprecated methods in TableDescriotorBuilder,,Major,Fixed,Resolved,09/May/24 04:01,12/May/24 14:08,Remove deprecated methods in TableDescriotorBuilder.,0
HBASE-13350945,13350945,[connectors] Purge use of VisibleForTesting,HBASE-24640 purged VisibleForTesting from the main repository but hbase-connector still uses this annotation in KafkaBridgeConnection which is marked as IA.Private.,Major,Fixed,Resolved,07/Jan/21 18:31,11/Jan/21 13:52,[connectors] Purge use of VisibleForTesting. HBASE-24640 purged VisibleForTesting from the main repository but hbase-connector still uses this annotation in KafkaBridgeConnection which is marked as IA.Private.,0
HBASE-13439330,13439330,"HMaster should exit gracefully, when stopped via hbase-daemon.sh","Since ShutdownHook is not registered at startup, when HMaster is stopped through hbase-daemon.sh, HMaster cannot exit gracefully,  the threads and services of HMaster cannot be closed normally, and the master local region also cannot be closed normally, which may lead to some inexplicable problems.",Critical,Fixed,Resolved,13/Apr/22 04:11,26/Apr/22 16:26,"HMaster should exit gracefully, when stopped via hbase-daemon.sh. Since ShutdownHook is not registered at startup, when HMaster is stopped through hbase-daemon.sh, HMaster cannot exit gracefully,  the threads and services of HMaster cannot be closed normally, and the master local region also cannot be closed normally, which may lead to some inexplicable problems.",1
HBASE-13309121,13309121,The behavior of RegionInfoBuilder.newBuilder(RegionInfo) is strange,"In this method, we will copy all the fields, including RegionName and EncodedRegionName of the RegionInfo, so after we changed some other fields like start key or stop key or replica id, and then create a new RegionInfo, the RegionName of the RegionInfo will not be regenerated and cause problem.",Blocker,Fixed,Resolved,03/Jun/20 07:25,05/Jun/20 07:41,"The behavior of RegionInfoBuilder.newBuilder(RegionInfo) is strange. In this method, we will copy all the fields, including RegionName and EncodedRegionName of the RegionInfo, so after we changed some other fields like start key or stop key or replica id, and then create a new RegionInfo, the RegionName of the RegionInfo will not be regenerated and cause problem.",1
HBASE-13278972,13278972,Fix NPE when disable DeadServerMetricRegionChore ,"set hbase.assignment.dead.region.metric.chore.interval.msec = -1

{code}
2020-01-13 10:35:46,247 ERROR [master/10.89.25.45:16000:becomeActiveMaster] master.HMaster: Failed to become active master
java.lang.NullPointerException
    at org.apache.hadoop.hbase.procedure2.ProcedureExecutor.addChore(ProcedureExecutor.java:736)
    at org.apache.hadoop.hbase.master.assignment.AssignmentManager.joinCluster(AssignmentManager.java:1381)
    at org.apache.hadoop.hbase.master.HMaster.finishActiveMasterInitialization(HMaster.java:1101)
    at org.apache.hadoop.hbase.master.HMaster.startActiveMasterManager(HMaster.java:2223)
    at org.apache.hadoop.hbase.master.HMaster.lambda$run$0(HMaster.java:605)
    at java.lang.Thread.run(Thread.java:748)
{code}",Major,Fixed,Resolved,13/Jan/20 02:23,09/Feb/20 05:19,"Fix NPE when disable DeadServerMetricRegionChore . set hbase.assignment.dead.region.metric.chore.interval.msec = -1

{code}
2020-01-13 10:35:46,247 ERROR [master/10.89.25.45:16000:becomeActiveMaster] master.HMaster: Failed to become active master
java.lang.NullPointerException
    at org.apache.hadoop.hbase.procedure2.ProcedureExecutor.addChore(ProcedureExecutor.java:736)
    at org.apache.hadoop.hbase.master.assignment.AssignmentManager.joinCluster(AssignmentManager.java:1381)
    at org.apache.hadoop.hbase.master.HMaster.finishActiveMasterInitialization(HMaster.java:1101)
    at org.apache.hadoop.hbase.master.HMaster.startActiveMasterManager(HMaster.java:2223)
    at org.apache.hadoop.hbase.master.HMaster.lambda$run$0(HMaster.java:605)
    at java.lang.Thread.run(Thread.java:748)
{code}",0
HBASE-13595949,13595949,Publish release artifacts in SVN,Don't forget to also drop the old release candidate artifacts.,Major,Done,Resolved,18/Oct/24 07:58,18/Oct/24 10:47,Publish release artifacts in SVN. Don't forget to also drop the old release candidate artifacts.,0
HBASE-13412621,13412621,Wrong Cell Generated by MemStoreLABImpl.forceCopyOfBigCellInto when Cell size bigger than data chunk size ,"In our company 2.X cluster. I found some region compaction keeps failling because some cell can't construct succefully. In fact , we even can't read these cell.

From follow stack , we can found the bug cause KeyValue can't constructed.

Simple Log and Stack: 
{code:java}
// code placeholder
2021-11-18 16:50:47,708 ERROR [regionserver/xxxx:60020-longCompactions-4] regionserver.CompactSplit: Compaction failed region=xx_table,3610ff49595a0fc4a824f2a575f37a31,1570874723992.dac703ceb35e8d8703233bebf34ae49f., storeName=c, priority=-319, startTime=1637225447127 
java.lang.IllegalArgumentException: Invalid tag length at position=4659867, tagLength=0,         
at org.apache.hadoop.hbase.KeyValueUtil.checkKeyValueTagBytes(KeyValueUtil.java:685)
        at org.apache.hadoop.hbase.KeyValueUtil.checkKeyValueBytes(KeyValueUtil.java:643)
        at org.apache.hadoop.hbase.KeyValue.<init>(KeyValue.java:345)
        at org.apache.hadoop.hbase.SizeCachedKeyValue.<init>(SizeCachedKeyValue.java:43)
        at org.apache.hadoop.hbase.io.hfile.HFileReaderImpl$HFileScannerImpl.getCell(HFileReaderImpl.java:981)
        at org.apache.hadoop.hbase.regionserver.StoreFileScanner.seek(StoreFileScanner.java:233)
        at org.apache.hadoop.hbase.regionserver.StoreScanner.seekScanners(StoreScanner.java:418)
        at org.apache.hadoop.hbase.regionserver.StoreScanner.<init>(StoreScanner.java:322)
        at org.apache.hadoop.hbase.regionserver.StoreScanner.<init>(StoreScanner.java:288)
        at org.apache.hadoop.hbase.regionserver.compactions.Compactor.createScanner(Compactor.java:487)
        at org.apache.hadoop.hbase.regionserver.compactions.Compactor$1.createScanner(Compactor.java:248)
        at org.apache.hadoop.hbase.regionserver.compactions.Compactor.compact(Compactor.java:318)
        at org.apache.hadoop.hbase.regionserver.compactions.DefaultCompactor.compact(DefaultCompactor.java:65)
        at org.apache.hadoop.hbase.regionserver.DefaultStoreEngine$DefaultCompactionContext.compact(DefaultStoreEngine.java:126)
        at org.apache.hadoop.hbase.regionserver.HStore.compact(HStore.java:1468)
        at org.apache.hadoop.hbase.regionserver.HRegion.compact(HRegion.java:2266)
        at org.apache.hadoop.hbase.regionserver.CompactSplit$CompactionRunner.doCompaction(CompactSplit.java:624)
        at org.apache.hadoop.hbase.regionserver.CompactSplit$CompactionRunner.run(CompactSplit.java:666)
        at java.util.concurrent.ThreadPoolExecutor.runWorker(ThreadPoolExecutor.java:1142)
        at java.util.concurrent.ThreadPoolExecutor$Worker.run(ThreadPoolExecutor.java:617)
        at java.lang.Thread.run(Thread.java:748) {code}
From further observation, I found the following characteristics:
 # Cell size more than 2M
 # We can reproduce the bug only after in memory compact
 # Cell bytes end with \x00\x02\x00\x00

 

In fact, the root reason is method (MemStoreLABImpl.forceCopyOfBigCellInto) which only invoked when cell bigger than data chunk size construct cell with wrong length.  So there are 4 bytes (chunk head size) append end of the cell bytes.",Critical,Fixed,Resolved,18/Nov/21 18:37,21/Nov/21 13:11,"Wrong Cell Generated by MemStoreLABImpl.forceCopyOfBigCellInto when Cell size bigger than data chunk size . In our company 2.X cluster. I found some region compaction keeps failling because some cell can't construct succefully. In fact , we even can't read these cell.

From follow stack , we can found the bug cause KeyValue can't constructed.

Simple Log and Stack: 
{code:java}
// code placeholder
2021-11-18 16:50:47,708 ERROR [regionserver/xxxx:60020-longCompactions-4] regionserver.CompactSplit: Compaction failed region=xx_table,3610ff49595a0fc4a824f2a575f37a31,1570874723992.dac703ceb35e8d8703233bebf34ae49f., storeName=c, priority=-319, startTime=1637225447127 
java.lang.IllegalArgumentException: Invalid tag length at position=4659867, tagLength=0,         
at org.apache.hadoop.hbase.KeyValueUtil.checkKeyValueTagBytes(KeyValueUtil.java:685)
        at org.apache.hadoop.hbase.KeyValueUtil.checkKeyValueBytes(KeyValueUtil.java:643)
        at org.apache.hadoop.hbase.KeyValue.<init>(KeyValue.java:345)
        at org.apache.hadoop.hbase.SizeCachedKeyValue.<init>(SizeCachedKeyValue.java:43)
        at org.apache.hadoop.hbase.io.hfile.HFileReaderImpl$HFileScannerImpl.getCell(HFileReaderImpl.java:981)
        at org.apache.hadoop.hbase.regionserver.StoreFileScanner.seek(StoreFileScanner.java:233)
        at org.apache.hadoop.hbase.regionserver.StoreScanner.seekScanners(StoreScanner.java:418)
        at org.apache.hadoop.hbase.regionserver.StoreScanner.<init>(StoreScanner.java:322)
        at org.apache.hadoop.hbase.regionserver.StoreScanner.<init>(StoreScanner.java:288)
        at org.apache.hadoop.hbase.regionserver.compactions.Compactor.createScanner(Compactor.java:487)
        at org.apache.hadoop.hbase.regionserver.compactions.Compactor$1.createScanner(Compactor.java:248)
        at org.apache.hadoop.hbase.regionserver.compactions.Compactor.compact(Compactor.java:318)
        at org.apache.hadoop.hbase.regionserver.compactions.DefaultCompactor.compact(DefaultCompactor.java:65)
        at org.apache.hadoop.hbase.regionserver.DefaultStoreEngine$DefaultCompactionContext.compact(DefaultStoreEngine.java:126)
        at org.apache.hadoop.hbase.regionserver.HStore.compact(HStore.java:1468)
        at org.apache.hadoop.hbase.regionserver.HRegion.compact(HRegion.java:2266)
        at org.apache.hadoop.hbase.regionserver.CompactSplit$CompactionRunner.doCompaction(CompactSplit.java:624)
        at org.apache.hadoop.hbase.regionserver.CompactSplit$CompactionRunner.run(CompactSplit.java:666)
        at java.util.concurrent.ThreadPoolExecutor.runWorker(ThreadPoolExecutor.java:1142)
        at java.util.concurrent.ThreadPoolExecutor$Worker.run(ThreadPoolExecutor.java:617)
        at java.lang.Thread.run(Thread.java:748) {code}
From further observation, I found the following characteristics:
 # Cell size more than 2M
 # We can reproduce the bug only after in memory compact
 # Cell bytes end with \x00\x02\x00\x00

 

In fact, the root reason is method (MemStoreLABImpl.forceCopyOfBigCellInto) which only invoked when cell bigger than data chunk size construct cell with wrong length.  So there are 4 bytes (chunk head size) append end of the cell bytes.",1
HBASE-13490051,13490051,Change the way of bumping version in release scripts,"After HBASE-27434, we can not use 'mvn versions:set' to change the versions, as all the versions are filled with the $revision placeholder. We need to use 'mvn versions:set-property' instead.",Major,Fixed,Resolved,24/Oct/22 02:38,25/Oct/22 16:19,"Change the way of bumping version in release scripts. After HBASE-27434, we can not use 'mvn versions:set' to change the versions, as all the versions are filled with the $revision placeholder. We need to use 'mvn versions:set-property' instead.",0
HBASE-13421273,13421273,[hbase-operator-tools] Upgrade log4j to 2.17.1,For addressing CVE-2021-44832.,Major,Fixed,Resolved,07/Jan/22 10:13,07/Jan/22 12:27,[hbase-operator-tools] Upgrade log4j to 2.17.1. For addressing CVE-2021-44832.,0
HBASE-13571204,13571204,Zookeeper ConnectionRegistry APIs should have timeout,"Came across a couple of instances where active master failover happens around the same time as Zookeeper leader failover, leading to stuck HBase client if one of the threads is blocked on one of the ConnectionRegistry rpc calls. 
ConnectionRegistry APIs are wrapped with CompletableFuture. However, their usages do not have any timeouts, which can potentially lead to the entire client in stuck state indefinitely as we take some global locks. For instance, _getKeepAliveMasterService()_ takes
{_}masterLock{_}, hence if getting active master from _masterAddressZNode_ gets stuck, we can block any admin operation that needs {_}getKeepAliveMasterService(){_}.
 
Sample stacktrace that blocked all client operations that required table descriptor from Admin:
{code:java}
jdk.internal.misc.Unsafe.park
java.util.concurrent.locks.LockSupport.park
java.util.concurrent.CompletableFuture$Signaller.block
java.util.concurrent.ForkJoinPool.managedBlock
java.util.concurrent.CompletableFuture.waitingGet
java.util.concurrent.CompletableFuture.get
org.apache.hadoop.hbase.client.ConnectionImplementation.get
org.apache.hadoop.hbase.client.ConnectionImplementation.access$?
org.apache.hadoop.hbase.client.ConnectionImplementation$MasterServiceStubMaker.makeStubNoRetries
org.apache.hadoop.hbase.client.ConnectionImplementation$MasterServiceStubMaker.makeStub
org.apache.hadoop.hbase.client.ConnectionImplementation.getKeepAliveMasterService
org.apache.hadoop.hbase.client.ConnectionImplementation.getMaster
org.apache.hadoop.hbase.client.MasterCallable.prepare
org.apache.hadoop.hbase.client.RpcRetryingCallerImpl.callWithRetries
org.apache.hadoop.hbase.client.HBaseAdmin.executeCallable
org.apache.hadoop.hbase.client.HBaseAdmin.getTableDescriptor
org.apache.hadoop.hbase.client.HTable.getDescriptororg.apache.phoenix.query.ConnectionQueryServicesImpl.getTableDescriptor
org.apache.phoenix.query.DelegateConnectionQueryServices.getTableDescriptor
org.apache.phoenix.util.IndexUtil.isGlobalIndexCheckerEnabled
org.apache.phoenix.execute.MutationState.filterIndexCheckerMutations
org.apache.phoenix.execute.MutationState.sendBatch
org.apache.phoenix.execute.MutationState.send
org.apache.phoenix.execute.MutationState.send
org.apache.phoenix.execute.MutationState.commit
org.apache.phoenix.jdbc.PhoenixConnection$?.call
org.apache.phoenix.jdbc.PhoenixConnection$?.call
org.apache.phoenix.call.CallRunner.run
org.apache.phoenix.jdbc.PhoenixConnection.commit {code}
Another similar incident is captured on PHOENIX-7233. In this case, retrieving clusterId from ZNode got stuck and that blocked client from being able to create any more HBase Connection. Stacktrace for referece:
{code:java}
jdk.internal.misc.Unsafe.park
java.util.concurrent.locks.LockSupport.park
java.util.concurrent.CompletableFuture$Signaller.block
java.util.concurrent.ForkJoinPool.managedBlock
java.util.concurrent.CompletableFuture.waitingGet
java.util.concurrent.CompletableFuture.get
org.apache.hadoop.hbase.client.ConnectionImplementation.retrieveClusterId
org.apache.hadoop.hbase.client.ConnectionImplementation.<init>
jdk.internal.reflect.NativeConstructorAccessorImpl.newInstance?
jdk.internal.reflect.NativeConstructorAccessorImpl.newInstance
jdk.internal.reflect.DelegatingConstructorAccessorImpl.newInstance
java.lang.reflect.Constructor.newInstance
org.apache.hadoop.hbase.client.ConnectionFactory.lambda$createConnection$?
org.apache.hadoop.hbase.client.ConnectionFactory$$Lambda$?.run
java.security.AccessController.doPrivileged
javax.security.auth.Subject.doAs
org.apache.hadoop.security.UserGroupInformation.doAs
org.apache.hadoop.hbase.security.User$SecureHadoopUser.runAs
org.apache.hadoop.hbase.client.ConnectionFactory.createConnection
org.apache.hadoop.hbase.client.ConnectionFactory.createConnectionorg.apache.phoenix.query.ConnectionQueryServicesImpl.openConnection
org.apache.phoenix.query.ConnectionQueryServicesImpl.access$?
org.apache.phoenix.query.ConnectionQueryServicesImpl$?.call
org.apache.phoenix.query.ConnectionQueryServicesImpl$?.call
org.apache.phoenix.util.PhoenixContextExecutor.call
org.apache.phoenix.query.ConnectionQueryServicesImpl.init
org.apache.phoenix.jdbc.PhoenixDriver.getConnectionQueryServices
org.apache.phoenix.jdbc.HighAvailabilityGroup.connectToOneCluster
org.apache.phoenix.jdbc.ParallelPhoenixConnection.getConnection
org.apache.phoenix.jdbc.ParallelPhoenixConnection.lambda$new$?
org.apache.phoenix.jdbc.ParallelPhoenixConnection$$Lambda$?.get
org.apache.phoenix.jdbc.ParallelPhoenixContext.lambda$chainOnConnClusterContext$?
org.apache.phoenix.jdbc.ParallelPhoenixContext$$Lambda$?.apply  {code}
We should provide configurable timeout for all ConnectionRegistry APIs.",Major,Fixed,Resolved,07/Mar/24 20:05,19/Jul/24 05:17,"Zookeeper ConnectionRegistry APIs should have timeout. Came across a couple of instances where active master failover happens around the same time as Zookeeper leader failover, leading to stuck HBase client if one of the threads is blocked on one of the ConnectionRegistry rpc calls. 
ConnectionRegistry APIs are wrapped with CompletableFuture. However, their usages do not have any timeouts, which can potentially lead to the entire client in stuck state indefinitely as we take some global locks. For instance, _getKeepAliveMasterService()_ takes
{_}masterLock{_}, hence if getting active master from _masterAddressZNode_ gets stuck, we can block any admin operation that needs {_}getKeepAliveMasterService(){_}.
 
Sample stacktrace that blocked all client operations that required table descriptor from Admin:
{code:java}
jdk.internal.misc.Unsafe.park
java.util.concurrent.locks.LockSupport.park
java.util.concurrent.CompletableFuture$Signaller.block
java.util.concurrent.ForkJoinPool.managedBlock
java.util.concurrent.CompletableFuture.waitingGet
java.util.concurrent.CompletableFuture.get
org.apache.hadoop.hbase.client.ConnectionImplementation.get
org.apache.hadoop.hbase.client.ConnectionImplementation.access$?
org.apache.hadoop.hbase.client.ConnectionImplementation$MasterServiceStubMaker.makeStubNoRetries
org.apache.hadoop.hbase.client.ConnectionImplementation$MasterServiceStubMaker.makeStub
org.apache.hadoop.hbase.client.ConnectionImplementation.getKeepAliveMasterService
org.apache.hadoop.hbase.client.ConnectionImplementation.getMaster
org.apache.hadoop.hbase.client.MasterCallable.prepare
org.apache.hadoop.hbase.client.RpcRetryingCallerImpl.callWithRetries
org.apache.hadoop.hbase.client.HBaseAdmin.executeCallable
org.apache.hadoop.hbase.client.HBaseAdmin.getTableDescriptor
org.apache.hadoop.hbase.client.HTable.getDescriptororg.apache.phoenix.query.ConnectionQueryServicesImpl.getTableDescriptor
org.apache.phoenix.query.DelegateConnectionQueryServices.getTableDescriptor
org.apache.phoenix.util.IndexUtil.isGlobalIndexCheckerEnabled
org.apache.phoenix.execute.MutationState.filterIndexCheckerMutations
org.apache.phoenix.execute.MutationState.sendBatch
org.apache.phoenix.execute.MutationState.send
org.apache.phoenix.execute.MutationState.send
org.apache.phoenix.execute.MutationState.commit
org.apache.phoenix.jdbc.PhoenixConnection$?.call
org.apache.phoenix.jdbc.PhoenixConnection$?.call
org.apache.phoenix.call.CallRunner.run
org.apache.phoenix.jdbc.PhoenixConnection.commit {code}
Another similar incident is captured on PHOENIX-7233. In this case, retrieving clusterId from ZNode got stuck and that blocked client from being able to create any more HBase Connection. Stacktrace for referece:
{code:java}
jdk.internal.misc.Unsafe.park
java.util.concurrent.locks.LockSupport.park
java.util.concurrent.CompletableFuture$Signaller.block
java.util.concurrent.ForkJoinPool.managedBlock
java.util.concurrent.CompletableFuture.waitingGet
java.util.concurrent.CompletableFuture.get
org.apache.hadoop.hbase.client.ConnectionImplementation.retrieveClusterId
org.apache.hadoop.hbase.client.ConnectionImplementation.<init>
jdk.internal.reflect.NativeConstructorAccessorImpl.newInstance?
jdk.internal.reflect.NativeConstructorAccessorImpl.newInstance
jdk.internal.reflect.DelegatingConstructorAccessorImpl.newInstance
java.lang.reflect.Constructor.newInstance
org.apache.hadoop.hbase.client.ConnectionFactory.lambda$createConnection$?
org.apache.hadoop.hbase.client.ConnectionFactory$$Lambda$?.run
java.security.AccessController.doPrivileged
javax.security.auth.Subject.doAs
org.apache.hadoop.security.UserGroupInformation.doAs
org.apache.hadoop.hbase.security.User$SecureHadoopUser.runAs
org.apache.hadoop.hbase.client.ConnectionFactory.createConnection
org.apache.hadoop.hbase.client.ConnectionFactory.createConnectionorg.apache.phoenix.query.ConnectionQueryServicesImpl.openConnection
org.apache.phoenix.query.ConnectionQueryServicesImpl.access$?
org.apache.phoenix.query.ConnectionQueryServicesImpl$?.call
org.apache.phoenix.query.ConnectionQueryServicesImpl$?.call
org.apache.phoenix.util.PhoenixContextExecutor.call
org.apache.phoenix.query.ConnectionQueryServicesImpl.init
org.apache.phoenix.jdbc.PhoenixDriver.getConnectionQueryServices
org.apache.phoenix.jdbc.HighAvailabilityGroup.connectToOneCluster
org.apache.phoenix.jdbc.ParallelPhoenixConnection.getConnection
org.apache.phoenix.jdbc.ParallelPhoenixConnection.lambda$new$?
org.apache.phoenix.jdbc.ParallelPhoenixConnection$$Lambda$?.get
org.apache.phoenix.jdbc.ParallelPhoenixContext.lambda$chainOnConnClusterContext$?
org.apache.phoenix.jdbc.ParallelPhoenixContext$$Lambda$?.apply  {code}
We should provide configurable timeout for all ConnectionRegistry APIs.",0
HBASE-13323590,13323590,Remove unnecessary ClassNotFoundException and NoSuchMethodException stack traces from HBase startup logs,"During cluster startup there are a couple of places where HBase needs to use reflection to determine what version of Hadoop or protobuf it's using, and then instantiate the right class. 

If its first guess is wrong, it logs a ClassNotFoundException (for protobuf MessageLite) or NoSuchMethodException (for DFSClient.decryptEncryptedDataEncryptionKey). While this is done at DEBUG level, the exception types and the stack traces can lead to operators thinking something is wrong. 

Since neither the exception nor the stack trace is actually of interest, we should just log a brief, clear message at DEBUG level about which decision was made and eat the exception without logging it. ",Minor,,Open,19/Aug/20 17:20,,"Remove unnecessary ClassNotFoundException and NoSuchMethodException stack traces from HBase startup logs. During cluster startup there are a couple of places where HBase needs to use reflection to determine what version of Hadoop or protobuf it's using, and then instantiate the right class. 

If its first guess is wrong, it logs a ClassNotFoundException (for protobuf MessageLite) or NoSuchMethodException (for DFSClient.decryptEncryptedDataEncryptionKey). While this is done at DEBUG level, the exception types and the stack traces can lead to operators thinking something is wrong. 

Since neither the exception nor the stack trace is actually of interest, we should just log a brief, clear message at DEBUG level about which decision was made and eat the exception without logging it.",0
HBASE-13479099,13479099,Use Hadoop Credentials API to retrieve passwords of TLS key/trust stores,"Based on a discussion in the TLS Jira and mailing list, it would be beneficial to protect the password of trust and key stores for TLS encryption support in Netty RPC.

Hadoop Credentials API is built for the same purpose, extensible and simple to use:

[https://hadoop.apache.org/docs/stable/hadoop-project-dist/hadoop-common/CredentialProviderAPI.html]

 ",Major,Fixed,Resolved,29/Aug/22 12:24,01/Sep/22 08:06,"Use Hadoop Credentials API to retrieve passwords of TLS key/trust stores. Based on a discussion in the TLS Jira and mailing list, it would be beneficial to protect the password of trust and key stores for TLS encryption support in Netty RPC.

Hadoop Credentials API is built for the same purpose, extensible and simple to use:

[https://hadoop.apache.org/docs/stable/hadoop-project-dist/hadoop-common/CredentialProviderAPI.html]",0
HBASE-13426931,13426931,Performance regression in asyncwal ,"I've been doing load testing of hbase2, using hadoop 3.3.1 (client and server). Comparing the results to an identical cluster running hbase/hadoop cdh5.16.2 (hbase ~1.2.0, hadoop ~2.6.0). With a heavy write workload I would consistently see 99th percentile sync times of 5-6ms in cdh5, but 20-30ms in hbase2. Configuring hbase2 to use 'filesystem' wal provider mostly resolves this regression, resulting in latencies of 6-8ms. So still a little slower than cdh5, but much more reasonable.

Unfortunately I don't have a lot of flexibility in my environment to try various versions of hadoop. I didn't notice any exceptions or anything to indicate an API problem with hadoop 3.3.1, this may just be a general regression in the 2.x branch.

I briefly tried profiling wall clock time and the process was dominated by waiting in SyncFuture.get. I haven't dug deep enough into the code yet to know how to identify a bottleneck in whatever threads are responsible for completing those futures.

One thing to note, I tried enabling hbase.wal.async.use-shared-event-loop but noticed no difference.",Major,,Open,07/Feb/22 14:00,,"Performance regression in asyncwal . I've been doing load testing of hbase2, using hadoop 3.3.1 (client and server). Comparing the results to an identical cluster running hbase/hadoop cdh5.16.2 (hbase ~1.2.0, hadoop ~2.6.0). With a heavy write workload I would consistently see 99th percentile sync times of 5-6ms in cdh5, but 20-30ms in hbase2. Configuring hbase2 to use 'filesystem' wal provider mostly resolves this regression, resulting in latencies of 6-8ms. So still a little slower than cdh5, but much more reasonable.

Unfortunately I don't have a lot of flexibility in my environment to try various versions of hadoop. I didn't notice any exceptions or anything to indicate an API problem with hadoop 3.3.1, this may just be a general regression in the 2.x branch.

I briefly tried profiling wall clock time and the process was dominated by waiting in SyncFuture.get. I haven't dug deep enough into the code yet to know how to identify a bottleneck in whatever threads are responsible for completing those futures.

One thing to note, I tried enabling hbase.wal.async.use-shared-event-loop but noticed no difference.",0
HBASE-13386678,13386678,Add CompactionServer Web UI,,Major,Fixed,Resolved,30/Jun/21 05:53,25/Sep/21 01:50,Add CompactionServer Web UI.,0
HBASE-13297391,13297391,"When running the tests, a tremendous number of connections are put into TIME_WAIT.","When you run the test suite and monitor the number of connections in TIME_WAIT, it appears that a very large number of connections do not end up with a proper connection close lifecycle or perhaps proper reuse.

Given connections can stay in TIME_WAIT from 1-4 minutes depending on OS/Env, running the tests faster or with more tests in parallel increases the TIME_WAIT connection buildup. Some tests spin up a very, very large number of connections and if the wrong ones run at the same time, this can also greatly increase the number of connections put into TIME_WAIT. This can have a dramatic affect on performance (as it can take longer to create a new connection) or flat out fail or timeout.

In my experience, a much, much smaller number of connections in a test suite would end up in TIME_WAIT when connection handling is all correct.

Notes to come in comments below.",Major,Information Provided,Resolved,09/Apr/20 14:12,13/May/20 13:24,"When running the tests, a tremendous number of connections are put into TIME_WAIT.. When you run the test suite and monitor the number of connections in TIME_WAIT, it appears that a very large number of connections do not end up with a proper connection close lifecycle or perhaps proper reuse.

Given connections can stay in TIME_WAIT from 1-4 minutes depending on OS/Env, running the tests faster or with more tests in parallel increases the TIME_WAIT connection buildup. Some tests spin up a very, very large number of connections and if the wrong ones run at the same time, this can also greatly increase the number of connections put into TIME_WAIT. This can have a dramatic affect on performance (as it can take longer to create a new connection) or flat out fail or timeout.

In my experience, a much, much smaller number of connections in a test suite would end up in TIME_WAIT when connection handling is all correct.

Notes to come in comments below.",0
HBASE-13448318,13448318,graceful_stop cannot take previous balancer status by incompatibility of hbase shell prompt,"{code:java}
graceful_stop.sh --failfast $(hostname -f)
2022-06-03T20:04:34 Set failfast, will exit immediately if any command exits with non-zero status
2022-06-03T20:04:34 Disabling load balancer
2022-06-03T20:04:42 Previous balancer state was hbase:002:0>
2022-06-03T20:04:42 Unloading myregionserver.example.com region(s)
2022-06-03T20:04:46 Unloaded myregionserver.example.com region(s)
2022-06-03T20:04:46 Stopping regionserver on myregionserver.example.com
running regionserver, logging to /var/log/hbase/hbase-hbase-regionserver.out
stopping regionserver.
2022-06-03T20:04:47 Restoring balancer state to hbase:002:0>
{code}

You can see wrong previous balancer state

{code:java}
2022-06-03T20:04:42 Previous balancer state was hbase:002:0>
{code}

this should be either of true or false, but it's ""hbase:002:0>""

This is because of the incompatibility of hbase shell prompt behavior.

graceful_stop perform `echo 'balance_switch false' | ""$bin""/hbase --config ""${HBASE_CONF_DIR}"" shell -n | tail -1`
https://github.com/apache/hbase/blob/d57159f31cb7be4d9ced0d7b95e2c78c43d160a1/bin/graceful_stop.sh#L118

However, hbase shell now always set prompt mode to CUSTOM.
https://github.com/apache/hbase/blob/d57159f31cb7be4d9ced0d7b95e2c78c43d160a1/hbase-shell/src/main/ruby/jar-bootstrap.rb#L206

(this breaking change is introduced in https://github.com/apache/hbase/pull/4018 in hbase2.4.10, https://issues.apache.org/jira/browse/HBASE-26469)

So the prompt is always shown even when `hbase shell -n` or just piping stdin.

{code:java}
$ echo ""balance_switch false"" | hbase shell
HBase Shell
Use ""help"" to get list of supported commands.
Use ""exit"" to quit this interactive shell.
For Reference, please visit: http://hbase.apache.org/2.0/book.html#shell
Version 2.4.12-xxx
Took 0.0022 seconds                                                                                                                                                         
hbase:001:0> balance_switch false
Previous balancer state : false                                                                                                                                             
Took 0.4308 seconds                                                                                                                                                         
=> false
hbase:002:0> 

$ echo ""balance_switch false"" | hbase shell -n
hbase:001:0> balance_switch false
Previous balancer state : false                                                                                                                                             
Took 0.5207 seconds                                                                                                                                                         
=> false
hbase:002:0> 
{code}

This is incompatible from old version.

{code:java}
hbase 1.4.x version:

$ echo ""balance_switch false"" | hbase shell
HBase Shell
Use ""help"" to get list of supported commands.
Use ""exit"" to quit this interactive shell.
Version 1.4.13-xxx

balance_switch false
false                                                                                                                                                                                                                                                                                                                                                       
0 row(s) in 0.3310 seconds

$ echo ""balance_switch false"" | hbase shell -n
false                                                                                                                                                                                                                                                                                                                                                       
0 row(s) in 0.4240 seconds

nil
{code}


{code:java}
hbase-2.4.9

$ echo ""balance_switch false"" | bin/hbase shell -n
Previous balancer state : false                                                                                                                                                                                                                                                                                                                             
Took 0.4340 seconds                                                                                                                                                                                                                                                                                                                                         
false

{code}

(TODO check old hbase-2 case)

In old version, :NULL is used for prompt_mode
{code:java}
$ echo ""irb_context.prompt_mode"" | hbase shell
HBase Shell
Use ""help"" to get list of supported commands.
Use ""exit"" to quit this interactive shell.
Version 1.4.13-xxx

irb_context.prompt_mode
:NULL
{code}

But it's now :CUSTOM

{code:java}
$ echo ""irb_context.prompt_mode"" | hbase shell
HBase Shell
Use ""help"" to get list of supported commands.
Use ""exit"" to quit this interactive shell.
For Reference, please visit: http://hbase.apache.org/2.0/book.html#shell
Version 2.4.12-xxx
Took 0.0028 seconds                                                                                                                                                         
hbase:001:0> irb_context.prompt_mode
=> :CUSTOM
hbase:002:0> 
{code}

We should keep using NULL prompt_mode for such case respecting previous behavior?",Major,,Open,03/Jun/22 11:01,,"graceful_stop cannot take previous balancer status by incompatibility of hbase shell prompt. {code:java}
graceful_stop.sh --failfast $(hostname -f)
2022-06-03T20:04:34 Set failfast, will exit immediately if any command exits with non-zero status
2022-06-03T20:04:34 Disabling load balancer
2022-06-03T20:04:42 Previous balancer state was hbase:002:0>
2022-06-03T20:04:42 Unloading myregionserver.example.com region(s)
2022-06-03T20:04:46 Unloaded myregionserver.example.com region(s)
2022-06-03T20:04:46 Stopping regionserver on myregionserver.example.com
running regionserver, logging to /var/log/hbase/hbase-hbase-regionserver.out
stopping regionserver.
2022-06-03T20:04:47 Restoring balancer state to hbase:002:0>
{code}

You can see wrong previous balancer state

{code:java}
2022-06-03T20:04:42 Previous balancer state was hbase:002:0>
{code}

this should be either of true or false, but it's ""hbase:002:0>""

This is because of the incompatibility of hbase shell prompt behavior.

graceful_stop perform `echo 'balance_switch false' | ""$bin""/hbase --config ""${HBASE_CONF_DIR}"" shell -n | tail -1`
https://github.com/apache/hbase/blob/d57159f31cb7be4d9ced0d7b95e2c78c43d160a1/bin/graceful_stop.sh#L118

However, hbase shell now always set prompt mode to CUSTOM.
https://github.com/apache/hbase/blob/d57159f31cb7be4d9ced0d7b95e2c78c43d160a1/hbase-shell/src/main/ruby/jar-bootstrap.rb#L206

(this breaking change is introduced in https://github.com/apache/hbase/pull/4018 in hbase2.4.10, https://issues.apache.org/jira/browse/HBASE-26469)

So the prompt is always shown even when `hbase shell -n` or just piping stdin.

{code:java}
$ echo ""balance_switch false"" | hbase shell
HBase Shell
Use ""help"" to get list of supported commands.
Use ""exit"" to quit this interactive shell.
For Reference, please visit: http://hbase.apache.org/2.0/book.html#shell
Version 2.4.12-xxx
Took 0.0022 seconds                                                                                                                                                         
hbase:001:0> balance_switch false
Previous balancer state : false                                                                                                                                             
Took 0.4308 seconds                                                                                                                                                         
=> false
hbase:002:0> 

$ echo ""balance_switch false"" | hbase shell -n
hbase:001:0> balance_switch false
Previous balancer state : false                                                                                                                                             
Took 0.5207 seconds                                                                                                                                                         
=> false
hbase:002:0> 
{code}

This is incompatible from old version.

{code:java}
hbase 1.4.x version:

$ echo ""balance_switch false"" | hbase shell
HBase Shell
Use ""help"" to get list of supported commands.
Use ""exit"" to quit this interactive shell.
Version 1.4.13-xxx

balance_switch false
false                                                                                                                                                                                                                                                                                                                                                       
0 row(s) in 0.3310 seconds

$ echo ""balance_switch false"" | hbase shell -n
false                                                                                                                                                                                                                                                                                                                                                       
0 row(s) in 0.4240 seconds

nil
{code}


{code:java}
hbase-2.4.9

$ echo ""balance_switch false"" | bin/hbase shell -n
Previous balancer state : false                                                                                                                                                                                                                                                                                                                             
Took 0.4340 seconds                                                                                                                                                                                                                                                                                                                                         
false

{code}

(TODO check old hbase-2 case)

In old version, :NULL is used for prompt_mode
{code:java}
$ echo ""irb_context.prompt_mode"" | hbase shell
HBase Shell
Use ""help"" to get list of supported commands.
Use ""exit"" to quit this interactive shell.
Version 1.4.13-xxx

irb_context.prompt_mode
:NULL
{code}

But it's now :CUSTOM

{code:java}
$ echo ""irb_context.prompt_mode"" | hbase shell
HBase Shell
Use ""help"" to get list of supported commands.
Use ""exit"" to quit this interactive shell.
For Reference, please visit: http://hbase.apache.org/2.0/book.html#shell
Version 2.4.12-xxx
Took 0.0028 seconds                                                                                                                                                         
hbase:001:0> irb_context.prompt_mode
=> :CUSTOM
hbase:002:0> 
{code}

We should keep using NULL prompt_mode for such case respecting previous behavior?",0
HBASE-13416310,13416310,Introduce a new parameter in jmx servlet to exclude the specific mbean,"There are many regionservers serving over a thousand regions in our company, and the metric load is pretty big.
I tried to exclude some huge mbean like 'Hadoop:service=HBase,name=RegionServer,sub=Regions' with regex, but didn't succeed.
So I want to propose a new parameter 'excl' in jmx servlet to exclude the splecific bean or beans.",Minor,Fixed,Resolved,09/Dec/21 15:35,14/Dec/21 14:57,"Introduce a new parameter in jmx servlet to exclude the specific mbean. There are many regionservers serving over a thousand regions in our company, and the metric load is pretty big.
I tried to exclude some huge mbean like 'Hadoop:service=HBase,name=RegionServer,sub=Regions' with regex, but didn't succeed.
So I want to propose a new parameter 'excl' in jmx servlet to exclude the splecific bean or beans.",0
HBASE-13341021,13341021,hbase.rsgroup.fallback.enable should support dynamic configuration ,Use update_config command to control the switch of RSGroup fallback.,Major,Fixed,Resolved,17/Nov/20 10:26,23/Nov/20 19:28,hbase.rsgroup.fallback.enable should support dynamic configuration . Use update_config command to control the switch of RSGroup fallback.,0
HBASE-13602530,13602530,Backport missing UI patches to branch-2,"While working on HBASE-28832, we noticed that some UI-related patches were not merged to branch-2.5, branch-2.6 or branch-2 which makes it harder to backport HBASE-28832 changes.

It was suggested to identify specific JIRAs that need to be backported. Reason: it's better/easier to do that work than to maintain and enhance divergence between the branches. 

 

The following Jira patches were backported to branch-2 in this Jira:
 * HBASE-24624 Optimize table.jsp code
 * HBASE-25402 Sorting order by start key or end key is not considering empty start key/end key
 * HBASE-28778 NPE may occur when opening master-status or table.jsp or procedure.jsp while Master is initializing
 * HBASE-20452 Master UI: Table merge button should validate required fields before submit",Major,Fixed,Resolved,18/Dec/24 07:30,24/Dec/24 06:14,"Backport missing UI patches to branch-2. While working on HBASE-28832, we noticed that some UI-related patches were not merged to branch-2.5, branch-2.6 or branch-2 which makes it harder to backport HBASE-28832 changes.

It was suggested to identify specific JIRAs that need to be backported. Reason: it's better/easier to do that work than to maintain and enhance divergence between the branches. 

 

The following Jira patches were backported to branch-2 in this Jira:
 * HBASE-24624 Optimize table.jsp code
 * HBASE-25402 Sorting order by start key or end key is not considering empty start key/end key
 * HBASE-28778 NPE may occur when opening master-status or table.jsp or procedure.jsp while Master is initializing
 * HBASE-20452 Master UI: Table merge button should validate required fields before submit",0
HBASE-13433873,13433873,Move ConnectionImplementation public configs to HConstants,"ConnectionImplementation has a few public static config constants, but the class itself is package-private so users cannot access them. Moving them to HConstants will make it easier for users to change these settings:
{code:java}
hbase.client.retries.by.server
hbase.resolve.hostnames.on.failure {code}
Note: AsyncConnectionImpl also separately defines the second config, so we can unify them both in HConstants.",Minor,,Open,15/Mar/22 12:43,,"Move ConnectionImplementation public configs to HConstants. ConnectionImplementation has a few public static config constants, but the class itself is package-private so users cannot access them. Moving them to HConstants will make it easier for users to change these settings:
{code:java}
hbase.client.retries.by.server
hbase.resolve.hostnames.on.failure {code}
Note: AsyncConnectionImpl also separately defines the second config, so we can unify them both in HConstants.",0
HBASE-13339946,13339946,Upgrade asciidoctor,"JRuby upgrade broke the site build as asciidoc depends on JRuby.
https://ci-hadoop.apache.org/job/HBase/job/hbase_generate_website/89/",Blocker,Fixed,Closed,11/Nov/20 09:48,12/Nov/20 15:19,"Upgrade asciidoctor. JRuby upgrade broke the site build as asciidoc depends on JRuby.
https://ci-hadoop.apache.org/job/HBase/job/hbase_generate_website/89/",1
HBASE-13328663,13328663,Should not use AssignmentManager to test whether a table is enabled or not,"Now in our code base sometimes we use AssignmentManager to test whether a table is enabled or not, it is just a delegation to the TableStateManager. Let's use TableStateManager directly.",Major,Fixed,Resolved,22/Sep/20 01:37,30/Dec/24 12:10,"Should not use AssignmentManager to test whether a table is enabled or not. Now in our code base sometimes we use AssignmentManager to test whether a table is enabled or not, it is just a delegation to the TableStateManager. Let's use TableStateManager directly.",0
HBASE-13414670,13414670,Support remove coprocessor by class name via alter table command,"With the shell, when operator wants to remove a table coprocessor, the flow is to

1. first use {{decs}} find the the mapping of coprocessor$# e.g. coprocessor$1, where # is the ordered number when the coprocessor was internally added to the table attribute 
2. issue {{table_att_unset}} with the target `coprocessor$#` that maps to a value that include the unique class name.

This task is to simplify the flow if the operator know exactly the class name of the added coprocessor, and create a new sub-method to {{alter}}, such that operator can do it only with the class name. 

NOTE that this logic has been added behind the scenes at [TableDescriptorBuilder#removeCoprocessor|https://github.com/apache/hbase/blob/358c4dc9022c507ee0159c1d4916aba41d42cde8/hbase-client/src/main/java/org/apache/hadoop/hbase/client/TableDescriptorBuilder.java#L1537-L1565] for removing `ConstraintProcessor` , and we are just exposing this logic with a new method to {{alter}} command. 
",Major,Fixed,Resolved,01/Dec/21 05:10,06/Dec/21 22:19,"Support remove coprocessor by class name via alter table command. With the shell, when operator wants to remove a table coprocessor, the flow is to

1. first use {{decs}} find the the mapping of coprocessor$# e.g. coprocessor$1, where # is the ordered number when the coprocessor was internally added to the table attribute 
2. issue {{table_att_unset}} with the target `coprocessor$#` that maps to a value that include the unique class name.

This task is to simplify the flow if the operator know exactly the class name of the added coprocessor, and create a new sub-method to {{alter}}, such that operator can do it only with the class name. 

NOTE that this logic has been added behind the scenes at [TableDescriptorBuilder#removeCoprocessor|https://github.com/apache/hbase/blob/358c4dc9022c507ee0159c1d4916aba41d42cde8/hbase-client/src/main/java/org/apache/hadoop/hbase/client/TableDescriptorBuilder.java#L1537-L1565] for removing `ConstraintProcessor` , and we are just exposing this logic with a new method to {{alter}} command.",0
HBASE-13297747,13297747,Remove 2.1.10 from download page,,Major,Fixed,Closed,11/Apr/20 06:28,29/Apr/20 14:07,Remove 2.1.10 from download page.,0
HBASE-13369896,13369896,Backport HBASE-25629 to branch-1,"HBASE-25629 recently fixed an issue where TestCurrentHourProvider consistently failed on certain OSes due to quirks in time zone implementations. This test is also failing in branch-1, so in order to expedite a potential 1.7.0 release we should backport to branch-1 as well. ",Major,Fixed,Resolved,06/Apr/21 22:39,07/Apr/21 08:08,"Backport HBASE-25629 to branch-1. HBASE-25629 recently fixed an issue where TestCurrentHourProvider consistently failed on certain OSes due to quirks in time zone implementations. This test is also failing in branch-1, so in order to expedite a potential 1.7.0 release we should backport to branch-1 as well.",0
HBASE-13302359,13302359,Undo core of parent TestSecureRESTServer change; use fix over in HBASE-24280 instead,"Parent issue puts in a place that makes TestSecureRESTServer pass up on jenkins by shoving into the dependency list the jersey1 ServletContainer. Root issue was change in how we specified profiles in nightlies; both hadoop3 and hadoop2 were mistakenly active (HBASE-24280). This issue is about undoing the dependency insertion after fix for HBASE-24280 goes in.

Don't want to revert the parent. It has cleanups that should stay.",Major,Fixed,Resolved,01/May/20 21:01,04/May/20 17:15,"Undo core of parent TestSecureRESTServer change; use fix over in HBASE-24280 instead. Parent issue puts in a place that makes TestSecureRESTServer pass up on jenkins by shoving into the dependency list the jersey1 ServletContainer. Root issue was change in how we specified profiles in nightlies; both hadoop3 and hadoop2 were mistakenly active (HBASE-24280). This issue is about undoing the dependency insertion after fix for HBASE-24280 goes in.

Don't want to revert the parent. It has cleanups that should stay.",0
HBASE-13329892,13329892,RegionMonitor support RegionTask count normalize,"large count of region task from canary may affect user normal request, meanwhile if region task is few, the  availability monitoring may shake for occasional exception.

so , if the task count is large , we will randomly trim tasks for each table, according to the raito of the table region count in whole tasks region count. If the task count is few,  we will repeat tasks",Minor,,Open,29/Sep/20 09:01,,"RegionMonitor support RegionTask count normalize. large count of region task from canary may affect user normal request, meanwhile if region task is few, the  availability monitoring may shake for occasional exception.

so , if the task count is large , we will randomly trim tasks for each table, according to the raito of the table region count in whole tasks region count. If the task count is few,  we will repeat tasks",0
HBASE-13309741,13309741,Make PE to have both read and write ability to go in parallel as in YCSB,Currently we can either run pure writes or pure reads in case of PE. The case where few threads can do write and few can do reads is not available. We can improve the PE to atleast support writes and either Scans or Gets in parallel. ,Major,,Open,05/Jun/20 14:12,,Make PE to have both read and write ability to go in parallel as in YCSB. Currently we can either run pure writes or pure reads in case of PE. The case where few threads can do write and few can do reads is not available. We can improve the PE to atleast support writes and either Scans or Gets in parallel.,0
HBASE-13434735,13434735,RSRpcServices.scan should deep clone cells when RpcCallContext is null,"When inspect HBASE-26812, I find that if {{RpcCallContext}} is null,  {{RSRpcServices.scan}}  does not set {{ServerCall.rpcCallback}} and directly closes {{RegionScannerImpl}},  but it does not deep clone the result cells , so these cells may be returned to the {{ByteBuffAllocator}} and may be overwritten before the caller reads them, similar as HBASE-26036, and at the same time, if {{RpcCallContext}} is null, when {{RSRpcServices.scan}} return partial results, it does not invoke {{RegionScannerImpl.shipped}} to release the used resources such as {{HFileScanner}}, pooled {{ByteBuffer}} etc.

No matter {{ShortCircuitingClusterConnection}} should be removed or not, I think  this {{RSRpcServices.scan}} problem should fix for future maintainability.",Major,Fixed,Resolved,20/Mar/22 11:41,23/Mar/22 11:46,"RSRpcServices.scan should deep clone cells when RpcCallContext is null. When inspect HBASE-26812, I find that if {{RpcCallContext}} is null,  {{RSRpcServices.scan}}  does not set {{ServerCall.rpcCallback}} and directly closes {{RegionScannerImpl}},  but it does not deep clone the result cells , so these cells may be returned to the {{ByteBuffAllocator}} and may be overwritten before the caller reads them, similar as HBASE-26036, and at the same time, if {{RpcCallContext}} is null, when {{RSRpcServices.scan}} return partial results, it does not invoke {{RegionScannerImpl.shipped}} to release the used resources such as {{HFileScanner}}, pooled {{ByteBuffer}} etc.

No matter {{ShortCircuitingClusterConnection}} should be removed or not, I think  this {{RSRpcServices.scan}} problem should fix for future maintainability.",0
HBASE-13548121,13548121,Replication stuck after switching to new WAL but the queue is empty,"When the speed of consuming replication WALs is high, and there are something wrong when creating new WAL, the swith of replcation source reader to new WAL in the queue may happen before the new WAL is created, then the replcation will stuck since it can not consume the new WALs soon afterwards anymore. Restarting the RS that replication stucking can make the replication recover.

 

 ",Blocker,Fixed,Resolved,22/Aug/23 01:13,28/Sep/23 01:07,"Replication stuck after switching to new WAL but the queue is empty. When the speed of consuming replication WALs is high, and there are something wrong when creating new WAL, the swith of replcation source reader to new WAL in the queue may happen before the new WAL is created, then the replcation will stuck since it can not consume the new WALs soon afterwards anymore. Restarting the RS that replication stucking can make the replication recover.",1
HBASE-13329880,13329880,HFilePrettyPrinter can't seek to the row which is the first row of a hfile,"This issue can be reproduced by below steps:
 * make a hfile contains two rows '000' and '001';

{code:java}
D:\bin>hbase hfile -p -f /hbase/data/default/test2/df76e4acab5398e70be332f6807ec3ba/f1/fda213c556d540a58d29d6bd85931dcd
K: 000/f1:a/1601282789548/Put/vlen=4/seqid=4 V: aaaa
K: 001/f1:a/1601282792779/Put/vlen=4/seqid=5 V: aaaa
Scanned kv count -> 2{code}
 * '001' can be seeked to;

{code:java}
D:\bin>hbase hfile -e -w 001 -f /hbase/data/default/test2/df76e4acab5398e70be332f6807ec3ba/f1/fda213c556d540a58d29d6bd85931dcd
K: 001/f1:a/1601282792779/Put/vlen=4/seqid=5
Scanned kv count -> 1{code}
 * but '000' can't be seeked to;

{code:java}
D:\bin>hbase hfile -e -w 000 -f /hbase/data/default/test2/df76e4acab5398e70be332f6807ec3ba/f1/fda213c556d540a58d29d6bd85931dcd
Scanned kv count -> 0{code}
 In HFilePrettyPrinter we use ""scanner.seekTo(PrivateCellUtil.createFirstOnRow(this.row))"" to seek to row.But this method will retrurn -1 when the row is the first row of hfile.",Major,Fixed,Resolved,29/Sep/20 08:02,04/Oct/20 10:55,"HFilePrettyPrinter can't seek to the row which is the first row of a hfile. This issue can be reproduced by below steps:
 * make a hfile contains two rows '000' and '001';

{code:java}
D:\bin>hbase hfile -p -f /hbase/data/default/test2/df76e4acab5398e70be332f6807ec3ba/f1/fda213c556d540a58d29d6bd85931dcd
K: 000/f1:a/1601282789548/Put/vlen=4/seqid=4 V: aaaa
K: 001/f1:a/1601282792779/Put/vlen=4/seqid=5 V: aaaa
Scanned kv count -> 2{code}
 * '001' can be seeked to;

{code:java}
D:\bin>hbase hfile -e -w 001 -f /hbase/data/default/test2/df76e4acab5398e70be332f6807ec3ba/f1/fda213c556d540a58d29d6bd85931dcd
K: 001/f1:a/1601282792779/Put/vlen=4/seqid=5
Scanned kv count -> 1{code}
 * but '000' can't be seeked to;

{code:java}
D:\bin>hbase hfile -e -w 000 -f /hbase/data/default/test2/df76e4acab5398e70be332f6807ec3ba/f1/fda213c556d540a58d29d6bd85931dcd
Scanned kv count -> 0{code}
 In HFilePrettyPrinter we use ""scanner.seekTo(PrivateCellUtil.createFirstOnRow(this.row))"" to seek to row.But this method will retrurn -1 when the row is the first row of hfile.",0
HBASE-13371123,13371123,Introduce RegionSplitRestriction that restricts the pattern of the split point,"As discussed in HBASE-25706, we can introduce RegionSplitRestriction that restricts the pattern of the split point.

See the following comment for the details:
https://issues.apache.org/jira/browse/HBASE-25706?focusedCommentId=17310190&page=com.atlassian.jira.plugin.system.issuetabpanels%3Acomment-tabpanel#comment-17310190

CC: [~zhangduo] [~stack]",Major,Fixed,Resolved,11/Apr/21 12:34,22/Apr/21 05:16,"Introduce RegionSplitRestriction that restricts the pattern of the split point. As discussed in HBASE-25706, we can introduce RegionSplitRestriction that restricts the pattern of the split point.

See the following comment for the details:
https://issues.apache.org/jira/browse/HBASE-25706?focusedCommentId=17310190&page=com.atlassian.jira.plugin.system.issuetabpanels%3Acomment-tabpanel#comment-17310190

CC: [~zhangduo] [~stack]",0
